"","baseMean","log2FoldChange","lfcSE","stat","pvalue","padj"
"dnaA",9782.36597469198,-1.45776975719666,0.178469788435178,-8.16815983241969,3.13128889750161e-16,8.58222185309351e-16
"dnaN",8731.27133137932,-0.254538752670311,0.0983127212604745,-2.58907239477101,0.00962348602785704,0.0136347982473102
"rlbA",447.77882271498,-1.59718319335436,0.268215109828706,-5.95485912174893,2.60295953000009e-09,5.5140668017418e-09
"recF",7872.62564276231,-2.75919436466148,0.113684465944785,-24.2706366409073,4.00447122948027e-130,5.93810434905401e-129
"remB",1431.61495998957,-1.62248904999052,0.128866015725784,-12.5905114769983,2.38125368117917e-36,1.11201179621279e-35
"gyrB",29384.5241365557,0.215384688213405,0.0837780047274489,2.5708978020437,0.0101435255606911,0.0143334100747503
"gyrA",52201.7844052359,-0.264375833723631,0.0880469363946297,-3.00266930968147,0.00267623062068292,0.00400519918382864
"pgaptmp_000013",31.2276679410508,-1.49630789315487,0.74338383048199,-2.01283352125739,0.0441321461352386,0.0584060860327784
"guaB",23517.8961019491,0.676529491585761,0.0944860565392113,7.16009871049073,8.0618989041914e-13,1.95992081785764e-12
"dacA",4913.94069163264,0.836581360829384,0.1711486531728,4.88803940504709,1.01845148396499e-06,1.8830980741767e-06
"pdxS",31921.1701216728,0.742738498948421,0.0925570527395438,8.02465589562896,1.01810921916842e-15,2.74594385053976e-15
"pdxT",32826.3258017097,0.781165249047839,0.10661246206468,7.32714763283411,2.35102792261888e-13,5.85319460066051e-13
"serS",12231.6126616258,1.22200916601996,0.0834639369801257,14.6411637197386,1.53419652258369e-48,8.9925660741047e-48
"pgaptmp_000019",5659.90820117554,1.575912299629,0.118166891519268,13.3363269471469,1.42299944996281e-40,7.28528741782886e-40
"dck",2598.67009149201,-0.0877654807540196,0.12122087261093,-0.72401294318109,0.46905778894214,0.524274201334128
"pgaptmp_000022",1933.21670811993,-1.66552417749598,0.144390920897804,-11.5348262005669,8.80648487831857e-31,3.63792860345191e-30
"pgaptmp_000023",967.19265278383,-0.750052428008632,0.178515474079056,-4.20161015104198,2.65023240080999e-05,4.4980232539055e-05
"pgaptmp_000024",1063.25058465849,-1.25816149951146,0.169819268211221,-7.40882652931093,1.27421846980307e-13,3.20665391792225e-13
"tadA",756.955884855243,-4.0823666468333,0.201869802503055,-20.222770301524,6.17181592466159e-91,6.34571792032885e-90
"dnaX",9373.64369784099,-1.0579679463866,0.0835300409125244,-12.6657180438179,9.15785509614943e-37,4.30917024878233e-36
"pgaptmp_000028",1152.32021152304,-0.0534688622619167,0.151976521994331,-0.351823173476172,0.724970878367753,0.764186238823216
"recR",3124.39732964058,-0.520327884850992,0.096522005967806,-5.39076948964926,7.01566195137314e-08,1.38526757469553e-07
"pgaptmp_000030",396.394426364483,-0.947304910371058,0.190221312962834,-4.98001457153303,6.35794859318667e-07,1.18856276563741e-06
"pgaptmp_000031",333.960441845695,-1.69181070886999,0.27315474261335,-6.1935981513041,5.88060401098801e-10,1.27997708356125e-09
"pgaptmp_000037",7.857417763157,-6.57575805773021,2.12335238336473,-3.09687553947597,0.00195571967100667,0.00295781739759725
"pgaptmp_000038",1841.68037660004,-1.19070031495225,0.134169634591328,-8.87458863981441,7.01923647069484e-19,2.0900478515141e-18
"pgaptmp_000039",4025.04455348105,-0.477026915025139,0.125856340138263,-3.79024937878447,0.000150496113349609,0.00024578610525987
"pgaptmp_000040",3526.82645099253,-0.773011233987254,0.0973458120755618,-7.94087816933744,2.00754788556008e-15,5.36402959802916e-15
"tmk",908.895285035716,-0.00128584497655384,0.146815829589261,-0.00875821755835988,0.993012042766957,0.994818383417557
"darA",4128.89245621747,-0.341872788068193,0.0922873099944048,-3.70443984215078,0.000211858376947318,0.000342098429066342
"pgaptmp_000043",7001.50894222187,0.0667724039120255,0.11845523950306,0.56369312317587,0.572962998292063,0.623011475209774
"holB",13493.7662439959,-0.467403811754196,0.0983308807975102,-4.7533776567781,2.00046175087531e-06,3.64271948960758e-06
"ricT",12489.8060123723,-0.733052534559462,0.085278044168912,-8.59602892753367,8.2522009216589e-18,2.37729812928904e-17
"yabA",2342.88678578777,-0.574340843553777,0.139027433845701,-4.13113317038711,3.60979375215094e-05,6.07673104726631e-05
"pgaptmp_000047",1301.56031295847,-0.0246762610154109,0.123613347162713,-0.199624567911176,0.841774212089444,0.871511437384398
"pgaptmp_000048",163.540014615358,0.410768862860706,0.294794117481126,1.39340929313831,0.163496057104134,0.200835750673791
"rsmI",1534.85715655181,1.20589408067709,0.14066818407299,8.57261425974881,1.01161902731339e-17,2.89411684831701e-17
"abrB",8470.29262496307,-1.34168509966425,0.111866206499132,-11.9936586897193,3.83580508934069e-33,1.66397045950187e-32
"metG",14429.1872867105,0.392706882717296,0.0942891895032874,4.16491948638083,3.11462460287814e-05,5.26698444884709e-05
"pgaptmp_000052",2828.45898818181,0.934206161116931,0.112287205621932,8.31979169792839,8.81180362315712e-17,2.45674405134013e-16
"pgaptmp_000053",2499.07775050097,-1.85269345881851,0.184227720324195,-10.0565401100238,8.59665875768071e-24,2.94901049733526e-23
"rnmV",1251.44093907198,-1.35125124370184,0.152717425107839,-8.84804888995265,8.90626363610793e-19,2.63506464654958e-18
"rsmA",3538.02754098847,-0.804152581079264,0.0918278404605809,-8.75717622287398,2.0020253043188e-18,5.86735289974376e-18
"yabG",110.661681776839,-1.42140162569261,0.399823712721996,-3.55507084863907,0.000377877252674268,0.000600794162517568
"veg",23326.8742270284,0.43625346913757,0.155303898953373,2.80903101646241,0.00496908589956166,0.00723589112604402
"pgaptmp_000058",908.72232231094,-1.43320055486845,0.150832681273181,-9.50192320902065,2.06049105742213e-21,6.60563972069352e-21
"ispE",4734.75035027474,-0.349487005735934,0.108507865126419,-3.22084491597689,0.00127813290971375,0.00195850584189155
"purR",6901.37551385302,0.146253126088523,0.103406443453471,1.41435215450893,0.157258530734902,0.193556961440247
"ridA",3964.7465002905,0.61374314466567,0.136560393071272,4.49429831638924,6.97997212285679e-06,1.22718262830765e-05
"spoVG",9522.94298830462,1.50367832118844,0.153661713082104,9.78564074959253,1.29770693667557e-22,4.33189705677711e-22
"glmU",13610.4992248091,-0.812156696110356,0.113211602447129,-7.17379383875116,7.29474369918912e-13,1.77573813266069e-12
"pgaptmp_000064",12563.3678283361,0.409490405058523,0.0818942123431457,5.00023619914327,5.72601234571047e-07,1.07420453380718e-06
"pgaptmp_000065",11377.9122648737,1.30598693825717,0.119722662753683,10.9084354475485,1.0504868021141e-27,4.03499677757347e-27
"pth",2689.94036443364,-0.114501141207688,0.111462835625641,-1.0272584630114,0.304298775641539,0.356949272908228
"pgaptmp_000067",655.073717446209,0.18998420714698,0.192753469622713,0.985633138115992,0.324313170481829,0.376863446935176
"mfd",13053.4711687428,0.590927106132314,0.0785577143637761,7.52220340062233,5.38607033571558e-14,1.37969399790319e-13
"spoVT",2179.84713892144,0.0629700584666686,0.109490329224101,0.575119820288272,0.565210264137,0.615661307138785
"pgaptmp_000070",3547.63372331936,-2.10207429539266,0.110074856790592,-19.096770658459,2.68594766003845e-81,2.50553814302334e-80
"mazG",7200.60183951244,-1.54099175050732,0.141478013188186,-10.8920935188536,1.25716603691421e-27,4.82388864886051e-27
"pgaptmp_000072",4583.35516171923,-0.966501708418712,0.119290315956215,-8.10209697804358,5.40198539170113e-16,1.47190260819265e-15
"yabP",5809.19008556521,-0.874382730945788,0.12439628493008,-7.02901000168341,2.0800407039504e-12,4.99156125087258e-12
"yabQ",9118.90121184593,-0.850503529220676,0.102292327667278,-8.31444105942207,9.2185704132385e-17,2.56630658773924e-16
"divIC",6186.25339354869,-0.472777043740388,0.102048084018549,-4.63288505891452,3.60604770756124e-06,6.47765905769446e-06
"pgaptmp_000076",6191.98912103475,-0.331670423016319,0.0861201809694527,-3.85125088315786,0.000117516032886821,0.000193110231525275
"spoIIE",470.556793743167,-0.537725524065429,0.189065489616054,-2.84412308749428,0.00445338403991995,0.00651808706118051
"pgaptmp_000080",145.596840837574,-0.589491117691054,0.361750250356763,-1.6295527566593,0.103196056168732,0.13020193934238
"pgaptmp_000081",63.9467056015261,-0.887512212709936,0.49815424957316,-1.78160120779938,0.0748142873439568,0.0960533899600577
"tilS",9829.93551434495,-2.66069135573851,0.133307619716935,-19.9590343101783,1.2510646814785e-88,1.25850344444945e-87
"hpt",7158.08246730559,-1.30360457958955,0.137774864504748,-9.46184621030507,3.02553315198832e-21,9.66612394137385e-21
"ftsH",116013.560849282,-0.588667115302487,0.0700503575435652,-8.40348480643211,4.33420911471768e-17,1.21566890165631e-16
"pgaptmp_000085",2813.14581726443,-1.7617717838375,0.104268387118998,-16.8965094072746,4.77340505414167e-64,3.52512174831652e-63
"hslO",7572.70795193576,-0.783762282960246,0.102297014758473,-7.66163396664835,1.83582241869973e-14,4.76827009239386e-14
"pgaptmp_000087",1603.71186320215,-1.59661767348009,0.142218641829209,-11.2265006397507,3.02211865982366e-29,1.20174419357518e-28
"cysK",18456.4125668394,0.905503468989381,0.0809271825887595,11.1891139666977,4.61017315092469e-29,1.82737640764022e-28
"pabB",1742.50960630737,-0.325831742479314,0.110773405593912,-2.94142570351038,0.00326705204775626,0.0048523414691735
"pabA",6153.52588213272,-1.16819205632879,0.0964159241636297,-12.1161734066484,8.67141485821132e-34,3.81952734938018e-33
"pabC",4494.32262287864,-1.34935828852564,0.110169283516299,-12.2480445134783,1.72095590778131e-34,7.70806003461136e-34
"folP",5048.02457487795,-0.63066027279796,0.0911436852188082,-6.91940721163443,4.53537432484376e-12,1.07863662856668e-11
"folB",2844.74788853148,-0.136346943505356,0.107555241118745,-1.26769223040302,0.204907880498755,0.247458511102
"folK",4187.13591389711,-0.245205103011,0.0857088620316677,-2.86090722941113,0.00422430643389755,0.00619986930085437
"pgaptmp_000095",1150.90912270185,-0.897205361569394,0.141800809738865,-6.32722311827168,2.49612309112655e-10,5.51369148081484e-10
"dusB",8432.87004464453,-1.3263804520825,0.12615762568389,-10.5136764019797,7.4722615759664e-26,2.7159919517331e-25
"lysS",18423.0631527803,0.942574744836839,0.114845290366287,8.20734347773943,2.26135967181476e-16,6.21623389844502e-16
"ctsR",1101.9561253641,0.382343382516795,0.159027233951883,2.40426355294892,0.0162050855724584,0.022347287328896
"pgaptmp_000114",1728.04378795329,0.753038826544166,0.129637072190147,5.80882315391724,6.29135000451881e-09,1.30599022402783e-08
"pgaptmp_000115",5662.78190121855,0.800152709944218,0.120464461415492,6.64223041835072,3.08971437013026e-11,7.06383101082607e-11
"clpC",53105.2132694272,0.980803881315615,0.0879560074503602,11.1510732438504,7.0747840384642e-29,2.78649166044061e-28
"radA",15593.0787471985,-0.958688599965912,0.0833120220907979,-11.507205993885,1.21346349666039e-30,4.99614063558626e-30
"disA",10670.1145199593,-1.54691934420299,0.0920762539739916,-16.8004157145657,2.4233956571838e-63,1.77906876450456e-62
"pgaptmp_000119",9977.46967564323,-1.74969952667662,0.087835638948676,-19.9201548211996,2.72148138235846e-88,2.73028401755747e-87
"ispD",3184.65203220606,-0.851392469471554,0.10119222055802,-8.41361583703356,3.97561286745308e-17,1.11677215793663e-16
"ispF",1396.88922944466,0.807667532297618,0.13840771671471,5.83542270235122,5.36543667407535e-09,1.11877620733381e-08
"gltX",45692.9957468246,0.468765526355819,0.0895965968706006,5.23195682345872,1.67724932791682e-07,3.22788107471892e-07
"cysE",1529.77887047933,1.57334241600226,0.109903343189181,14.3156920467288,1.74617187900521e-46,9.90739593545336e-46
"cysS",8256.36425933407,1.62374936243076,0.108168188415426,15.0113391581883,6.18855318865762e-51,3.79469439344047e-50
"pgaptmp_000125",603.543883050248,1.79432956897866,0.251678259980042,7.12945794015323,1.00764962951767e-12,2.44330418310409e-12
"rlmB",3533.43058485415,1.6622735988649,0.104400150379586,15.9221379741416,4.44910637926495e-57,3.00536732189186e-56
"rae1",3086.69837988572,1.60665853055637,0.108726129936757,14.777115045766,2.05794048474314e-49,1.22947905043563e-48
"sigH",7079.81084231039,0.650701801181835,0.0943886871421207,6.89385371153723,5.4300865804698e-12,1.28649155012786e-11
"rpmG",2886.67915455602,0.483298598826996,0.0921678258069359,5.24368015189338,1.57404970937526e-07,3.03869969828564e-07
"secE",1551.43355126944,0.690373241631299,0.192604971115228,3.58439991259767,0.000337854088825822,0.000538540864500947
"nusG",1519.45855265658,1.88672552149092,0.13958036794166,13.5171267228605,1.2392202839177e-41,6.4149901206421e-41
"rplK",75334.4334454872,-1.05747617108226,0.120916622673503,-8.74549873872705,2.22032709168654e-18,6.49690049941611e-18
"rplA",75275.4703976145,-0.872604650442486,0.113966937136996,-7.65664737829669,1.9084971500782e-14,4.94667576085728e-14
"rplJ",155475.973069681,-1.33362838125786,0.0892248964947236,-14.9468190342672,1.63368477500945e-50,9.95184080619507e-50
"rplL",110235.90804912,-1.10501515315429,0.0934184491357026,-11.8286608627928,2.77534087866322e-32,1.18597230199592e-31
"pgaptmp_000136",1750.51138333857,-0.488989386387444,0.179680070811851,-2.72144475554821,0.00649972480345224,0.0093369261746234
"rpoB",97575.4140182953,0.848744054145196,0.0931382663125905,9.11273193873549,8.03331134966885e-20,2.460904102343e-19
"rpoC",202999.193649399,0.314623165104214,0.100871417328846,3.11905169408421,0.00181434126467771,0.00275290197056248
"pgaptmp_000139",32009.5239934781,-0.857170211683474,0.133769081255928,-6.40783508143805,1.47600437696618e-10,3.29160472802164e-10
"rpsL",57709.9700876353,0.0353066108921844,0.10266311179798,0.343907468552682,0.730915874995036,0.769581014634095
"rpsG",68131.3313668444,0.212105773429335,0.0791690311758589,2.67915080277012,0.00738091442164622,0.0105336516400948
"fusA",387679.528574089,0.160015768488591,0.099229042779983,1.61259006441681,0.106833598473889,0.134426860554366
"tuf",586154.309507839,0.66877735951089,0.0918776220430912,7.27900161801346,3.36299650712024e-13,8.32805921457189e-13
"pgaptmp_000144",569.922286128085,-0.906034340886277,0.209518070136822,-4.3243732642946,1.52966110866536e-05,2.63217690543341e-05
"rpsJ",21539.5830142487,0.554235881713239,0.0839825633824645,6.59941610961785,4.12780244225839e-11,9.39674659944081e-11
"rplC",62186.8145759259,0.405295849608267,0.0696689642771769,5.81745191439626,5.97514426232832e-09,1.24381918033479e-08
"rplD",69433.3115819677,0.0984572103715325,0.079187119370083,1.2433488066587,0.213739326240708,0.257458946421482
"rplW",38636.0722072823,0.0954336096062015,0.071989317813103,1.3256634804342,0.184951189069252,0.224376898864327
"rplB",133875.207206967,0.232600947494696,0.0749326391634452,3.10413392737096,0.00190836924655638,0.00288737818523693
"rpsS",40566.2441827498,0.397312472336661,0.0912815132108947,4.35260611224443,1.34528722428455e-05,2.32350767925155e-05
"rplV",47978.7912901946,0.246918852850461,0.0757530701727652,3.25952271356565,0.00111599844130762,0.00171926581065686
"rpsC",93751.1390560171,0.346835577888701,0.07298401230994,4.7522130794317,2.01202170330526e-06,3.66197788738493e-06
"rplP",54837.4020426702,0.337022137496211,0.0788160056144934,4.2760621382497,1.90228148250624e-05,3.24933073790188e-05
"rpmC",20779.7311086088,0.351637912443158,0.0776722086287279,4.52720372770629,5.97693121339015e-06,1.05833196842237e-05
"rpsQ",47393.2367157611,0.248255845031874,0.0715715430929731,3.46863899118934,0.00052310186035435,0.000822582542832851
"rplN",41209.8086863361,0.126164595708475,0.108958673148177,1.15791237230742,0.24689979800575,0.293504007721942
"rplX",22056.4399418026,0.424475206739132,0.0933271806731592,4.54824847035383,5.40942460785649e-06,9.60127724866088e-06
"rplE",100551.272375266,-0.177402371299247,0.101150186265889,-1.75385115785074,0.0794560145183673,0.101557447128215
"rpsN",43611.4557023441,-0.105881073055414,0.0794938033692596,-1.33194121513574,0.182879506185978,0.222169551619638
"rpsH",75412.7361024346,-0.0157811174906345,0.0870115343439598,-0.181368109522712,0.856078648650178,0.883778315869832
"rplF",120111.393572466,-0.189595018440029,0.0755716496038337,-2.50881143171991,0.012113813193053,0.0169587189088882
"rplR",60989.3390391291,-0.155117900014372,0.105224034444214,-1.47416795823972,0.140436374658561,0.17406066815823
"rpsE",96913.9011763656,-0.137042647959873,0.0970501355851121,-1.41208095314496,0.157926126303118,0.194250179147458
"rpmD",41829.3529927351,-0.0448867828077072,0.0879503471522806,-0.510365044153703,0.609795741600756,0.657872391373337
"rplO",136302.42989653,-0.325275285345717,0.0790380411345659,-4.11542695993593,3.86463365925064e-05,6.4998492904342e-05
"secY",268772.860907698,-1.10359533191443,0.097082342499266,-11.3676215829132,6.0616851028476e-30,2.46305589004353e-29
"pgaptmp_000167",95073.710119389,-1.11812747654996,0.0850041106763439,-13.1538047707748,1.61822177490001e-39,8.17234931638782e-39
"map",104941.129545401,-0.817874011620218,0.0862359780535347,-9.48413910389568,2.4439200801785e-21,7.8213848137785e-21
"pgaptmp_000169",27146.9719472545,-0.778060625189335,0.0963480088310853,-8.07552366290631,6.71876761790915e-16,1.82401554149218e-15
"infA",18802.8588506316,-0.74872747921941,0.0975800135575076,-7.67295936865347,1.68072741778623e-14,4.37459262167858e-14
"rpmJ",15419.1711189531,-0.253556626585135,0.139738841027329,-1.81450357481887,0.0696002328748885,0.089761630894087
"rpsM",65185.5104693937,-0.341499915317263,0.0715344184116418,-4.77392453730617,1.80670103143785e-06,3.29311520029954e-06
"rpsK",114720.547245983,-0.739439213619413,0.0815833802019379,-9.06360108871596,1.26213342808227e-19,3.83482499536508e-19
"pgaptmp_000174",221437.50558109,-0.572892589911743,0.0779280370673037,-7.35155935490786,1.95907735043023e-13,4.89374892503444e-13
"rplQ",64314.6168218851,-0.431270543966959,0.0922412382612567,-4.67546351389454,2.93290420810663e-06,5.2991599332878e-06
"pgaptmp_000176",2517.23026193466,-1.5161086468283,0.152908880519573,-9.91511180826566,3.57855560205961e-23,1.21527225829068e-22
"pgaptmp_000177",2937.57094810338,-1.40501236568558,0.102458732169834,-13.7129587291462,8.49229138881875e-43,4.4962032075652e-42
"pgaptmp_000178",4065.92657092315,-1.45149111461241,0.0915714297356164,-15.8509168067282,1.38544789643729e-56,9.27452710528703e-56
"truA",9400.24936883697,-1.68879851042942,0.119767613186257,-14.1006275862163,3.76407296754762e-45,2.08170573331534e-44
"rplM",45987.1583919954,-1.11066876969673,0.0882425547868885,-12.5865436736172,2.50399446344739e-36,1.16644147596385e-35
"rpsI",65356.9544909023,-0.563024539656454,0.0899352739175516,-6.26033051472783,3.84162388267572e-10,8.41584702255388e-10
"pgaptmp_000182",879.164070918688,1.27335710011278,0.170100921911778,7.48589182116953,7.10629127980485e-14,1.80790267555937e-13
"pgaptmp_000183",697.483907542496,-0.458156719965898,0.186767884622793,-2.45308084358945,0.0141638502381607,0.0196488447955401
"pgaptmp_000184",54.5352381454694,-0.428524598352723,0.522375530677001,-0.820338191946613,0.412023339903529,0.467261081999066
"cwlD",69.3241695573187,-1.0540752017736,0.425555447306343,-2.47693974650219,0.0132514270723205,0.0184587618125661
"pgaptmp_000186",38194.3671016021,-1.1124770825641,0.0735264074462053,-15.1303065280054,1.0221817085195e-51,6.38349046830464e-51
"gerD",10.3230693435638,-1.02422472727353,1.29885881790108,-0.788557396044517,0.430370739907746,0.485112021180082
"kbaA",2464.90457772946,1.25313417138813,0.115371602836813,10.8617210871259,1.75411628403369e-27,6.68251874019794e-27
"pdaB",65.5276603665938,-2.35551920484563,0.497835318094854,-4.73152289367471,2.22841679523545e-06,4.04988638274724e-06
"pgaptmp_000201",2556.76295606964,1.26506732705404,0.109685794212628,11.5335567029007,8.93735304533653e-31,3.68789667790937e-30
"pgaptmp_000202",1744.27268727155,0.552244376860705,0.122618169182822,4.50377281394015,6.67575721550893e-06,1.17591899461071e-05
"pgaptmp_000203",845.815855135208,1.35235198539489,0.163698647617876,8.26122881938344,1.44180392411114e-16,3.99880343184922e-16
"pgaptmp_000204",1345.63758520641,1.71342552884041,0.16620116341241,10.3093473815748,6.39339909195856e-25,2.25129909368683e-24
"pgaptmp_000205",243.639014186746,-1.09637633384811,0.287200898104514,-3.81745440590206,0.000134835694918168,0.000220694132139587
"pgaptmp_000206",976.527081322536,0.306095545904005,0.146923850714336,2.08336185320345,0.0372182526417072,0.0496332269195393
"pgaptmp_000207",2057.57038582527,-0.00763602509240887,0.153349487102383,-0.0497949177183142,0.960285816734068,0.966915637106013
"feuC",3476.31256887523,-0.637977822926159,0.0983076013678899,-6.48960827086705,8.60598417870006e-11,1.93310036892707e-10
"pgaptmp_000209",3415.87326482342,-1.75483026429846,0.113194196244897,-15.5028289657348,3.31948544155019e-54,2.14871735886084e-53
"pgaptmp_000210",9583.55787084132,-0.572980148659064,0.0919240186356424,-6.2331929909437,4.57022556187351e-10,9.98261710169789e-10
"pgaptmp_000211",4098.31288444336,-0.119074820149472,0.107783295442707,-1.10476136084341,0.269263007290818,0.318461046436742
"pgaptmp_000212",1098.65644594075,4.95155309763333,0.178045262773148,27.8106421957557,3.22540085921417e-170,6.78245310621193e-169
"pgaptmp_000213",2042.91068198414,3.13159601479733,0.152830572526023,20.490638509282,2.60948587657028e-93,2.77500183788416e-92
"pbp4b",1643.63714143077,2.33959312999415,0.130528854852231,17.923953539949,7.66798048176471e-72,6.28639280905909e-71
"pgaptmp_000215",1550.26268471837,2.26778661349093,0.158112268966009,14.342888305388,1.18038766607071e-46,6.7074853330003e-46
"murQ",3508.02037866588,1.79418653810936,0.102754985165419,17.4608223165135,2.84801948382328e-68,2.231648109219e-67
"pgaptmp_000217",360.538363093206,1.11139834578629,0.209096035872476,5.31525306612752,1.06509197665739e-07,2.0766224919428e-07
"pgaptmp_000218",351.842660206912,0.0203858389067302,0.198278150331618,0.102814348795544,0.918110316926194,0.933175245451167
"sigW",185989.548795313,-0.170594152517175,0.107546340657839,-1.58623855980301,0.112685203753312,0.141359733188348
"rsiW",134210.982640948,-0.0720475092064594,0.102222109175924,-0.704813369507624,0.480926387342724,0.535930543020844
"cdaA",11433.4276272712,-1.88007953526786,0.0859302519000345,-21.8791344572691,4.1056110211167e-106,4.9938183727439e-105
"pgaptmp_000227",28243.1132218531,-0.666591220625949,0.0888639822147905,-7.50125308378316,6.32106099525438e-14,1.61033463547822e-13
"glmM",16380.6724801922,0.857769910545313,0.0967513149540552,8.86571837243397,7.60123818565947e-19,2.25972911557704e-18
"glmS",98671.7592023687,-0.853694397816646,0.0970779920209055,-8.79390251121804,1.44452924742408e-18,4.24687034669229e-18
"pgaptmp_000230",154.618450101361,0.746768924107214,0.293394121901874,2.54527568332461,0.0109191494006123,0.0153710567583507
"pgaptmp_000231",243.569164952135,1.71769998161186,0.266711942569147,6.44028147021026,1.1925214107107e-10,2.66420449619762e-10
"pgaptmp_000232",1557.01796848858,2.46697391061139,0.128750777439334,19.1608467123533,7.85844283503216e-82,7.36753758992184e-81
"pgaptmp_000233",14005.2818810059,0.606099072858579,0.114330792100737,5.30127590058631,1.14996145831808e-07,2.23974701614855e-07
"pgaptmp_000234",4686.42327741649,1.75962075164312,0.0918959135306578,19.147976052886,1.00622088564251e-81,9.40993501598346e-81
"pgaptmp_000235",670.164467417159,-4.44760233371501,0.240909848307081,-18.4616874941774,4.20011852524514e-76,3.67831556493233e-75
"pgaptmp_000236",297.516753823713,-5.58064233150783,0.367237981941667,-15.1962558502303,3.74418511075369e-52,2.35801302575723e-51
"pgaptmp_000237",281.435427296942,-2.64177895366252,0.280713098981057,-9.41095717745896,4.91639087491693e-21,1.55074634207126e-20
"pgaptmp_000238",4161.5274344918,-1.58067149551667,0.13536772193901,-11.6768715087695,1.67341770728136e-31,7.02986535722486e-31
"pgaptmp_000239",826.759745151297,-0.539287843693438,0.153376586861818,-3.51610278157578,0.000437931414967995,0.000693313792646056
"pgaptmp_000240",3129.12223175001,-1.75530949150051,0.106647832913889,-16.4589325778219,7.23653275770308e-61,5.17968748541747e-60
"pgaptmp_000241",1715.15150478834,-1.64940280455113,0.139112087142505,-11.8566462370844,1.98778696573943e-32,8.56312857231731e-32
"pgaptmp_000242",400.62586885705,-1.16347552495741,0.212938339968898,-5.463908120667,4.65764674954785e-08,9.2953143173282e-08
"pgaptmp_000243",103.787681560269,-0.717987408293376,0.356747735675314,-2.01259135375938,0.0441576373176353,0.0584060860327784
"pgaptmp_000244",54.4434796561483,-0.446414217724298,0.520208205501046,-0.858145282991697,0.390812245435179,0.445241254211734
"pgaptmp_000245",12.6812957827893,-0.938359838917609,1.02455889880247,-0.915867150257915,0.359736578173127,0.414019648719968
"pgaptmp_000246",15908.9719748716,-0.214579010074976,0.118478665089222,-1.81111941051483,0.0701223694841061,0.090340435364221
"pgaptmp_000247",13269.6540285312,-0.282352557129902,0.117998747599359,-2.3928436773632,0.0167183624084975,0.0230124796170221
"pgaptmp_000248",934.172151906415,-2.04929035814228,0.15640109153535,-13.1027880817513,3.17380844263784e-39,1.58562617765074e-38
"pgaptmp_000249",46.670155698778,-0.0839905605390885,0.503712540887299,-0.166743040368099,0.867572238265917,0.892757498154753
"pgaptmp_000250",20570.5807086663,-1.02813247740925,0.0809213966916481,-12.7053229361198,5.5240921108464e-37,2.61253759041554e-36
"pgaptmp_000251",4213.61411392934,-2.03487719518458,0.128681502774968,-15.8132843594707,2.51980758198697e-56,1.68077487816407e-55
"glpT",4799.30663972667,-2.47552419015524,0.166231951407942,-14.8919877868736,3.71556378075019e-50,2.24867128324426e-49
"pgaptmp_000253",151.259593571843,0.487370262607488,0.292949170785799,1.6636683466288,0.0961787252178156,0.121968386800923
"hpaB",2280.38103524836,-3.53954583293226,0.203591545866532,-17.3855246192426,1.06210976336223e-67,8.23577612340464e-67
"pgaptmp_000255",1864.80120615657,-3.98800715852342,0.441925190166709,-9.02416799779846,1.81065992620734e-19,5.461325968674e-19
"pgaptmp_000256",104299.151503586,-5.40961052971006,0.456861075128717,-11.8408216943979,2.40089096615553e-32,1.02950647189296e-31
"pgaptmp_000257",982.221993749655,-0.979578878854696,0.145061571052686,-6.75284895748796,1.44969842548798e-11,3.37658168940317e-11
"pgaptmp_000258",1005.37965991865,-2.24327996140287,0.202375510608226,-11.0847402171382,1.48781666599101e-28,5.81075931880223e-28
"pgaptmp_000259",368.948964674017,-1.26870258230213,0.228218798807952,-5.55915020554356,2.71091321543235e-08,5.46588244194973e-08
"pgaptmp_000260",2127.575729409,-0.330529650152068,0.113288471683399,-2.9175929840044,0.0035274445881967,0.00522241398459352
"purT",3922.55034537651,-0.102069203117362,0.100080828562255,-1.01986768678548,0.307791216361598,0.360513737881099
"pssA",5342.97110665791,-2.51962638635792,0.0980511598267824,-25.6970584622263,1.26081093628642e-145,2.18266897900375e-144
"pgaptmp_000263",4679.25198351094,-1.74707942231193,0.0918541251284226,-19.020152005904,1.16146310114814e-80,1.06739892900577e-79
"pgaptmp_000264",6339.20046294657,-1.61945838106759,0.0843687830333402,-19.1949951491847,4.07520639264621e-82,3.8595211688115e-81
"pgaptmp_000265",511.276032133027,-0.830040436419317,0.213350772712898,-3.89049650894064,0.000100039316303,0.000164900945650915
"pgaptmp_000266",16004.1729789582,-2.14756141703552,0.0889401387565008,-24.1461442163374,8.19654571912269e-129,1.20583174571441e-127
"gltP",1020.94445253619,1.57557791814029,0.172325154265185,9.14305241657115,6.07139473633957e-20,1.86603891070651e-19
"pgaptmp_000268",7431.4126445315,-0.288272530405668,0.0942009713641859,-3.06018638906802,0.00221199284250666,0.00333051673131464
"pgaptmp_000269",2725.20939124176,-0.0921975335661674,0.105754721562673,-0.871805364373527,0.383314567634769,0.438075566141585
"mmuM",1839.5956988976,0.0132306400595508,0.143025361907419,0.0925055520440847,0.926296380244126,0.939421015604533
"pgaptmp_000271",49.4075111263967,-0.304211468823599,0.510670770445574,-0.595709577343081,0.551369258987552,0.603232328616011
"pgaptmp_000272",29.9972922609131,-0.310769652737583,0.612096564346589,-0.507713440720467,0.611654321091516,0.659686288931505
"pgaptmp_000273",956.762497300675,0.464590674194213,0.156866262683435,2.9616991330493,0.00305946582774177,0.00455675542651256
"pgaptmp_000274",620.152201947474,1.15428417737172,0.155389740473089,7.42831652757426,1.09988506261938e-13,2.77732171171596e-13
"pgaptmp_000275",295.801086044585,-3.40109674491406,0.292666358678247,-11.6210717223334,3.22070466847228e-31,1.34087950515143e-30
"pgaptmp_000276",5.66862752800804,1.77563872626704,1.87973502534124,0.944621822932039,0.34485198165426,0.398877820608499
"pgaptmp_000277",28.6123868771844,-0.492160764362334,0.792698759517799,-0.620867332581317,0.534686916566147,0.586705396066981
"pgaptmp_000278",14.3505370385504,-1.3226305718834,0.985296473393921,-1.34236811720995,0.179476667059197,0.21873351499487
"pgaptmp_000279",70.1982007922364,-2.43985747826093,0.505212419495484,-4.8293695564678,1.36966004104389e-06,2.51622639327016e-06
"pgaptmp_000280",55.4602337820062,0.447849316336335,0.510728622570909,0.876883136257272,0.380550116750333,0.435148244099767
"pgaptmp_000281",49.950621968243,-2.7244806155978,0.641936884125614,-4.24415652530829,2.19417162830727e-05,3.73591344947835e-05
"pgaptmp_000282",49.8082660630581,-1.15993301787761,0.489459174847952,-2.36982587615797,0.0177964642874225,0.0244512514129888
"pgaptmp_000283",12.0194777390123,-0.470893950326837,0.988213775082227,-0.476510206799794,0.633710937507242,0.680517054068654
"tatC",47257.7078286817,-0.724434495641878,0.153927440320793,-4.70633757133958,2.52206760395719e-06,4.57239923133399e-06
"pcp",1899.85374932541,0.642824127121091,0.130040154446282,4.94327409759142,7.68213557921253e-07,1.42608023071467e-06
"pgaptmp_000286",1409.26416582395,-1.37484700131872,0.139355376475279,-9.86576216930253,5.85877905863235e-23,1.97164336855602e-22
"lmr(B)",1809.90178257508,1.24448762277664,0.126012030963505,9.87594290212698,5.29327678502404e-23,1.78456306103799e-22
"pgaptmp_000288",205.313124381905,0.11885208043018,0.277983507547004,0.427550833784926,0.668978167995026,0.712885654914249
"pgaptmp_000289",539.644137597215,-1.3977082485685,0.197203736754637,-7.08763571913213,1.36422492879238e-12,3.28650173784159e-12
"pgaptmp_000290",301.146267272711,0.395436826566361,0.263518127983542,1.50060578219901,0.133457554911903,0.165963588166422
"pgaptmp_000291",3590.17981819509,-1.05681356247387,0.112098885401831,-9.42751177842308,4.19932187468073e-21,1.3279418876433e-20
"pgaptmp_000292",5041.39220242902,0.596344342448333,0.0887627667223565,6.71840642725407,1.83722661835275e-11,4.24203317215195e-11
"pgaptmp_000293",1034.50032771042,-1.10489646458717,0.154996830138236,-7.12851007083013,1.01461176689802e-12,2.45858398202763e-12
"pgaptmp_000294",1636.21496737408,1.69831267324187,0.124253570321236,13.6681197075559,1.57410252117482e-42,8.29859714421058e-42
"pgaptmp_000295",1753.30957721864,-0.544561802181537,0.172154975700273,-3.16320687198513,0.00156041405179157,0.00237734797411717
"pgaptmp_000296",213.091013345807,-1.62486955594707,0.317289970310195,-5.12108704337089,3.03779374763522e-07,5.7805052805206e-07
"pgaptmp_000297",1545.16542622531,-1.37521005818158,0.122561412961988,-11.2205793401558,3.23146497721787e-29,1.28361927910404e-28
"pgaptmp_000298",57.7321155754133,-0.590458365986868,0.497080232649074,-1.18785324220228,0.234891233899081,0.28102384203548
"pgaptmp_000299",270.512875705793,-0.816497518692881,0.28546413300534,-2.86024555903704,0.00423313089584993,0.0062103717754645
"pgaptmp_000300",2450.93429824246,0.783274095274355,0.155938624770436,5.02296397975451,5.08800898826557e-07,9.58379020967837e-07
"pgaptmp_000301",766.93722825484,-1.68880687025677,0.18798054218202,-8.98394509694262,2.61228128540753e-19,7.83473887533186e-19
"pgaptmp_000302",1525.0140409972,-1.56481522650345,0.121315772996872,-12.8986955928954,4.57780336512321e-38,2.21568064044065e-37
"pgaptmp_000303",1334.48741268189,-0.733575573150705,0.126420257349142,-5.80267425911615,6.52655074064595e-09,1.3540591893358e-08
"pgaptmp_000304",50009.1642802263,0.739536706694063,0.0732393913471976,10.0975266600486,5.66530015122573e-24,1.94702189869457e-23
"pgaptmp_000305",80119.7150761679,0.691724419674174,0.0924968572114717,7.47835591962561,7.52581485099321e-14,1.9120193089008e-13
"pgaptmp_000306",130969.233295997,0.510018571260899,0.0757836799661726,6.72992617260807,1.6974919400326e-11,3.93403798306434e-11
"pgaptmp_000307",137700.176350164,0.176790737229822,0.112719637807658,1.56841115415481,0.116785209662853,0.14610909255971
"pgaptmp_000308",61567.6956666937,0.0620309802132178,0.0855459053879734,0.725119220281682,0.468378894052772,0.523672647541128
"pgaptmp_000309",45059.7131285112,0.173983446838098,0.0945058874412322,1.84097998070531,0.0656244924581717,0.0850764057573372
"pgaptmp_000310",952.492086077496,-0.765428029757705,0.149387156120767,-5.12378741006971,2.99458607986591e-07,5.70704013787041e-07
"opuAA",3687.86469179777,0.110223661635789,0.173928121913088,0.633731109284717,0.526256318930653,0.578819745585075
"opuAB",9797.40279934295,0.233068659205314,0.0963815560372033,2.41818734608673,0.0155980436569101,0.0215500811028282
"pgaptmp_000313",8551.95709719392,0.435243750004196,0.0859873494074677,5.06171841559749,4.15494379304795e-07,7.85010192777891e-07
"pgaptmp_000314",3856.24347367197,0.00902666922899843,0.096004484769879,0.0940234120378355,0.925090559000992,0.938709667557714
"pgaptmp_000315",363.110221594437,1.01505223680008,0.219655624196495,4.62110742901832,3.81697046750006e-06,6.84004048148061e-06
"pgaptmp_000316",1089.29247656735,-1.19488062800478,0.125908121482619,-9.49009971663921,2.30813364928325e-21,7.39317852205873e-21
"pgaptmp_000317",7105.49468070586,2.19010603807767,0.134153661964379,16.3253541201074,6.51615022076215e-60,4.60210837223468e-59
"pgaptmp_000318",9088.98136392524,-5.54225002169787,0.176300184450518,-31.4364391561565,6.43237203880195e-217,1.73487599481311e-215
"pgaptmp_000319",1285.8556535578,-2.17881607213616,0.133813343478263,-16.282502293877,1.31384854537259e-59,9.26163690506966e-59
"pgaptmp_000320",83.3530610657342,-1.58297062036267,0.50554046356425,-3.13124415245048,0.00174067381454423,0.00264548302888266
"pgaptmp_000321",179.480299637633,-1.37109067623281,0.302725396373384,-4.52915643239161,5.92196436125357e-06,1.04959768345647e-05
"pgaptmp_000322",128.998494094633,-1.21765642705519,0.358360772099375,-3.39785077457508,0.000679174560230812,0.00106213769461306
"pgaptmp_000323",45.8079185187006,0.221216334276808,0.56986324632648,0.388191966586437,0.697873977690964,0.739865577079596
"pgaptmp_000324",14.9644724993032,-0.565247484063566,0.865293772161736,-0.653243444306118,0.513599346476609,0.566908887184442
"nadE",7539.62415575785,0.480178636105024,0.10027713489389,4.78851571310981,1.68019409742193e-06,3.07004537584901e-06
"pgaptmp_000326",1113.25361092366,3.30908195674331,0.147722075041007,22.4007275542585,3.87203430214942e-111,4.86882151101356e-110
"pgaptmp_000327",71.1404682186409,0.0222186462533703,0.460143395383,0.048286352637696,0.961488030884619,0.967466464166681
"pgaptmp_000328",582.413880174452,-1.7127180700806,0.181471120278087,-9.43796493599659,3.8008950934161e-21,1.20707606976918e-20
"pgaptmp_000329",389.235045489868,-1.0745375134684,0.193848630324807,-5.54317826062498,2.9703019528758e-08,5.97592641546146e-08
"cah",1549.7648669452,1.29351062980802,0.123004533432053,10.5159589953044,7.29349847840741e-26,2.65620365329084e-25
"pgaptmp_000331",479.408527739705,0.890326415025486,0.213984451792344,4.16070610536452,3.17265148691961e-05,5.35780800105027e-05
"pgaptmp_000332",50226.5263606332,5.90066415160178,0.124813129524167,47.2759891054511,0,0
"pruA",285037.01880873,6.32350280981702,0.120406060762002,52.5181437694921,0,0
"putP",64764.9486601792,4.67861084281037,0.0987449383472273,47.3807662561749,0,0
"pgaptmp_000335",3291.67946774215,0.614620624369887,0.0960892329724507,6.39635269589572,1.59132200744089e-10,3.54452454320466e-10
"pgaptmp_000336",2642.17604106411,1.2919508030999,0.119156086587034,10.8425078408079,2.16454706867691e-27,8.22086141797494e-27
"cobA",23844.3938379826,-0.608593450996616,0.0722830772711411,-8.41958414019537,3.77823029136645e-17,1.06212788100196e-16
"nirD",287.262882015777,-1.75709066447942,0.266322502190696,-6.59760497151414,4.17852827192766e-11,9.50060001717455e-11
"nasD",1388.16094374591,-1.18561758476625,0.122150532712846,-9.70620068889441,2.83715915974973e-22,9.33678726135145e-22
"pgaptmp_000340",24.9022618730722,-0.0282177901543298,0.747287768647147,-0.0377602730008734,0.969878819319367,0.975118575231411
"pgaptmp_000341",1227.26279744205,0.381033973877658,0.150576690580205,2.53049773115249,0.0113900821574202,0.0160097756004221
"pgaptmp_000343",8637.69133039719,0.416476671721235,0.0925315677339498,4.5009144654147,6.76617316282108e-06,1.19128176499622e-05
"pgaptmp_000344",3884.64326978955,0.0434804799353081,0.10638830851618,0.408696035699216,0.682762743402416,0.726069408841083
"pgaptmp_000345",355.000393574293,0.983313119565972,0.193686764813421,5.07682143647348,3.83801250124188e-07,7.26606435891266e-07
"pgaptmp_000346",1096.38753143362,-1.30300570717428,0.138114743070689,-9.434226051504,3.93891322979001e-21,1.24984100948665e-20
"pgaptmp_000347",7201.48853858609,2.24682765549234,0.138935451234579,16.1717375624943,7.98151522478752e-59,5.57358342714055e-58
"pgaptmp_000348",9110.09800258773,-5.61189762597066,0.166011544388911,-33.8042613038032,1.70741526628503e-250,5.47844794923523e-249
"pgaptmp_000349",1309.13495357113,-2.02318496206884,0.126227912442502,-16.0280315416799,8.14213071289633e-58,5.60166552927914e-57
"pgaptmp_000350",92.5208101547015,-1.24328752612636,0.399766029137178,-3.11003796097874,0.00187063301271458,0.00283258587197871
"pgaptmp_000351",192.296107649809,-1.31346580845061,0.271925501028707,-4.83024138406185,1.36367630048305e-06,2.50647071130761e-06
"pgaptmp_000352",125.327876727588,-1.2488702274625,0.338501433559365,-3.68940897629456,0.000224775630903606,0.00036232780347476
"pgaptmp_000353",46.7722409788213,-0.0942897834559004,0.525871893826988,-0.179301812024435,0.857700724120463,0.885046325249893
"pgaptmp_000354",10.7849887131674,-1.08225697075032,1.35803186328904,-0.796930469752889,0.42549141370717,0.480485146182672
"pgaptmp_000356",1101.55121082439,3.31134518049264,0.142574778719435,23.2253222500794,2.52678918558752e-119,3.38298897437293e-118
"pgaptmp_000357",65.6338379430367,-0.245553099338434,0.478226344837893,-0.513466273845015,0.607625196709212,0.655720783459463
"pgaptmp_000358",567.689608843417,-1.69654175281853,0.175945637415777,-9.64242011189761,5.29252398735698e-22,1.72493645192143e-21
"pgaptmp_000359",392.675476071087,-1.09413880000991,0.194429502002482,-5.62743199329873,1.82912239360397e-08,3.72021505409508e-08
"pgaptmp_000361",484.439869141566,0.885144364803134,0.198558667778627,4.45784802399047,8.27865603706424e-06,1.44866750211345e-05
"pgaptmp_000362",50091.8211343399,5.85744096874354,0.121633540924029,48.1564618134569,0,0
"pgaptmp_000365",3399.53957130841,0.637786026451131,0.0976114090070058,6.53392910664116,6.40662800287633e-11,1.44693382443602e-10
"pgaptmp_000366",2631.44112978563,1.23243271241247,0.109040429868512,11.3025298405245,1.27491433768873e-29,5.1244397028914e-29
"pgaptmp_000370",33.5415269699017,0.0631095063692088,0.737756221064932,0.0855424929905869,0.931830114731955,0.943490665678002
"pgaptmp_000371",182.60103575828,0.870317574189862,0.27902020325473,3.1191919582802,0.00181347773245902,0.00275275861346349
"pgaptmp_000372",360.903357915676,0.395397301678574,0.215818540857146,1.83208217472054,0.0669391786541377,0.0866901958770705
"pgaptmp_000373",17.345664188578,0.522345876196936,0.782687744128643,0.667374543827126,0.504532921935507,0.557894098468199
"pgaptmp_000374",0.99588761369226,-0.415870982944739,3.78446005914586,-0.109889119305067,0.912497311818425,0.930242397860361
"comJ",1151.13904531057,-0.228232322280701,0.192199532627425,-1.18747594835793,0.235039938138985,0.281111391308902
"pgaptmp_000376",977.713468891137,-0.187005502026963,0.228473919506877,-0.818498244484901,0.413072744036456,0.468023364780423
"hxlB",3342.04892637305,-1.90538438867117,0.195680934593163,-9.73719996090891,2.09240289091705e-22,6.90418755318551e-22
"hxlA",5862.69251770129,-1.93682237133155,0.173457269394984,-11.1659913596423,5.98200847275973e-29,2.36108542265236e-28
"pgaptmp_000379",145.773591889458,0.360887814259962,0.329359426791228,1.09572638553539,0.273198532185722,0.322807916442938
"srfAA",71705.6321601281,-1.41066266188003,0.11678742986589,-12.0788912257075,1.36548587977438e-33,6.00039958030726e-33
"srfAB",116080.19381245,-1.45467674610449,0.11604656216803,-12.5352851383756,4.78636837395503e-36,2.21302647054169e-35
"comS",632.346310015132,-1.43128517586262,0.200961894092848,-7.12217200342141,1.06239355269167e-12,2.56934944971957e-12
"srfAC",47296.8463694119,-1.25192740912818,0.0970527743924322,-12.8994499844592,4.53321098618252e-38,2.19695459512648e-37
"srfAD",11175.7551688115,-1.20878992225086,0.118796547979829,-10.1752950132532,2.55624207300327e-24,8.87531063033411e-24
"pgaptmp_000386",12073.489053937,-0.309949402229981,0.149735253191261,-2.06998282384493,0.0384539529493176,0.0511894180534193
"pgaptmp_000387",3367.61490669056,-0.661062267331633,0.112921623755029,-5.85416898330945,4.79401000400412e-09,1.00130781340647e-08
"pgaptmp_000388",965.151292183567,-0.382282340969639,0.151966604729538,-2.51556808583047,0.0118840720637248,0.016666358787183
"tcyC",2173.35867309165,-0.744549287318786,0.123679043286517,-6.02001169748661,1.74404466622681e-09,3.72423077894216e-09
"pgaptmp_000390",2510.53105691208,-1.69808243079937,0.106057752105289,-16.0109223238448,1.07208718822525e-57,7.36219283131807e-57
"tcyA",4997.67366784527,-0.797838381978453,0.100232586908854,-7.9598702037289,1.72219843239337e-15,4.6115270254447e-15
"pgaptmp_000392",1079.46480860006,-2.28138115365449,0.132352458744461,-17.2371648800214,1.39723131637787e-66,1.06567519663083e-65
"pgaptmp_000393",1344.95724850766,-2.80337633406974,0.141650506395981,-19.7907964143309,3.57350297621027e-87,3.55630429878466e-86
"bsdC",3992.40104373413,-1.75322141187229,0.0995774129705503,-17.6066174001809,2.19156705288592e-69,1.74668363401314e-68
"pgaptmp_000395",491.939195017284,-1.43310193238545,0.179861451012996,-7.96781035799553,1.615104565515e-15,4.32787558880262e-15
"pgaptmp_000396",892.142613657122,-1.36569779435519,0.163148723985511,-8.37087634517128,5.71912997013049e-17,1.59689435475061e-16
"pgaptmp_000397",1611.34622541192,-0.0864441928079373,0.135036668835097,-0.640153475005372,0.522072826420792,0.575068085214024
"pgaptmp_000398",172.975722258431,-0.174676574995466,0.370797810691494,-0.471083080748817,0.637581406890066,0.684081290413614
"pgaptmp_000399",0,NA,NA,NA,NA,NA
"gerKA",70.0359875613223,-2.1406645904422,0.500031654443701,-4.28105815185589,1.86006739599491e-05,3.18014278727287e-05
"pgaptmp_000401",126.908357115239,-0.470509228378376,0.393686773090306,-1.19513598256055,0.23203390543928,0.278141770062802
"pgaptmp_000402",79.3591452972945,0.0784436466868835,0.413873345112647,0.189535391957974,0.849673218997375,0.878467700307841
"pgaptmp_000403",950.491186732396,-0.617106697750036,0.164882128508853,-3.742714285235,0.000182043177070031,0.000295106578856558
"pgaptmp_000404",248.064249288711,0.161319922020412,0.226584319066693,0.711964193660411,0.476486948999476,0.531779437534048
"pgaptmp_000405",875.514350711837,-0.284171755176176,0.160702890687921,-1.76830518704251,0.077009897229591,0.0986002192943026
"pgaptmp_000406",1431.78396812021,-1.49838473784158,0.132869411695604,-11.2771232951214,1.70221590236024e-29,6.80630471000471e-29
"pgaptmp_000407",1746.76543117428,-1.58104724515768,0.114100439317976,-13.8566271489244,1.15998146432317e-43,6.25717537711715e-43
"pgaptmp_000408",3001.14359021705,-1.94144881780866,0.0999446779562267,-19.4252346148833,4.72222819806654e-84,4.54163652537563e-83
"pgaptmp_000409",3131.33845009625,-2.7467010670545,0.103995807460287,-26.4116519130196,1.00683906007866e-153,1.86440546348894e-152
"pgaptmp_000410",38.1656208708918,-0.497426740978938,0.707332731297705,-0.703242927930588,0.481904370938334,0.536699003181472
"pgaptmp_000411",94.935801587284,-2.1688764329582,0.419952048565572,-5.16458114769631,2.40977918163773e-07,4.60904322407793e-07
"pgaptmp_000412",310.670122684489,-0.717135647801693,0.225956782231021,-3.1737735009365,0.00150471061923006,0.00229718331615024
"pgaptmp_000413",2043.36803104527,-0.332416664043205,0.118318929115223,-2.80949689562765,0.00496189976782631,0.00722825476941274
"pgaptmp_000414",1610.9582745394,0.637259971327659,0.112380239332442,5.67056962249851,1.42323516581306e-08,2.90739916967959e-08
"pgaptmp_000415",1600.28778331121,0.999467841177323,0.187738367738622,5.32372712736497,1.01662375279252e-07,1.98628535847442e-07
"pgaptmp_000416",117.069899956553,0.48673099185272,0.339670709818802,1.43294955314919,0.151872254503877,0.18736113068062
"pgaptmp_000417",1339.26118497019,-1.23517297054973,0.150092973175721,-8.2293857228323,1.88175919962191e-16,5.18807980814279e-16
"pgaptmp_000418",4110.17059285752,-3.73442457113017,0.180265001194934,-20.7163040322612,2.46928440432113e-95,2.70314016261272e-94
"pgaptmp_000419",5138.63620718454,-1.96946435074338,0.104975455977843,-18.7611888169276,1.56851847345075e-78,1.40337157648647e-77
"pgaptmp_000420",3477.25615160463,-1.04599050581905,0.0930047192777399,-11.2466390301702,2.40585850184693e-29,9.58737188851637e-29
"pgaptmp_000421",8928.46627014103,0.508212427410047,0.097872677173393,5.19258737052517,2.07391490441169e-07,3.97073625217093e-07
"pgaptmp_000422",4741.20680320165,0.00045448971080702,0.109134837305666,0.00416447874965976,0.996677236306241,0.997305502623271
"pgaptmp_000423",1052.78417507576,-0.188867011997366,0.136381560322478,-1.3848427276443,0.166100562648053,0.203758076671059
"nfsA",26148.0072834105,-0.777689904521314,0.11247327430949,-6.91444175779359,4.69709335120057e-12,1.11567207741982e-11
"pgaptmp_000425",1250.16211076367,0.364183255171435,0.148590537633202,2.45091821439146,0.0142492325331599,0.0197525674072332
"pgaptmp_000426",486.410792634554,-1.04608606783691,0.176185586724857,-5.93741001907579,2.89559870237099e-09,6.11658250296527e-09
"pgaptmp_000427",2442.50906251608,-1.07136021003987,0.102262687174221,-10.4765505351393,1.10708313521143e-25,4.0044348194917e-25
"gabT",1315.82209336714,3.28712874350392,0.178737700115628,18.390796912892,1.55674889292157e-75,1.35378957463881e-74
"gabD",18801.6632520841,-0.363035302613761,0.106697537976962,-3.40247122377039,0.000667793872737553,0.00104477881224429
"pgaptmp_000430",605.681308258287,-2.9827948058959,0.212360747018201,-14.0458858229588,8.16411186981865e-45,4.46865064403897e-44
"pgaptmp_000431",11.8428875789567,-0.626622765982353,1.07328349174748,-0.583837141631713,0.559329887024292,0.610864389525943
"gdh",9639.57395055306,-3.72580748906321,0.120857797508325,-30.8280273666791,1.10384396632469e-208,2.85313002962534e-207
"pgaptmp_000433",9427.67386316826,1.53246377882702,0.113433563156259,13.5097914249241,1.36908776460681e-41,7.06760701784543e-41
"pgaptmp_000434",17095.5321200321,0.573744973273251,0.0940555838139341,6.10006285653667,1.06026763111811e-09,2.28639404578309e-09
"pgaptmp_000435",5582.61644021943,-0.208296786017572,0.108526679751802,-1.91931409395314,0.0549445954098224,0.0718818221846604
"pgaptmp_000436",529.39239365244,-1.71599037318474,0.175617264554595,-9.77119406532656,1.49677459958618e-22,4.97854786386038e-22
"pgaptmp_000437",30157.1167677442,-5.19542379952123,0.110253320817801,-47.1226060220618,0,0
"pgaptmp_000438",12160.2456694971,-4.88497157616796,0.128730539427054,-37.9472625369993,0,0
"pgaptmp_000439",28172.005011538,-4.34712684425362,0.125627137791706,-34.6034059254083,2.24536180565128e-262,7.39578463772927e-261
"pgaptmp_000440",10307.700215016,-1.39284347520048,0.152366297473299,-9.14141446171566,6.16407467475423e-20,1.89296088609202e-19
"pgaptmp_000441",0,NA,NA,NA,NA,NA
"pgaptmp_000442",2422.33848516493,-0.118259423770449,0.139747132435178,-0.846238643396159,0.397419628386705,0.45207697336654
"pgaptmp_000443",2865.39900964545,-0.463361775634378,0.141309969897596,-3.27904517968665,0.00104158958884673,0.0016086292322355
"pgaptmp_000444",9565.19918931304,-1.36844262986812,0.126318532348107,-10.8332689149442,2.39451358214563e-27,9.07574292540331e-27
"pgaptmp_000445",9517.33866127085,-1.49515469520175,0.13069685303558,-11.4398676056471,2.64288524398122e-30,1.07978253327092e-29
"pxpB",7705.72956881386,-1.62405503786614,0.130602484919236,-12.4351005945288,1.68528505851368e-35,7.67763890794115e-35
"pgaptmp_000447",11810.9666029657,-1.59613778657776,0.104585243877023,-15.261596449061,1.37834362632023e-52,8.72482138973452e-52
"pgaptmp_000448",9576.102613263,-1.54520755241554,0.0939703808057017,-16.4435595468161,9.32757797154863e-61,6.65081325864062e-60
"pgaptmp_000449",5218.3500112008,-0.895912766374054,0.1114149622821,-8.04122487701093,8.89448565969796e-16,2.40241477687923e-15
"pgaptmp_000450",2261.92422089092,0.629929439628236,0.168745049701178,3.73302470646543,0.000189194028573635,0.000306165293196118
"pgaptmp_000451",393.345122002363,-0.614454047011854,0.204407162731031,-3.00602991990247,0.0026468295241667,0.00396438611225291
"pgaptmp_000452",77988.8102311778,0.817044364115517,0.0826283488180847,9.88818457348493,4.68445645990519e-23,1.58217304389901e-22
"pgaptmp_000453",38858.5412246077,1.01393770381109,0.116637508551567,8.6930672337091,3.5278346247943e-18,1.02663021684788e-17
"pgaptmp_000454",8947.89332898621,-1.4358234019825,0.11182284513917,-12.8401615984242,9.76703851799252e-38,4.69069901470557e-37
"pgaptmp_000455",1227.82010263261,-1.42842835535429,0.144088020609704,-9.91358163787619,3.63380839556973e-23,1.23178823755105e-22
"pgaptmp_000456",64.2238270244008,-1.20164415844847,0.451154282638554,-2.66348831140583,0.00773350985676257,0.0110283998800269
"pgaptmp_000457",59.3981455673731,-0.920281725157258,0.472032538710022,-1.94961501525344,0.0512220223758931,0.067295576167693
"pgaptmp_000458",1452.89614001204,0.390733288919518,0.125277735889744,3.11893638677665,0.00181505143357344,0.00275290197056248
"pgaptmp_000459",4209.12745063169,0.728602964298277,0.10625133347834,6.8573536015603,7.01478504542599e-12,1.6545646349224e-11
"pgaptmp_000460",577.022323250415,-2.92523513419207,0.190347485124805,-15.3678685708618,2.68869836229185e-53,1.71652406594344e-52
"pgaptmp_000461",2991.01025885585,-3.1491776407288,0.182607733107632,-17.2455875068151,1.20778691682085e-66,9.23076571746856e-66
"pgaptmp_000462",611.412074740039,1.53920915528004,0.167446671180679,9.19223502281032,3.84762316926659e-20,1.19241077735306e-19
"pgaptmp_000463",525.213199172883,0.338950604906053,0.1629223998202,2.08044200969367,0.0374850094217294,0.0499531704502961
"pgaptmp_000464",15415.8309357675,-0.0141036711872364,0.111748275398742,-0.1262092961785,0.89956625292418,0.921096449349051
"pgaptmp_000465",595.286992217968,-2.21738646350557,0.198743394305441,-11.1570322689455,6.61634864029831e-29,2.60869169906677e-28
"pgaptmp_000466",350.603028280884,-1.33469654498764,0.23760341508425,-5.61732896185176,1.93931986824583e-08,3.94003741790992e-08
"pgaptmp_000467",880.199458337323,-1.43399124722584,0.140817374122919,-10.183340345305,2.35341262496496e-24,8.17871315604071e-24
"pgaptmp_000468",521.10579106638,-0.928377947657198,0.226806437778404,-4.0932610059519,4.25348465201375e-05,7.13925339330987e-05
"pgaptmp_000469",1934.68250845387,-0.480609317832481,0.106235343131615,-4.5240058879186,6.06800350307266e-06,1.07343674137055e-05
"pgaptmp_000470",44622.3456128434,-3.89658473248717,0.109535196488054,-35.5738142388975,3.55996671094078e-277,1.2383360839366e-275
"pgaptmp_000471",907.21695039263,-4.43281405471248,0.252145370205711,-17.5803904354698,3.48170557826485e-69,2.75721450261739e-68
"pgaptmp_000472",2464.45772450567,-2.66211984743112,0.108101013166985,-24.6262247636746,6.61727686408165e-134,1.00940592164393e-132
"pgaptmp_000473",63.3790962745128,1.9252489532214,0.51759781018038,3.71958481151701,0.000199550533758935,0.000322364186914391
"pgaptmp_000474",0.386432481340381,2.89624404053928,4.89742805313266,0.59138062042314,0.554265422302778,0.605688755669683
"pgaptmp_000475",13.4304120064821,1.61425311738457,1.14459463144088,1.41032735349498,0.158443045252076,0.194757270286733
"pgaptmp_000476",63.3684284196078,1.05138209235197,0.576220090781222,1.824618941916,0.0680585529612383,0.0879769479234944
"pgaptmp_000477",5004.69451625296,4.08045802377846,0.123221102562154,33.114928684559,1.81209934943551e-240,5.5283883431139e-239
"pgaptmp_000478",641.449769755832,-0.608413572605106,0.187896043353208,-3.23803291302631,0.00120356923651199,0.00184729265909181
"pgaptmp_000479",40612.9208276782,1.32582215494115,0.0719365795867163,18.430430840028,7.48843260136528e-76,6.52738785533526e-75
"pgaptmp_000480",136.884023684205,1.45811006653017,0.429379432111321,3.39585447621568,0.000684147227859502,0.00106901594546308
"pgaptmp_000481",376.768772119663,-1.12806388997463,0.245901728693081,-4.58745815236872,4.48675327337437e-06,8.00560675143788e-06
"pgaptmp_000482",888.688415477896,-1.39489535531322,0.162770220002368,-8.56972089423318,1.03736154607589e-17,2.9654836209635e-17
"pgaptmp_000483",595.641122503186,-1.77141200685883,0.212078022922074,-8.35264296814814,6.6752192125479e-17,1.86245621507521e-16
"pgaptmp_000484",143.178183479422,-1.07291738210426,0.347215354096317,-3.09006318253607,0.00200113920666563,0.0030240520207915
"gsiB",4.98397018877692,-1.41848497066104,2.1080818955336,-0.672879442523739,0.501023991660184,0.554508265524593
"pgaptmp_000486",266.856748513559,-1.9288813780367,0.253342745070916,-7.61372257767542,2.6631209701629e-14,6.86911729102308e-14
"pgaptmp_000487",275.021294837199,-0.616908723094462,0.272345327870199,-2.26517094278365,0.023502191518725,0.0319019536224269
"pgaptmp_000488",1970.51430461165,-0.447771696901901,0.114311098032471,-3.91713232231141,8.96085681171218e-05,0.000148166632844037
"pgaptmp_000489",1761.0112067473,-0.525746769055015,0.138834172078683,-3.78686861586968,0.000152557712660046,0.000248934592950763
"pgaptmp_000490",2090.06852129373,0.511818087923306,0.109899435042719,4.65714939957933,3.20617783084887e-06,5.77329167219134e-06
"pgaptmp_000491",1089.69868803137,1.52758779325225,0.158792129671285,9.62004726817701,6.58009188539387e-22,2.14083059418147e-21
"dctP",27779.5164816496,-1.83262753642221,0.100879821452287,-18.1664431007046,9.51714065632267e-74,7.99611682230992e-73
"pgaptmp_000493",3966.48488184498,-0.93904050769566,0.111793533439933,-8.39977482418699,4.47335604821729e-17,1.2528089700124e-16
"pgaptmp_000494",1795.49739509845,-0.0891683730914942,0.140416897527401,-0.635025945321816,0.52541149359595,0.578403306466763
"pgaptmp_000495",2233.61334443674,-0.342785020829759,0.103052952466838,-3.32629985482527,0.00088007197678815,0.00136712349649645
"pgaptmp_000496",3236.79329546417,0.814062754140932,0.134066584615814,6.07207796389934,1.26265600669101e-09,2.71967919959719e-09
"pgaptmp_000497",2235.65335646428,0.646267593264544,0.11948999468591,5.408549853595,6.35371020461427e-08,1.25856888672562e-07
"fbpB",7.75988694112739,-1.7138287226874,1.88084852182913,-0.911199760531854,0.362190130197213,0.416585804880725
"pgaptmp_000499",35.8865419523893,-2.70120334864267,0.688322509200277,-3.92432807664686,8.69721440968629e-05,0.000143871253479344
"pgaptmp_000500",895.314532010597,-0.904156681345198,0.183021998174579,-4.94015304369451,7.80612770094765e-07,1.44837523942807e-06
"pgaptmp_000501",5870.19018494208,-1.49214305053687,0.152023676697531,-9.81520170378238,9.6844119142113e-23,3.24733163465716e-22
"pgaptmp_000502",6407.10905651777,-0.344645587410013,0.0902738725410779,-3.81777780999909,0.000134659115589905,0.000220502080169656
"murF",7526.71849906189,0.0210402763378536,0.0881838712007344,0.238595516973385,0.811419241684992,0.84478389302141
"cshA",39826.7376607337,0.0107883363101102,0.080890356460554,0.133369869811008,0.893900872911363,0.916051500268748
"pgaptmp_000505",12813.6169784225,0.0673403836831449,0.106673795284209,0.631273908495816,0.527861443867641,0.580413676240875
"pgaptmp_000506",16982.968401443,0.929305389660995,0.0877672005206825,10.5882993207924,3.37670802365369e-26,1.24313622789704e-25
"pgaptmp_000507",1039.87960855163,-0.755057874373574,0.13336915824186,-5.66141291080434,1.50131693981691e-08,3.06354257127113e-08
"acpS",364.006792574128,0.705175910453732,0.215542389368143,3.27163446837969,0.00106927725731122,0.00165002070966516
"pgaptmp_000509",1384.33963114428,0.11333611103709,0.128112190812153,0.884662968595011,0.37633843394339,0.431259744808282
"alr",5543.6990295086,0.106042903663187,0.090560540105494,1.17096147549096,0.241614262670813,0.287588194966667
"endB",8682.68161993491,-0.695122879528942,0.102108500393341,-6.80768865325807,9.91792112468637e-12,2.32605560340786e-11
"ndoA",7561.94399356998,-0.488423295301165,0.110154674311346,-4.43397702689097,9.25104882998106e-06,1.61578619170293e-05
"pgaptmp_000513",7040.46457303573,0.0378823693502453,0.106462391399901,0.355828653218477,0.721968889474974,0.761453161412823
"rsbS",3667.63943834024,0.151565741572199,0.115453384585938,1.31278733937315,0.18925461739203,0.229373391707306
"pgaptmp_000515",2958.09940352728,0.311735949271988,0.121305951955495,2.5698322650018,0.0101747766716288,0.0143721133858832
"pgaptmp_000516",9400.1550687224,0.670703239861048,0.0812530794131757,8.25449625669557,1.5254425999055e-16,4.2244772000359e-16
"pgaptmp_000517",3047.68401573886,1.12069603555061,0.0951761920632391,11.7749619022998,5.2540832868769e-32,2.22476655219065e-31
"rsbW",2842.51586998527,1.14765452116276,0.0921303627998394,12.4568544645389,1.28333294123062e-35,5.88246946706941e-35
"sigB",5745.22626238648,1.06240075702686,0.0898736390858692,11.8210497297411,3.03863647775366e-32,1.29107362673506e-31
"pgaptmp_000520",3909.22809832373,1.19522278465624,0.100294556954642,11.9171251257112,9.63770602673406e-33,4.16143176699585e-32
"pgaptmp_000521",4319.53212500789,1.2900882418759,0.104550181818575,12.3394165312364,5.55570227313219e-35,2.50342903881332e-34
"cmpA",0.917430780851986,-3.29997293880886,4.82640264596443,-0.683733451366332,0.494143496161754,0.547544534895519
"pgaptmp_000523",675.111289007404,-3.30796099930784,0.207102892100184,-15.972548551894,1.98506526396098e-57,1.35318917810673e-56
"pgaptmp_000531",659.851585181762,0.886213546605221,0.186801473393605,4.74414644866265,2.09387331364372e-06,3.80722836999605e-06
"pgaptmp_000532",2113.85124697893,-4.34423705811223,0.145080282815083,-29.9436765204637,5.3183325092156e-197,1.27708603866455e-195
"pgaptmp_000533",13.8114751238473,0.070341519883638,1.03499691449524,0.0679630237525327,0.945815068968294,0.955571033306186
"pgaptmp_000534",0.136139235471291,-0.904850163472102,4.99449191205581,-0.181169612325921,0.856234445735253,0.883778315869832
"pgaptmp_000535",13.7995105988167,-2.75683607893372,1.07798029667111,-2.55740859777034,0.0105455267543492,0.0148675949165484
"pgaptmp_000536",797.608912160001,-1.91294660195489,0.183001768611748,-10.4531590949449,1.41724230004201e-25,5.1064625757564e-25
"pgaptmp_000537",1760.66781786432,-0.991589743217933,0.148161562760254,-6.69262475870656,2.19202723018537e-11,5.04247549490109e-11
"pgaptmp_000538",664.181562761819,-1.24569391633711,0.192118477434884,-6.48398807324151,8.93292863529728e-11,2.00532933537856e-10
"pgaptmp_000539",785.605709019374,-4.06895835459901,0.216093459379494,-18.8296229153946,4.31824593320062e-79,3.91058670641672e-78
"pgaptmp_000540",46.5559636412517,-3.86887027771461,0.872760396922921,-4.43291227621582,9.29686994498981e-06,1.62302767050901e-05
"pgaptmp_000541",283.326906909695,-4.38967882596754,0.352577072438766,-12.4502673858066,1.39377439730398e-35,6.38084662578773e-35
"pgaptmp_000542",61.6919772144731,-0.565960936588142,0.452645956258058,-1.25033909783893,0.211175701765014,0.25469733051503
"pgaptmp_000543",28.5608435382376,0.0855004676827004,0.679824260402383,0.125768485567275,0.899915188521152,0.92120031124195
"pgaptmp_000544",271.502081978475,-1.1004699695871,0.27668609568974,-3.97732299067571,6.96954681807927e-05,0.000115909978806484
"pgaptmp_000545",874.863594873292,0.599675605164038,0.187292053187381,3.20182087258169,0.00136561888468338,0.00208998087532547
"pgaptmp_000546",7.43586281568634,-1.81476592848515,1.43040488733101,-1.26870786345768,0.204545276839417,0.247100785587896
"cspC",1451.4578578619,-0.243423185922634,0.238479543252197,-1.020729839562,0.307382453022539,0.360225909996817
"pgaptmp_000548",8295.79315828899,0.0149448968818871,0.127034526457545,0.117644370382107,0.906349446554934,0.925495923203694
"pgaptmp_000549",25.5801401768256,-3.1327923807456,0.864701141274349,-3.62297703936028,0.000291231683019092,0.000466020775665116
"pgaptmp_000550",152.277062913413,-1.77337998793339,0.300898242454275,-5.89362029325537,3.77824819060623e-09,7.93155091113163e-09
"pgaptmp_000551",304.242989224782,-3.44980691902532,0.251786758793115,-13.7013039746857,9.97172469224621e-43,5.27198285575858e-42
"pgaptmp_000552",2127.91802207675,-1.70339516570977,0.141798425745049,-12.0127932081026,3.04387288502298e-33,1.32506372842755e-32
"pgaptmp_000553",2046.8405592735,-2.47626225822579,0.12404454643522,-19.9626854173631,1.16291954073228e-88,1.1730044798389e-87
"pgaptmp_000554",0,NA,NA,NA,NA,NA
"pgaptmp_000555",19.4899630307619,-1.95258336985787,0.79207568954496,-2.46514745450603,0.0136956876915415,0.0190348579491851
"pgaptmp_000556",5.76422416813682,-0.729759121812635,1.35612484635737,-0.538120899246712,0.590493584905056,0.639457993312953
"pgaptmp_000557",23.1885220102156,-1.4090172095216,0.705110830705912,-1.99829182613885,0.0456850311569503,0.0603405557012665
"pgaptmp_000558",332.195418042458,-0.244780768361331,0.2048784048163,-1.19476119789594,0.232180344476925,0.27822770191343
"pgaptmp_000559",49.9213469408482,-0.739893513720774,0.548900542092843,-1.34795551649433,0.177672690409113,0.216747870764575
"pgaptmp_000560",330.460734061158,-1.78133628875526,0.261676764988697,-6.80739189370597,9.93839387164733e-12,2.32938929409769e-11
"pgaptmp_000561",788.438068693566,-2.56949974814074,0.156657931807316,-16.4019767048957,1.85115404233597e-60,1.31488460793406e-59
"cotR",46.2135859285222,0.0633110414790581,0.624285217851085,0.101413648231152,0.919222102609831,0.933518326306628
"pgaptmp_000563",237.779143012596,-3.68278687344443,0.326499539629972,-11.2796081661193,1.65481398012157e-29,6.62994363187566e-29
"pgaptmp_000564",297.724760488667,-2.74826925339389,0.295012268458481,-9.31577953606587,1.21060256749236e-20,3.79600906167359e-20
"pgaptmp_000565",0,NA,NA,NA,NA,NA
"pgaptmp_000566",47.1723708543489,-1.83917600958823,0.579659234821946,-3.17285725664867,0.0015094671888334,0.00230292225188499
"pgaptmp_000567",639.452546539341,1.89679196742503,0.157963251945746,12.0078052588871,3.2331185936709e-33,1.40580226701438e-32
"pgaptmp_000568",38962.3501466362,-6.15313047385969,0.109045594294106,-56.42713503183,0,0
"pgaptmp_000569",93.2890546250191,-1.04864743334547,0.421777669048274,-2.48625641018812,0.0129094913879583,0.018022928336827
"pgaptmp_000570",328.490967206291,-1.1607057571674,0.235404522063177,-4.93068589759671,8.19413973348248e-07,1.51809796356505e-06
"satA",1085.65210375419,-3.00382524712056,0.174787057780015,-17.1856273872471,3.40246221968239e-66,2.58448252686895e-65
"pgaptmp_000572",1261.45836483824,-2.47037567015427,0.163435551020536,-15.115289511545,1.28405505875589e-51,8.00544879177458e-51
"pgaptmp_000573",899.284206400849,-1.78501913332402,0.162369909427377,-10.9935340828801,4.10529873011414e-28,1.59498140641804e-27
"pgaptmp_000574",6964.41772002663,0.686096630600937,0.122295258281327,5.61016543276476,2.02133293506113e-08,4.10441963136799e-08
"pgaptmp_000575",90.8693258678559,-1.76346242449238,0.374345612798264,-4.71078694180587,2.46762102468481e-06,4.47587010422848e-06
"pgaptmp_000576",709.380463983227,-2.96166350310005,0.180820466673652,-16.3790280911359,2.70023401732453e-60,1.91069791111823e-59
"pgaptmp_000577",765.890265207228,1.04373319742872,0.170642942726495,6.11647443927175,9.56682234812498e-10,2.07021585928611e-09
"pgaptmp_000578",392.080228293976,0.336596613064177,0.250197678680964,1.3453226858007,0.178521050603936,0.217653138040816
"pgaptmp_000579",117.682158489983,-2.0270099722965,0.348555524145769,-5.81545788799143,6.04681352974218e-09,1.2580346538681e-08
"pgaptmp_000580",84.8722860350302,-2.9682955351947,0.555767089502089,-5.34089835699698,9.24871044762847e-08,1.81272776651254e-07
"pgaptmp_000581",122.507035306218,-1.39585966550936,0.379289649430126,-3.68019445720864,0.000233056160929472,0.000375188162188363
"pgaptmp_000582",465.681402079223,-1.06254054791523,0.187181518836044,-5.6765248755457,1.37458574122433e-08,2.80955965339756e-08
"pgaptmp_000583",46.4187258564439,0.0227309477243508,0.651893497467336,0.0348691125355024,0.972184110254691,0.976908547075583
"pgaptmp_000584",32.9858731277048,-0.723669941427596,0.654044189832965,-1.10645420091938,0.268529976793572,0.317796048847592
"pgaptmp_000585",395.217333757985,-0.210630684417509,0.209699039357241,-1.00444277218972,0.315165242308513,0.367725715320466
"pgaptmp_000586",22.069003419663,-0.734919784820478,0.736001802387395,-0.998529871036447,0.318022487169907,0.370478778480875
"pgaptmp_000587",35.6557305252156,1.6922016968891,0.853786839870088,1.98199552612756,0.0474797413753172,0.0626221110556097
"pgaptmp_000588",15.2168848536764,0.732265724029548,0.850006833153962,0.861482161634473,0.388972541709874,0.443416784148285
"pgaptmp_000589",65.6332314789077,0.621838014840877,0.42631025758088,1.45865130801574,0.144661104165564,0.178820534607847
"pgaptmp_000590",8.31604610273682,-0.22087046388095,1.28277158555049,-0.172182223529815,0.863294272733268,0.889617905313647
"pgaptmp_000591",5.14612211505948,-1.68717664223446,1.46859331966775,-1.14883856520344,0.250622553868493,0.297834337643209
"pgaptmp_000592",361.779079918006,0.0927950007694254,0.216348442367236,0.428914577586432,0.667985391110091,0.712186085852695
"pgaptmp_000593",143.174474810112,0.341534868878296,0.382556781663181,0.892769087489338,0.371980843830325,0.427055120523278
"pgaptmp_000594",419.581891295355,-0.495442138158154,0.185003157314891,-2.67801990705959,0.00740588165967319,0.0105652324788438
"pgaptmp_000595",1138.20648473041,-1.09718690527133,0.139597106153993,-7.85966797951379,3.85152994889103e-15,1.02395674784089e-14
"pgaptmp_000596",783.582232688679,-0.432741878640056,0.173576360613047,-2.49309224546287,0.0126635941819659,0.0176995484586095
"pgaptmp_000597",111.189282612468,-1.90478905899307,0.38239788687319,-4.98117046244227,6.32008363455259e-07,1.18207795416104e-06
"pgaptmp_000598",57.8530920601887,0.622983097460419,0.525172631748084,1.18624440764699,0.2355257937131,0.28151156204244
"abc-f",904.109591249773,1.18470774571559,0.216862112214989,5.46295401080071,4.68275947054047e-08,9.33542086199873e-08
"pgaptmp_000600",357.282350543273,2.5499295871489,0.215649867467953,11.8243967273842,2.91992834112744e-32,1.24347520431079e-31
"pgaptmp_000601",226.982383696132,-0.567358949288039,0.238803652638906,-2.3758386566471,0.0175091169541384,0.0240653372611903
"pgaptmp_000602",861.644052532255,-0.682633673727884,0.164162098544041,-4.15829037142058,3.20638286248827e-05,5.40986265375401e-05
"pgaptmp_000603",2823.78683538286,-2.37544818122292,0.126218805582541,-18.8200812886753,5.17051884253181e-79,4.67103668250083e-78
"fabF",63330.4722283102,-0.0491425841842004,0.100152737887896,-0.490676393082807,0.62365534569968,0.671074066693903
"pgaptmp_000605",348.91128156818,0.349713823439556,0.204688560410553,1.70851669843258,0.0875405106568447,0.11158417146054
"pgaptmp_000606",853.848820630997,-3.59627201484523,0.206181089391974,-17.4422980567743,3.93911341745128e-68,3.0672343388606e-67
"pgaptmp_000607",156.510553921336,-2.32956172296352,0.314037486026664,-7.41810078929787,1.1881167543664e-13,2.99402204451709e-13
"pgaptmp_000608",708.832012090506,0.747082570736275,0.190360924303946,3.92455843271396,8.68889677713503e-05,0.000143797571385045
"pgaptmp_000609",6429.51474851383,-0.303677421559852,0.118492533261286,-2.5628401486718,0.0103819835730944,0.0146425702383696
"pgaptmp_000610",3411.04614554432,-0.623020761226394,0.127884684083238,-4.87173867373267,1.10620423556009e-06,2.04332117357551e-06
"pgaptmp_000611",2203.07946209198,-1.25509138109788,0.122624644102654,-10.2352295517954,1.37867839140194e-24,4.82731982389276e-24
"pgaptmp_000612",6698.01096354649,1.16439624023452,0.0852613346764993,13.656791142814,1.83911009859822e-42,9.66831608330873e-42
"pgaptmp_000613",145.751627996258,-3.44165002640364,0.453451564194825,-7.58989558788894,3.20163371768895e-14,8.23530110382741e-14
"pgaptmp_000614",235.064061576354,0.880054724747483,0.303857219388766,2.89627716108831,0.00377618724747782,0.00555971872433246
"pgaptmp_000615",13940.8534564889,1.80773456384294,0.0763921648812932,23.6638739935176,8.49575416464592e-124,1.20232688216016e-122
"pgaptmp_000616",97.4684482015512,0.801780393528018,0.395504717221322,2.02723345289292,0.0426385435008167,0.0564972085831399
"pgaptmp_000617",15471.2798603679,0.832608880854456,0.107889798450919,7.71721601865093,1.1889804882469e-14,3.11427542382475e-14
"pgaptmp_000618",4023.72687299369,-0.700202110166924,0.126687340437787,-5.52700931085358,3.2573568057003e-08,6.54637258683397e-08
"pgaptmp_000619",7.8987812818954,0.257069944243076,1.20434513405827,0.21345205537289,0.830974381588912,0.862729887942519
"pgaptmp_000620",709.911624236021,-2.23765818038811,0.162516462100697,-13.7688093345377,3.92630805863926e-43,2.08767408489362e-42
"pgaptmp_000621",3022.38824149182,-1.46188265037004,0.129248850272535,-11.3106046768501,1.16285349916536e-29,4.6942957959799e-29
"pgaptmp_000622",920.711412825984,0.805153978434163,0.139852085428147,5.75718249727376,8.55294310804629e-09,1.76463715344503e-08
"pgaptmp_000623",1740.49463202367,-0.269001180868515,0.132087063384121,-2.03654448798091,0.0416957105703006,0.0552872941726608
"pgaptmp_000624",4440.05066497228,-0.743249597180417,0.125471327188827,-5.92366091785948,3.14852334879557e-09,6.62828275125403e-09
"pgaptmp_000625",515.217348822799,-1.10859553301126,0.174545474954402,-6.35132783190664,2.13464237311552e-10,4.72362598854694e-10
"pgaptmp_000626",242.20694691293,-2.89546554003467,0.316320259773619,-9.15358865128295,5.5072962186279e-20,1.69827311729354e-19
"pgaptmp_000627",452.036252700941,-1.00936276955409,0.215387821859776,-4.68625737907883,2.78246314705843e-06,5.03957558800559e-06
"pgaptmp_000628",5912.22530040472,0.778531885532192,0.10128624990355,7.68645187548707,1.51271549453405e-14,3.9400469353784e-14
"pgaptmp_000629",4738.04502100914,-0.607132462542143,0.115693231341036,-5.247778590888,1.53944150734848e-07,2.97343087200366e-07
"thiL",801.386291840145,-0.736757418709437,0.148783884180807,-4.95186305133764,7.35063286608694e-07,1.36795277637878e-06
"tsaE",124.254026820781,1.07836297762848,0.414559746856638,2.60122451782903,0.00928916377752418,0.0131711495542648
"tsaB",641.089723582102,1.16193667728247,0.223164233441096,5.20664382175364,1.92286671648308e-07,3.68532951531927e-07
"rimI",404.282000566757,1.431299801628,0.218674264126654,6.54535094627783,5.93558323595557e-11,1.34299336195907e-10
"tsaD",3938.52152134011,1.15099537256483,0.0961095042789109,11.9758746151122,4.75397562551123e-33,2.05987162725877e-32
"pgaptmp_000642",3939.62977724271,-0.161327512810982,0.0994643699041767,-1.6219628492736,0.104811302970513,0.132150294599
"moaC",2570.0114692656,-0.804086484448239,0.103059381037889,-7.80216683188326,6.08531237666819e-15,1.60521138667321e-14
"pgaptmp_000644",10573.9216418673,-0.826255226414669,0.125568157792475,-6.58013337887949,4.70026433735789e-11,1.06608067420147e-10
"pgaptmp_000645",5742.45309273047,-0.915951459140968,0.153020310342272,-5.98581624290389,2.15307341257921e-09,4.58189779395072e-09
"pgaptmp_000647",324.768295252584,0.378151194130862,0.296703587700241,1.27450833022251,0.202483322323044,0.244768731954001
"pgaptmp_000648",2174.25255948147,0.201280129967806,0.106917959107492,1.88256614368635,0.0597591882017077,0.0778521870797186
"groES",10636.8526581313,3.21909640923479,0.136173693042887,23.6396350668184,1.50877154625404e-123,2.11114575005922e-122
"groL",78216.9790849939,2.70390569196646,0.106174071263334,25.4667232761585,4.60881654861981e-143,7.69238349505065e-142
"pgaptmp_000651",88152.8910048708,-6.25313925644556,0.474927513334955,-13.1665129538102,1.36770117451159e-39,6.91655403740778e-39
"pgaptmp_000652",22313.6114846072,1.58250619272234,0.112336792723498,14.0871583953573,4.55525371217676e-45,2.51552734669464e-44
"pgaptmp_000653",10653.2960725256,-1.40049547509385,0.0938637758362273,-14.9205107360844,2.42410792882484e-50,1.47290051523299e-49
"gutB",12084.1225222406,3.91493495788334,0.100926368695292,38.7900110594782,0,0
"pgaptmp_000655",9148.92018690492,3.68071631675425,0.101618395334156,36.2209647638187,2.84791533459942e-287,1.00951817860753e-285
"pgaptmp_000656",10329.5346832009,1.17089930419742,0.102160302233799,11.4613923274988,2.06173413726855e-30,8.46061131081979e-30
"pgaptmp_000657",135.200130840828,-0.225209981588571,0.311470328113331,-0.723054369103907,0.469646482043371,0.524774604072478
"pgaptmp_000658",117334.42773566,-1.23591295536188,0.0882119157688362,-14.0107257006032,1.34028372233369e-44,7.29318130778657e-44
"pgaptmp_000659",130097.459579302,-1.26306604285059,0.0755021295259048,-16.7288797121574,8.07427306670266e-63,5.88110457030671e-62
"pgaptmp_000660",25229.1116323634,-0.46809733820722,0.0964102452673903,-4.85526550533058,1.20225548941477e-06,2.21524501564445e-06
"pgaptmp_000661",67293.9660179616,-0.795784972874906,0.0779060536772832,-10.2146744099162,1.70450415098645e-24,5.9457961105638e-24
"pgaptmp_000662",608.185767863055,-0.852717359029061,0.153415702436498,-5.55821435150695,2.72548548513349e-08,5.49228856289488e-08
"rsiV",284.01096949663,-1.4503724357033,0.286392491701276,-5.06428233187106,4.09941728455052e-07,7.74912703560033e-07
"pgaptmp_000664",224.840967640106,-2.2256474066632,0.268029803478204,-8.30373106938533,1.00891870482412e-16,2.80447753499282e-16
"pgaptmp_000665",428858.618158643,-0.772948977808513,0.116209861385572,-6.65132002217912,2.90475906123569e-11,6.653238908258e-11
"pgaptmp_000666",377.365504909084,-1.4100102946537,0.21206511548236,-6.64894974096285,2.95191766278906e-11,6.75709565861063e-11
"pgaptmp_000667",1070.41751641171,-0.896134302080719,0.140696439896687,-6.36927489237641,1.89923944436142e-10,4.21273492962646e-10
"pgaptmp_000668",909.315080067296,-0.99876165421548,0.189792656282701,-5.26238303302842,1.42200129297233e-07,2.75087776114502e-07
"pgaptmp_000669",1759.97432195019,-0.852847947497085,0.162247863012357,-5.25645103524187,1.46861854418956e-07,2.83810914925936e-07
"cotA",125.57562273588,0.158435159548154,0.44521352623004,0.355863311004373,0.721942933083797,0.761453161412823
"gabP",5786.7417195985,-0.441708766384637,0.110779221297531,-3.98728896277663,6.68326071923252e-05,0.000111248194977565
"pgaptmp_000672",6.45675009289229,-0.0474861955601572,1.67169718161999,-0.028405979313873,0.977338355324185,0.981557840938105
"pgaptmp_000673",19432.9437214997,3.08090446087419,0.114109244641614,26.9996043751798,1.49378922503016e-160,2.91093376731009e-159
"pgaptmp_000674",3040.57515056233,2.91094981043977,0.0967973882253172,30.0726069557155,1.10571822601797e-198,2.67239171249277e-197
"pgaptmp_000675",2363.09047498714,3.52132486257575,0.154609441534136,22.7756133625144,8.00129466246066e-115,1.05232575030666e-113
"pgaptmp_000676",6215.03009593194,3.17423144313697,0.142146586643558,22.3306905785685,1.86030528823931e-110,2.33133208175983e-109
"pgaptmp_000677",11694.0602385884,2.96797868025721,0.0922220821993867,32.1829502162005,3.05714801501561e-227,8.75284993222162e-226
"pgaptmp_000678",17338.1144314155,3.47485863804891,0.0797587565035383,43.5671115044874,0,0
"pgaptmp_000679",2015.12625086166,4.33295982141182,0.159142105576737,27.2269856284044,3.11320441491011e-163,6.33188351491554e-162
"pgaptmp_000680",4045.92830674517,3.79119209030831,0.114993245632348,32.9688241205867,2.27345008045455e-238,6.82401709633213e-237
"pgaptmp_000681",330.752961320914,3.79886395051495,0.299942150388518,12.6653221149286,9.20417806994589e-37,4.32549883539629e-36
"pgaptmp_000682",3106.59235121639,-1.50684690930576,0.0962324674983598,-15.6584045746456,2.91108619580146e-55,1.91432205314011e-54
"pgaptmp_000683",5013.69806983521,-0.872160029607623,0.097882561699368,-8.91026976067846,5.09085442474232e-19,1.51949961258147e-18
"pgaptmp_000684",4229.0714767891,0.224378586174089,0.0996512269148101,2.25163897245245,0.0243450961259913,0.0329739620745777
"guaA",24082.0599794541,1.00543224665193,0.0889923362992827,11.2979643917948,1.34294855246458e-29,5.39207606501958e-29
"pgaptmp_000686",18.807935396954,-1.20726976969769,0.847237588858369,-1.42494830915665,0.154172143665852,0.190072447407851
"pgaptmp_000687",490.827628308609,-0.719747905191896,0.186494250441948,-3.85935707661904,0.00011368572231731,0.000186981112887772
"pgaptmp_000688",5102.78726600951,-0.735598825877073,0.109387869212691,-6.72468374392404,1.75974229444538e-11,4.07070280915209e-11
"pgaptmp_000689",9881.71027430233,-4.39143557577689,0.121003478642406,-36.2918126408137,2.17827454962548e-288,7.94856654284905e-287
"pgaptmp_000690",3505.75190752687,-3.77635828669871,0.122801458032659,-30.7517381894145,1.15907337573185e-207,2.95484322224243e-206
"pgaptmp_000691",585.192175532639,-2.05168833995319,0.214026933968696,-9.58612218522585,9.14579418733408e-22,2.96521306317574e-21
"pgaptmp_000692",553.47392753477,-2.17366858296661,0.223123138519343,-9.74201329988089,1.99560805379401e-22,6.59064168253888e-22
"purE",760.045455511067,-0.269161312732644,0.154021181931379,-1.74756036382426,0.0805401837633315,0.102907848941682
"purK",2325.05509198457,-0.355855427593372,0.0985880400571298,-3.60951924175753,0.000306765019286661,0.000489823853189597
"purB",4953.01402881317,-0.321416292343783,0.12443017293906,-2.58310572710686,0.00979153116879342,0.0138623351123047
"purC",991.245535884069,-0.346216760749042,0.157567825552501,-2.19725543292266,0.0280022086444401,0.0377213972401759
"purS",288.136578634409,-0.480170019427181,0.240479446265991,-1.99671958199734,0.045855653689342,0.0605444281772724
"purQ",636.900870551206,-0.306664365482442,0.165262532542427,-1.85561942422559,0.0635078230384012,0.0824471982382034
"purL",2004.67972023451,0.458930253598216,0.12681812424814,3.61880650986639,0.00029596481476568,0.000473187732198395
"purF",2112.93042176676,0.423119786723129,0.118478442056676,3.57128081175074,0.000355239770437984,0.00056576911663251
"purM",843.055834369298,0.718220435345703,0.189203340802375,3.79602406754484,0.000147035230246901,0.000240344807632396
"purN",659.678284875807,1.00397442023387,0.194572728889458,5.15989278643593,2.47091302700317e-07,4.72354303364447e-07
"purH",2298.37273349413,0.816659597550502,0.102926929666773,7.93436275806972,2.11578839992055e-15,5.64918538343206e-15
"purD",2282.03406146701,0.47933854553088,0.113591526115792,4.21984422537168,2.444711815481e-05,4.15869167149008e-05
"pgaptmp_000705",3.27252161372997,0.295343899722452,2.03863221577346,0.144873556611779,0.884810704910544,0.907235659415164
"pgaptmp_000706",14964.5287992418,0.952915697083098,0.0875940315153894,10.8787742794517,1.45506338493176e-27,5.57175506040741e-27
"pgaptmp_000707",22499.7701520687,-0.560559899495294,0.0746985218916405,-7.50429707710223,6.17590999415265e-14,1.57551315957753e-13
"pgaptmp_000708",7208.49431964361,0.281130023277572,0.0902399357127966,3.11536151989641,0.00183719590145647,0.00278421952166978
"pgaptmp_000709",156.234543535844,1.07707484294783,0.296985296302189,3.62669417091909,0.000287072966001434,0.000459563690089178
"pgaptmp_000710",302.446332266546,-0.160137843697062,0.245048181961599,-0.653495334734442,0.513436996062222,0.566897804610973
"pcrA",5383.95480147752,0.85802283336607,0.0855283663167232,10.0320264529395,1.10230677102702e-23,3.77094283250236e-23
"ligA",10708.4850511803,0.451117258910574,0.0827596574450136,5.45093192550128,5.01065492153007e-08,9.97841499086941e-08
"pgaptmp_000713",9214.44298780801,0.718546855212621,0.0792683589008314,9.06473737032399,1.24904787172652e-19,3.80127242728219e-19
"pgaptmp_000714",5597.42279696514,2.3027027276437,0.105842860323787,21.7558626117948,6.07923856240161e-105,7.32262975056919e-104
"pgaptmp_000715",246.613336831958,-1.63653016740062,0.262380288227901,-6.23724510119888,4.45343935037646e-10,9.73895491310292e-10
"gatC",1319.52477648267,1.5991313471427,0.115234479487688,13.8771950396457,8.7085718612601e-44,4.71123611447821e-43
"gatA",25465.1548165595,1.40798103525387,0.0809032707597804,17.4032646891925,7.79319835702517e-68,6.05559170873647e-67
"gatB",42975.7686515015,1.04394566519858,0.0894736814927036,11.6676283772196,1.86551448399861e-31,7.82801004446769e-31
"pgaptmp_000720",432.898456357612,0.57406697323482,0.240542081169189,2.38655527733229,0.0170070504209036,0.0233839090013311
"pgaptmp_000721",76170.5754006676,0.60993738483437,0.0906474541957299,6.72867638971268,1.71213358024394e-11,3.96550167123082e-11
"pgaptmp_000722",4974.39123320747,-0.427479248188595,0.10235091345228,-4.17660413346388,2.9589331618335e-05,5.01053195102106e-05
"rlmD",9710.49094766139,0.0640570240432396,0.0796841385112012,0.80388676140654,0.421462376379776,0.476803332791953
"pgaptmp_000724",12443.8311280442,-0.314276852457561,0.0822942410282239,-3.81894101617361,0.000134025801936039,0.000219561635037824
"pgaptmp_000725",10583.6855403896,0.144255005100563,0.0879059854211267,1.64101459541678,0.100794385494806,0.127555655851665
"pgaptmp_000726",22120.3852523863,0.438928629886594,0.0783993336489186,5.59862704767578,2.16056036392703e-08,4.372814396159e-08
"pgaptmp_000727",1299.79912119499,0.582456430400264,0.155570684650377,3.74399863129259,0.000181114639357026,0.000293729275680545
"pgaptmp_000728",415.345323276852,0.47195550873295,0.260424640520346,1.81225366305566,0.0699470107342804,0.0901776148087951
"pgaptmp_000729",105.553642990337,-0.541362909169482,0.534333279962116,-1.01315588878886,0.31098570644043,0.363647125155916
"pgaptmp_000730",60.9414651489374,-0.0106361759677187,0.45163135842372,-0.0235505701039914,0.981211100544495,0.984650233547212
"pgaptmp_000731",1548.04808487448,0.289054354944157,0.172401614596893,1.67663368826342,0.0936141349169245,0.11891870653952
"pgaptmp_000732",1095.07268073528,0.0560330063794665,0.148354081249233,0.377697774861561,0.705655120979503,0.746574292292697
"pgaptmp_000733",500.226605020844,0.596274938902651,0.176338451739449,3.3814232404835,0.000721113770047341,0.00112347653918636
"pgaptmp_000734",2584.65832014577,0.619290948667437,0.113353853138705,5.46334272298308,4.67251253762279e-08,9.3199848151297e-08
"pgaptmp_000735",4.73503533113182,-3.65440400571665,2.00294788208445,-1.82451277859189,0.068074586249238,0.0879769479234944
"cotJA",3.702639010434,-0.4993892880165,1.94524102151552,-0.256723605194914,0.797392147809196,0.831808737148494
"cotJB",7.52006478087407,-0.0258719161486314,1.40058284065825,-0.0184722498359841,0.985262115210709,0.987916377374531
"cotJC",11.9215996647892,1.25690740458887,1.21186957197139,1.03716392725681,0.299659466384508,0.351950941585087
"pgaptmp_000739",573.881565430182,0.867812811176251,0.208467769390421,4.16281525779173,3.14347692024252e-05,5.31094920433166e-05
"pgaptmp_000740",547.18712230567,0.985694611071114,0.16364930196236,6.02321304919361,1.70988126666276e-09,3.65337432521172e-09
"pgaptmp_000741",168.078967100848,-0.457399822433187,0.281752784669397,-1.62340834703689,0.104502141552653,0.131805140921374
"hmoA",1731.17434691333,-1.55011371518622,0.114302154429836,-13.5615441626496,6.76958025170654e-42,3.53385381442521e-41
"pgaptmp_000743",906.26930650528,-1.28690669777189,0.223155343324039,-5.76686481534614,8.07597802039925e-09,1.66807936692153e-08
"pgaptmp_000744",5311.68329496978,0.00331233085747587,0.125319972857431,0.0264309892665242,0.97891357691874,0.982609582872586
"pgaptmp_000745",49.9721257202437,0.817734040975973,0.835355933187581,0.978904929609627,0.327626956230835,0.380357932342847
"pgaptmp_000746",411.921275381043,0.0511588032028975,0.230500385769285,0.221946714024609,0.824355364756176,0.857292726354425
"pgaptmp_000747",15538.2422778484,1.81017861066248,0.0918974752412573,19.6978056895496,2.25169668166247e-86,2.22894017264567e-85
"pgaptmp_000748",101.619513964422,-3.15654010878201,0.458579043257314,-6.88330649905177,5.84790157575662e-12,1.38459857919632e-11
"pgaptmp_000749",456.445314831419,0.101023398681955,0.174261418303074,0.579723266720212,0.562101250595588,0.613351174059448
"pgaptmp_000750",468.696853959266,-1.74984807667834,0.191027759327035,-9.16017694414055,5.18122907621936e-20,1.60170553336283e-19
"pgaptmp_000751",95.8238903800982,-0.521944247830589,0.50107244510653,-1.04165426163002,0.297572001717324,0.349940913235981
"pgaptmp_000752",478.625535898431,-0.497452051802314,0.201280256083793,-2.47143987930552,0.0134570176516446,0.0187311218023266
"pgaptmp_000753",187.570329681198,-0.00551917907783985,0.298725418790211,-0.018475759780308,0.985259315158178,0.987916377374531
"pgaptmp_000754",843.538960347222,1.29089015331385,0.152854183570691,8.44523926763737,3.03423336126754e-17,8.54914199139877e-17
"pgaptmp_000755",846.861598240923,1.14905746081395,0.176460815936661,6.5116862047515,7.43118341773171e-11,1.67325255177238e-10
"pgaptmp_000756",58741.6256062274,-1.49867132690627,0.102176881009185,-14.6674209674842,1.04232099634099e-48,6.12878159301919e-48
"rfbF",4.53299895909621,-2.52519527403202,1.76437155897756,-1.43121513220002,0.152368567987628,0.187911136530799
"pgaptmp_000758",78.0229527725745,-0.219837902995912,0.411801748122037,-0.533844025671216,0.593449451210233,0.642098505059444
"pgaptmp_000759",132.433434351883,-0.18625438520474,0.339519923430852,-0.548581607001549,0.58329261114588,0.632764528908472
"pgaptmp_000760",259.708427661553,-0.760979784178638,0.29501063622999,-2.57949948484359,0.00989436061247327,0.0139919491639915
"pgaptmp_000761",234.434020613363,-0.544275677658355,0.245653082256597,-2.21562730928746,0.0267170369498751,0.0360815716717834
"pgaptmp_000762",996.817525227838,-1.7208149655867,0.132048788042009,-13.0316604271995,8.0829308750429e-39,3.97419666009375e-38
"pgaptmp_000763",2427.19822193423,-2.83019954779509,0.16176128271452,-17.4961492657665,1.5328888715499e-68,1.20367349787104e-67
"pgaptmp_000764",59831.964273787,-0.426306253241325,0.108091703291943,-3.94393131256264,8.01566255901268e-05,0.000132951408398597
"pgaptmp_000765",46598.2188278833,-0.0546407453626631,0.109372616068855,-0.499583417921211,0.617368436205814,0.664885798483229
"pgaptmp_000766",889.053467703322,-2.24095503584171,0.152764412809127,-14.6693525974645,1.01307024671738e-48,5.9662143327248e-48
"pgaptmp_000767",52.9900904437244,0.466291395595365,0.516628339885518,0.902566428505825,0.366756050762536,0.421316673129061
"pgaptmp_000768",7234.60832674265,0.204472343754892,0.0983311423897613,2.07942609823866,0.0375782038026868,0.0500594397113816
"pgaptmp_000769",146.824842918964,-2.69114750232713,0.421244251153444,-6.38856790320172,1.67446467934999e-10,3.72303317595022e-10
"pgaptmp_000770",708.175416579341,-4.27561486915955,0.272560646860214,-15.6868385748745,1.86095757840315e-55,1.225926390587e-54
"pgaptmp_000771",4030.63069962678,-0.149998644604666,0.0962083586540857,-1.55910200218654,0.118972239855684,0.148795254281873
"pgaptmp_000772",3536.6196332192,-1.37442167584621,0.100764064354893,-13.6399983927353,2.31565690803604e-42,1.21563822450073e-41
"pgaptmp_000773",54.7560044976684,-1.39790334662529,0.546782054682628,-2.55660063210502,0.010570049278831,0.0148965253372999
"pgaptmp_000774",3010.07471945172,1.74088626693635,0.118993551390108,14.6300891653283,1.80550372762097e-48,1.05661711858573e-47
"pgaptmp_000775",422.379988173383,-0.658856157253399,0.211177216599194,-3.11992064231002,0.00180899768655131,0.00274707849422439
"pgaptmp_000776",43.7321288376956,1.28391505055743,0.523137622182616,2.45425868091981,0.0141175384491258,0.0195919008604199
"pgaptmp_000777",678.214960678486,-0.834551158080805,0.164435312399594,-5.07525510124469,3.86976473946779e-07,7.32245264885568e-07
"pgaptmp_000778",2080.93446139549,-5.73897674346538,0.184752217404338,-31.0631007524277,7.59188453672095e-212,2.00404214508336e-210
"pgaptmp_000779",17.7711517205319,-4.78987715350595,1.29363698896922,-3.70264393670635,0.000213364236237922,0.000344380610267799
"pgaptmp_000780",10.9765228686792,-1.33305218927243,1.04126906436357,-1.28021875891147,0.200468210295152,0.242411526549238
"pgaptmp_000781",55.4942628160612,0.0738335669780178,0.691148664629589,0.106827330727157,0.914925964755264,0.931697521427932
"pgaptmp_000782",7.54969182093522,0.519495012725376,1.26212719040196,0.411602742319439,0.680630621273206,0.724215886900764
"pgaptmp_000783",122.716705284648,0.248179146623309,0.309497217130633,0.801878443122018,0.422623276939628,0.477826195859445
"pgaptmp_000784",2632.74510235085,-2.17589603590155,0.10679172514229,-20.3751370530101,2.77936476279034e-92,2.90584147390609e-91
"pgaptmp_000785",1306.33562271307,0.347744696721529,0.121685749531928,2.85772736790587,0.00426686822321513,0.0062549364028384
"pgaptmp_000786",2283.00213407929,0.584007720042634,0.155645510144044,3.75216554272691,0.000175313633521118,0.000285191146838112
"pgaptmp_000787",328.227070622489,1.20836587637929,0.211743807195294,5.70673538170967,1.15163610041136e-08,2.36425238043634e-08
"pgaptmp_000788",258.133977207261,1.56509586938961,0.233098114185146,6.71432231384968,1.88942256362304e-11,4.35984549398944e-11
"nosA",1954.46159050357,-0.675432805747123,0.106666266598738,-6.33220630368548,2.41680032600458e-10,5.34164537612176e-10
"pgaptmp_000790",206.093355505285,-0.0320562467521088,0.25901298158883,-0.123763089230008,0.90150285759165,0.921726219365116
"pgaptmp_000791",1821.63349602712,-0.208988587229661,0.105458742849346,-1.98170944943098,0.0475117690050818,0.0626421552380143
"pgaptmp_000792",213.699452751708,0.0396398117758884,0.320825730874194,0.123555587851002,0.901667158707251,0.921726219365116
"pgaptmp_000793",174.733736017265,-0.122208526179877,0.266742627116319,-0.458151467956359,0.646843624433359,0.69321968619089
"pgaptmp_000794",2977.07875057644,0.766853610289241,0.113974959520578,6.72826394073678,1.71699264910067e-11,3.97428273628899e-11
"nagE",10547.9640740776,-0.3554961357436,0.105295399924447,-3.37617916830822,0.000735000384700079,0.001144153672879
"pgaptmp_000797",3465.65210063313,-0.420567558111622,0.133105266389855,-3.15966129303863,0.00157952645236119,0.00240548177401324
"pgaptmp_000798",12913.1790381894,-0.355177390710662,0.0845726930135051,-4.1996698704385,2.67304427223566e-05,4.53467218835967e-05
"pgaptmp_000799",1579.67925336084,-2.24720080765352,0.153648503066864,-14.6255951916147,1.92876746245219e-48,1.12698155341398e-47
"pgaptmp_000800",26.1766519755371,-0.526020928572982,0.672583446374513,-0.782090209636351,0.434161560035968,0.488645094180185
"pgaptmp_000801",8.73125560008719,-0.121107273543136,1.70789547387467,-0.070910237421253,0.943469195604183,0.953459773564694
"pgaptmp_000802",0.823944390147905,-0.448284796836102,4.3641307259393,-0.102720295286209,0.91818496553998,0.933175245451167
"pgaptmp_000803",59.1261689541612,0.174906675894054,0.463432089723108,0.377415979110463,0.705864493815809,0.746583587946133
"pgaptmp_000804",2067.0114193461,1.42152917154068,0.1253628071232,11.3393214794853,8.37915969606201e-30,3.39360526536918e-29
"pgaptmp_000805",568.557101514929,-0.667309860810771,0.211681973617345,-3.15241704056037,0.00161924825816065,0.0024639583061627
"pgaptmp_000806",912.151645639148,-0.933545786775265,0.147168001457561,-6.34340194559531,2.24746038981381e-10,4.97031941229175e-10
"pgaptmp_000807",7397.4564641874,3.53200214932269,0.0844796599619417,41.8089058468496,0,0
"pgaptmp_000808",416.710442800534,1.24476728370948,0.244745515038043,5.08596565504376,3.65760243277997e-07,6.93509742985585e-07
"pgaptmp_000809",2069.78767058181,-0.0600929530379511,0.12389069174754,-0.485048167786539,0.627642178012626,0.675168840047109
"pgaptmp_000810",1209.67418749389,0.817341035253413,0.150007098040919,5.44868240188515,5.07443333904414e-08,1.01000218651991e-07
"aroD",871.006235013646,0.828923954134914,0.167842925866233,4.93868865700987,7.86496663208614e-07,1.45856531164049e-06
"pgaptmp_000812",206.816047046378,-2.26159492204661,0.267107618411384,-8.46698022129581,2.51836834685141e-17,7.12261929101895e-17
"pgaptmp_000813",70.3556456084484,1.41093413566207,0.478962619467892,2.94581263404139,0.00322107451061819,0.00478596380380075
"pgaptmp_000814",740.450730144107,1.11457936647901,0.151964589658854,7.33446764789833,2.2260453062543e-13,5.54945789007266e-13
"pgaptmp_000815",359.439164808544,1.8214299356908,0.215600303309056,8.44817891132483,2.95881719072047e-17,8.34296786656182e-17
"pgaptmp_000816",1714.0226600357,1.58957366774658,0.146711078660398,10.8347214284074,2.35681636871949e-27,8.94196791475426e-27
"pgaptmp_000817",2703.92169932906,-0.487167906462627,0.13945609994261,-3.49334239709205,0.000477014459875172,0.000753585661992949
"cax",154.451049405229,0.687231123992199,0.273402872761663,2.51362071309063,0.0119498874353117,0.0167460395460203
"pgaptmp_000819",231.91582168764,-0.57134182722921,0.3041018132452,-1.87878467784252,0.0602739000166397,0.0784678054781158
"pgaptmp_000820",5268.47573730455,-2.0678947850181,0.121223688066672,-17.0585041422,3.02194774665442e-65,2.25857219137505e-64
"yfkAB",7707.05659736618,-2.85366121822949,0.0898761666892482,-31.751033932012,3.07259211988985e-221,8.47125027424446e-220
"pgaptmp_000822",46.5953559082379,-0.7046330821547,0.505947376925977,-1.39270033661582,0.163710426786167,0.201023431986168
"pdaA",77.7744862898724,0.0348517158356429,0.539884154744945,0.064554063180661,0.948529060646544,0.957533269250457
"pgaptmp_000824",2407.51411622814,0.277251283072357,0.148027571534718,1.87297055675423,0.0610724508970566,0.0794796021814142
"pgaptmp_000825",515.286677895914,-0.45780815912402,0.161661537374585,-2.83189289523603,0.00462733455819093,0.00676204916591545
"corA",693.128233401003,0.000964810015055716,0.197337147160273,0.00488914544949876,0.996099041871582,0.99717069226628
"pgaptmp_000827",2084.40094053245,-0.172262218716838,0.129934944762714,-1.32575743216286,0.184920057086777,0.224376898864327
"pgaptmp_000829",211.344794586007,-2.11657965805063,0.365861021238898,-5.78520130645061,7.24255446672359e-09,1.49926516825057e-08
"pgaptmp_000830",915.014122167794,-0.343923095112385,0.147863855086038,-2.32594432839766,0.0200215208113055,0.0273769656354442
"pgaptmp_000831",634.327680142863,-1.94999807809023,0.259309785265652,-7.51995562409087,5.47948372142919e-14,1.40265738728744e-13
"pgaptmp_000832",85608.3648885351,11.9009334126074,0.146253928869355,81.3717177009186,0,0
"pgaptmp_000833",106626.92424778,11.100924539255,0.164604428116345,67.4400115858895,0,0
"pgaptmp_000834",149023.134496383,9.87818817823121,0.118914883753075,83.0694011251204,0,0
"lpdA",402174.016707873,2.43981778615142,0.103389024098392,23.5984216644653,4.00064267551078e-123,5.57692585702289e-122
"pgaptmp_000836",18980.8320017923,0.860019438553192,0.0825516567228576,10.4179549229454,2.05320560624166e-25,7.35517927471747e-25
"pgaptmp_000837",1735.77189443924,1.93013115081636,0.12038744398309,16.0326616045397,7.55752507922976e-58,5.20909413794318e-57
"glvA",46789.5855046691,4.26559100705264,0.143787657120604,29.665905213789,2.11495605824173e-193,5.0460682363947e-192
"pgaptmp_000839",3705.99724787818,1.13868138676052,0.0876070742146309,12.9975963353237,1.26249293109663e-38,6.17476831740032e-38
"pgaptmp_000840",6463.82987024746,2.67490958895529,0.136349261510853,19.6180717028847,1.08387230024645e-85,1.06442551491222e-84
"pgaptmp_000841",27567.2042616854,-5.85316911392927,0.44516117759151,-13.1484267015312,1.7375217801932e-39,8.75109075220444e-39
"pgaptmp_000842",2407.6059922352,-1.39380204057594,0.10523694214255,-13.2444179030586,4.86035591907945e-40,2.47134490858111e-39
"pgaptmp_000843",3688.84115547248,-0.914286988414545,0.124045623289523,-7.37057031250992,1.6989962733299e-13,4.25263223223531e-13
"pgaptmp_000844",148.203499306123,-0.363479931053675,0.30992267844234,-1.17280843364065,0.240872635354062,0.28698077746089
"pgaptmp_000845",852.276609743982,-1.08132078705105,0.150611632496312,-7.17953035319187,6.99512925258183e-13,1.7083904906896e-12
"cyoE",26078.574468284,-1.47417413166453,0.0994892904891877,-14.8174152656636,1.13051526183164e-49,6.79770243059346e-49
"pgaptmp_000847",422.692664537276,-1.30220598059659,0.227818530769421,-5.71597918834168,1.09074087812062e-08,2.24171040771118e-08
"pgaptmp_000848",936.515172926823,0.02375544349375,0.128849006165831,0.184366524823454,0.85372592896118,0.881678109765125
"pgaptmp_000849",2490.47552945805,0.625372898928485,0.104748838588676,5.9702132009709,2.36943752742483e-09,5.02509770773516e-09
"pgaptmp_000850",5.68062140765488,-0.311942161064831,1.85323369725869,-0.16832316481524,0.866329050967216,0.892089079339499
"pgaptmp_000851",7428.34643436168,1.2305199284593,0.0880293995243262,13.9785109873351,2.10853406467473e-44,1.14401804500282e-43
"pgaptmp_000852",1420.09939636338,1.31834012032326,0.117998428870273,11.1725226593707,5.55795855297373e-29,2.1960426469393e-28
"pgaptmp_000853",5666.23217727149,0.974352232383128,0.111811347820549,8.71425174077062,2.92685344344551e-18,8.53742046747978e-18
"pgaptmp_000854",612.345551276116,-1.0038941440607,0.172627910820692,-5.81536403521355,6.05020730943163e-09,1.25803751987176e-08
"pgaptmp_000855",575.04054843678,-0.0385546933969299,0.186429179657208,-0.206806109793657,0.836161284378257,0.867147478533261
"mprF",7898.36062535274,-0.224408144035451,0.0937022376618042,-2.39490699085969,0.0166245817728364,0.0228918584382157
"pgaptmp_000857",1367.05592532114,1.69540154472185,0.139190618564149,12.180429702886,3.95194212530681e-34,1.75526594157422e-33
"pgaptmp_000858",6659.36006163312,-0.527965974124772,0.114400420680181,-4.6150702155262,3.92962438616949e-06,7.03514284046313e-06
"pgaptmp_000859",64.7630644516214,-0.709739427267943,0.434982668200236,-1.63164990045357,0.102753259709286,0.129731218669594
"pgaptmp_000860",98.4037858782403,-0.216029313835603,0.409705581988404,-0.527279400947281,0.597999576798373,0.646645678339205
"pgaptmp_000861",365.840281568314,-0.768824534785608,0.271108090548639,-2.83585979758017,0.00457025040863702,0.00668387898661964
"recX",1600.57392496553,1.34264365627691,0.159415011700645,8.42231632989603,3.69112837211008e-17,1.03842628881283e-16
"pgaptmp_000863",413.092712659406,1.87908737522449,0.206556236397497,9.09721927547314,9.26741208418145e-20,2.83428987488277e-19
"pgaptmp_000864",302.279968817127,-2.06041022251739,0.218740779421667,-9.41941519987702,4.5360732562885e-21,1.43321431747927e-20
"pgaptmp_000865",0.361804571374839,0.532301883106539,4.9814866746906,0.106856028705447,0.914903197399335,0.931697521427932
"pgaptmp_000866",64.979946667814,-1.54463369933778,0.50193002465403,-3.07738852722043,0.0020882292587465,0.0031505428865239
"pgaptmp_000867",4216.82214855265,1.26233686583444,0.116768599254551,10.8105849851174,3.06707916384555e-27,1.15895113175971e-26
"pgaptmp_000868",4039.44695053086,1.16759660796998,0.100160253898036,11.6572848263605,2.10653078040461e-31,8.82940041065988e-31
"pgaptmp_000869",10120.0594573661,0.771552280235432,0.106387371969761,7.25229193982472,4.09777435763259e-13,1.01006067278864e-12
"pgaptmp_000870",1341.20432750447,1.10930804900116,0.120219202844663,9.22737817879656,2.77336995670026e-20,8.62362821958091e-20
"pgaptmp_000871",2945.19957695227,0.519742197902606,0.0936398537046698,5.55043795285945,2.8495483527023e-08,5.73608381220008e-08
"pgaptmp_000872",3976.12942915826,-2.07826904064042,0.12606229566603,-16.4860478675262,4.622111641059e-61,3.32113890502347e-60
"mutY",3762.78234909654,-1.43569155418369,0.100697703471346,-14.2574408818788,4.02962519427587e-46,2.2587748453456e-45
"pgaptmp_000874",5.78082558971846,0.302669799189346,1.58467505654894,0.190998020659511,0.848527143896742,0.877526543368623
"fabL",9889.88661411537,-0.0973174008362302,0.0965024943430387,-1.00844440860041,0.313241162781127,0.365710040110211
"pgaptmp_000876",2766.81360672682,0.097563762969681,0.122963463974173,0.793437008168319,0.427523256119501,0.482486828161547
"pgaptmp_000877",126.279647332926,1.05406675249856,0.345070607349404,3.05464078959139,0.00225330225672717,0.00338860242405597
"pgaptmp_000878",2428.78896331433,-1.34424296467458,0.107302328269249,-12.5276215936483,5.27200793423755e-36,2.42851652614259e-35
"pgaptmp_000879",5282.12068490695,-1.4941875733177,0.0880036213898066,-16.9787055318927,1.18061392022847e-64,8.78849002218076e-64
"pgaptmp_000880",3362.88447434243,-2.74049378973142,0.154946077007236,-17.6867581462126,5.30404907209043e-70,4.28235805777019e-69
"pgaptmp_000881",6574.9266848353,-0.526518068365902,0.0922838860193665,-5.70541717603231,1.16058481501857e-08,2.3813101882575e-08
"bcp",962.638005381568,0.848396645949246,0.148022532794797,5.73153715134287,9.95245438049091e-09,2.04770786092798e-08
"perR",14163.3556169567,-0.749254127175071,0.161426193898136,-4.64146560779268,3.45946608109108e-06,6.22035398735315e-06
"pgaptmp_000884",3593.21986633708,0.129318419228958,0.0966976445179064,1.33734818333668,0.181109009905483,0.220397967343906
"pgaptmp_000885",2156.74997305285,0.500031191967208,0.164511997121721,3.03948162271253,0.00236985660529892,0.00355669608263007
"pgaptmp_000905",18.6195610768021,-5.32143323211645,1.64749082269818,-3.23002298938531,0.00123780264576784,0.00189905253402635
"pgaptmp_000906",120.088044156872,0.983968528771599,0.364525218359258,2.69931538125257,0.00694822953544232,0.0099466578195832
"thiC",1013.82210350955,0.644296316205855,0.133416136847387,4.82922329660061,1.37066635782147e-06,2.51683284845165e-06
"pgaptmp_000908",236.766055090396,-0.117602994620767,0.225804920983156,-0.520816792250242,0.60249440407097,0.650938801727765
"pgaptmp_000909",0,NA,NA,NA,NA,NA
"pgaptmp_000910",136.031884416307,-2.4339747318881,0.398633285356974,-6.10579904211584,1.02287642499144e-09,2.2121708621837e-09
"pgaptmp_000911",86.5428197145702,-1.43786119061737,0.373502908168561,-3.84966531497116,0.000118279331779262,0.000194278761201418
"opp4C",7758.41272573391,3.30173936829349,0.0899896049023116,36.6902307425141,1.04546108606485e-294,4.05333975243059e-293
"pgaptmp_000913",167.175296965792,-0.057503042268505,0.280228937190677,-0.205200229658574,0.837415690020474,0.867964689015929
"pgaptmp_000914",228.764284872696,-0.298364585969163,0.263792870709858,-1.13105629112066,0.258031399534014,0.306345412780095
"katA",86794.9461855032,2.45974110676542,0.125510736516585,19.5978541360913,1.61283126840815e-85,1.57972578447766e-84
"pgaptmp_000916",121.605169787107,-2.40107007354346,0.404556488634861,-5.93506751466439,2.93724604575632e-09,6.20103787992344e-09
"pgaptmp_000917",80.3960718359138,-4.83017740150798,0.643705340376879,-7.50370876009819,6.20370569858392e-14,1.58152004178968e-13
"pgaptmp_000918",230.944258200561,-4.44853557944421,0.383767297104247,-11.5917526402355,4.5375147765754e-31,1.88279041230921e-30
"pgaptmp_000919",298.131726637263,-4.70100979475911,0.340194046503591,-13.8186127684321,1.96826369600884e-43,1.05560194186526e-42
"ssuD",492.781402855573,-3.21908012920458,0.237828226159211,-13.5353157242555,9.676580710851e-42,5.01618849662778e-41
"pgaptmp_000922",251.499760427321,0.331378058321434,0.257350890204568,1.28765071711243,0.197867576165393,0.239344529895221
"pgaptmp_000923",22.8057181234986,0.567922609257009,0.847704506173125,0.669953509886172,0.502887426903873,0.556405173286628
"pgaptmp_000925",659.565738480428,-0.502239823083063,0.148915346728215,-3.37265321619067,0.000744476528786442,0.00115842041812004
"queG",3656.24594638014,-1.2075570926783,0.110672855334263,-10.9110503115795,1.02070173889931e-27,3.92464036382565e-27
"pgaptmp_000927",186.047817800055,-1.68303940824678,0.284519448580234,-5.91537561542887,3.31119060580626e-09,6.96678995749626e-09
"trmL",3142.09534060382,-2.39609715721709,0.111351697236441,-21.5182814154084,1.04982092798985e-102,1.23262886245369e-101
"pgaptmp_000929",129.901497877069,-0.0293106546979941,0.33733436244025,-0.0868890275095699,0.930759721312389,0.942918660426883
"pgaptmp_000930",210.030796763241,0.684444768958131,0.280127101851171,2.44333648702713,0.0145521622427293,0.0201574796678223
"pgaptmp_000931",185.99722347642,0.490770832760572,0.270268283715363,1.81586542828471,0.0693910176867094,0.0895538723404758
"prkA",77.9960852427116,-0.793751323779369,0.450501489646363,-1.76192829995402,0.0780814124429638,0.0998690780456053
"yhbH",27.0460265578228,-0.616243857893688,0.692420749713992,-0.889984677882964,0.373474113414785,0.428637264918233
"pgaptmp_000934",564.235017807246,-5.39761960654403,0.323402137163449,-16.6901173068502,1.54666586581412e-62,1.1221618620975e-61
"pgaptmp_000935",896.678468150571,-2.87693098144131,0.189155822196616,-15.2093176304714,3.0672354423837e-52,1.9382428381243e-51
"pgaptmp_000936",3206.93559424729,-3.19046321900093,0.111788854061063,-28.5400834081203,3.7293216009201e-179,8.16502058742624e-178
"pgaptmp_000937",1057.41266825754,-2.34515657180379,0.175568725094862,-13.3574847714858,1.07123001731119e-40,5.49189824301963e-40
"pgaptmp_000938",449.547605499966,-1.77541155001141,0.23525258155211,-7.54683131763271,4.45975599624882e-14,1.14398427415838e-13
"pgaptmp_000939",1313.24284495738,-0.519169548453885,0.171502860140291,-3.02717720292944,0.00246849203519118,0.00370025266008117
"pgaptmp_000940",555.740780430928,-0.0104134303972895,0.172462153591659,-0.0603809599985949,0.95185222270527,0.96010676772602
"pgaptmp_000941",1327.06236998203,-0.113834375814097,0.122806350750737,-0.926942093126351,0.353956600647085,0.40863103834009
"pgaptmp_000942",1202.02470382905,1.70757120738151,0.214150920362417,7.97368138550009,1.54016292857921e-15,4.13599308814704e-15
"pgaptmp_000943",2041.88903352505,1.67548914148122,0.133076560839709,12.5904151032228,2.384162851633e-36,1.11201179621279e-35
"cspB",8728.55183667567,0.772156506397349,0.139636390675179,5.5297655766077,3.20659005323906e-08,6.44782721672381e-08
"pgaptmp_000945",1.68970974816866,-0.859056884061428,3.22121382087978,-0.266687320938789,0.789709916898336,0.825646154689777
"pgaptmp_000946",0.681714857974148,0.400315900063596,4.78614771892766,0.0836405233546127,0.933342246823103,0.944507841945511
"pgaptmp_000947",5832.17714579448,-3.9063519042799,0.0998235845953034,-39.1325548978902,0,0
"pgaptmp_000948",2717.99048903453,-1.08165520272758,0.106930384683793,-10.1155083835729,4.71562422089075e-24,1.62664998611264e-23
"pgaptmp_000949",35.7686213312551,-0.97515587178462,0.773432992862066,-1.26081493908876,0.207375530134974,0.250357354253121
"pgaptmp_000950",69.4345327113847,-1.2235985925325,0.538285872883317,-2.27313896606337,0.0230178069084348,0.0312786700668836
"pgaptmp_000951",7.7269435950636,-1.48798862191901,1.45460204894698,-1.02295237587229,0.306330363658416,0.359219159904419
"pgaptmp_000952",329.652152928045,-0.239982217521655,0.214259303976295,-1.12005505977096,0.262690299732064,0.311479227652993
"pgaptmp_000953",1052.65897650643,0.716247622841885,0.139993120953064,5.11630584392803,3.11577692319064e-07,5.92284050465555e-07
"pgaptmp_000954",564.126953371896,0.956009533481566,0.179082459433817,5.33837616762728,9.37827263261795e-08,1.83618783475034e-07
"pgaptmp_000955",3028.44264947161,-0.526596061277393,0.0965742247994089,-5.4527599095014,4.95940084501576e-08,9.88163273294896e-08
"pgaptmp_000956",106.275797935751,0.725480651032881,0.420148854386459,1.72672290655724,0.084217439741251,0.107495648394011
"pgaptmp_000957",102.132246837638,-1.4351915848711,0.404686015282093,-3.54643237145391,0.000390484953900375,0.000620044794546584
"pgaptmp_000958",1036.34726834107,0.8029833077749,0.132692123516897,6.05147680580038,1.43523952035415e-09,3.07894034280008e-09
"pgaptmp_000959",4972.77683976239,1.01212863394252,0.12375295032341,8.17862225746915,2.87107605274074e-16,7.88063795597422e-16
"pgaptmp_000960",14526.4606615041,0.926696805749293,0.0887495045473262,10.4417124408298,1.59899859231829e-25,5.75021522764122e-25
"pgaptmp_000961",9421.95999061471,0.975655859631061,0.109225423177698,8.93249786767846,4.16496409131332e-19,1.24514026890507e-18
"pgaptmp_000962",22556.6857474937,-2.10827425579727,0.114287120437431,-18.4471727673941,5.4945446666779e-76,4.80063268764674e-75
"glpK",41881.7702153622,-1.65405917023627,0.0784626263738627,-21.0808539897062,1.1921308855272e-98,1.34866600484262e-97
"glpD",46072.4788304015,-4.13558223619465,0.110034514949089,-37.584409202041,0,0
"pgaptmp_000965",14350.4614011132,0.274583982426551,0.0944152141527613,2.90825991224551,0.00363446130371061,0.00536897019978987
"pgaptmp_000966",103.296518353796,-0.42272603605788,0.374659325974782,-1.12829444444774,0.259195588941433,0.307629458558678
"pgaptmp_000967",173.611203818304,-0.359249489655387,0.296463394337883,-1.2117836350681,0.225595214272848,0.271034663500174
"pgaptmp_000968",18.9503276887398,1.27730926121602,0.804522515549206,1.58766129788682,0.112362949042867,0.141050555257184
"pgaptmp_000969",23.4272727641888,-0.355264026942768,0.797328008427482,-0.445568226862408,0.655909166071084,0.700917001469014
"pgaptmp_000970",14568.5475118927,2.22625606974453,0.121095333917787,18.3843257846413,1.75406815366398e-75,1.52182789462409e-74
"nsrR",2496.1366450719,0.620557294577976,0.10873830663318,5.70688760743147,1.15060703619994e-08,2.3634433712672e-08
"pgaptmp_000972",325.387277672428,0.0824242181533663,0.234996653893293,0.350746348034357,0.72577865106147,0.764821103978141
"pgaptmp_000973",76.3618559693294,0.323203465484623,0.465624091511419,0.694129602348329,0.487600935699533,0.541584805333829
"pgaptmp_000974",1744.62164595861,2.79592412921471,0.175288305426256,15.9504316184456,2.82934710360169e-57,1.9181839562123e-56
"pgaptmp_000975",1734.51045374615,0.937588537991382,0.136414782691375,6.87307137462206,6.28341069750653e-12,1.4848796581663e-11
"pgaptmp_000976",385.999950377506,-3.26011771260118,0.229657994336395,-14.1955333278139,9.76407650377615e-46,5.4485596322421e-45
"pgaptmp_000977",830.850350340677,0.113470631491575,0.142704898182563,0.795141813187177,0.426531014353381,0.481513022573031
"pgaptmp_000978",1028.11715923754,-0.148868220875162,0.149389562595044,-0.996510186449269,0.319002320196268,0.371387749693622
"pgaptmp_000979",5165.30988754758,0.158705454248906,0.0984788837313671,1.61156837116296,0.107055897979587,0.134661051801292
"pgaptmp_000980",4107.87023247582,-0.883692844718078,0.118366811390675,-7.46571470782812,8.28486769240576e-14,2.10342957374722e-13
"pgaptmp_000981",1899.31759286504,-1.41569500453969,0.189092369415086,-7.48679076220167,7.0578083877059e-14,1.79679636245153e-13
"pgaptmp_000982",7988.73282043971,-1.30360550515401,0.0903244901058539,-14.4324701266099,3.23292062569017e-47,1.84837643146218e-46
"sigM",1278.00379199079,-3.03654419296959,0.195812579409209,-15.5074010164782,3.09140951552931e-54,2.00456902731709e-53
"pgaptmp_000984",1593.42797783279,0.186261155560739,0.113057426831961,1.64749155168357,0.0994570512964349,0.125911273784126
"pgaptmp_000985",17324.7896743179,-0.426934402699898,0.0858007321293132,-4.9758829803043,6.49508784169984e-07,1.21359020817303e-06
"pgaptmp_000986",4582.46194029063,-0.86202732692259,0.0980199867503595,-8.79440362625257,1.43809742818965e-18,4.23130326302126e-18
"pgaptmp_000987",5961.61425156125,1.04609662284174,0.0899221642555512,11.6333568203365,2.78909511244099e-31,1.16509674618467e-30
"pgaptmp_000988",9383.50304811845,1.39998641859509,0.0978692366292924,14.3046626990455,2.04627527279672e-46,1.1574827606914e-45
"pgaptmp_000989",6207.21124772482,-0.577723143523738,0.0884847987103933,-6.52906659611217,6.6180822174382e-11,1.49197468281678e-10
"crcB",970.383049921601,-0.9127415075644,0.20348787409069,-4.48548352889868,7.27487665719965e-06,1.27722126972156e-05
"pgaptmp_000991",586.959334115254,-1.21803806205382,0.213017683855275,-5.71801382875501,1.07776373719529e-08,2.21626333140381e-08
"pgaptmp_000992",1349.53427001096,-1.33762328008302,0.127650263660449,-10.478813296,1.08091517669799e-25,3.91358588294737e-25
"pgaptmp_000993",122.412844389666,1.27959176149753,0.360502063407648,3.5494713938727,0.000386005402105263,0.000613455212056272
"pgaptmp_000994",868.317694945455,-0.545290740117954,0.156130261777269,-3.49253715398141,0.000478455030129044,0.000755540781561434
"pgaptmp_000995",871.99221910924,-0.0855922320951768,0.190381145896115,-0.449583553519957,0.65301074907428,0.698622020136382
"pgaptmp_000996",7579.47760727262,-0.0955378515525591,0.0857566907407433,-1.11405711586267,0.265254684506174,0.314319622964654
"dat",16193.7386479617,1.13622188760345,0.0978526697440525,11.6115573604215,3.59998376689847e-31,1.49543968531207e-30
"pgaptmp_000998",1060.71251044983,-1.28373387363317,0.133826503156023,-9.59252347897423,8.59565027108355e-22,2.79171119624546e-21
"pgaptmp_000999",371.971541944044,0.370504684050546,0.19040943339611,1.94583155593864,0.0516749767258629,0.0678427736767767
"pgaptmp_001000",924.083578114274,2.77350594148093,0.211938618235989,13.086364177352,3.94021924196095e-39,1.96325247906006e-38
"pgaptmp_001001",19621.2258109196,-0.867300491342152,0.0935441352611601,-9.27156458201029,1.83435105495067e-20,5.74218219220049e-20
"pgaptmp_001002",32472.5324569009,-0.961335395885893,0.0918320877763771,-10.4684040095753,1.20660106981319e-25,4.36016425421816e-25
"pgaptmp_001003",2377.02166040783,-1.09018084904491,0.128943176780974,-8.45473856206228,2.79713357064628e-17,7.89903729130914e-17
"pgaptmp_001004",1.27888308486701,-1.87299169297301,3.73564866062472,-0.501383257134195,0.616101420755833,0.6637133105798
"pgaptmp_001005",1.23483880115242,3.52880184274343,3.20134246873054,1.10228814230636,0.270336422787895,0.31962902338518
"pgaptmp_001006",40.7770898518169,0.544208814490323,0.54855721621452,0.992073020651875,0.321161906290454,0.373668213570826
"pgaptmp_001007",136.262967399597,1.21173623690116,0.339782893521958,3.56620730473251,0.000362184907662351,0.000576583501419705
"pgaptmp_001008",114.780810775641,1.25750229589483,0.482765396071705,2.6047896268606,0.0091930686403498,0.0130448347233633
"pgaptmp_001009",2580.43262384754,-0.381786346190933,0.125839234480343,-3.033921397945,0.00241397315633171,0.0036214462264678
"pgaptmp_001010",20470.1933462513,-1.15957782919268,0.14820155467702,-7.82432972258477,5.10368809255287e-15,1.35106167002004e-14
"pgaptmp_001011",1653.12903814131,-0.147577834608287,0.18623220954959,-0.792439905885292,0.428104218664978,0.482996029666884
"pgaptmp_001012",714.990706346174,-1.56431630430074,0.155084515780393,-10.0868632592301,6.31554338290622e-24,2.16849192538533e-23
"pgaptmp_001013",1060.8341513729,0.0674692266270464,0.122383708116283,0.551292550826621,0.58143314414581,0.631299347290171
"pgaptmp_001014",945.659857568387,0.657164279997831,0.148822970158513,4.41574495723261,1.00662714520428e-05,1.75323642229777e-05
"pgaptmp_001015",1390.87510458321,1.58339625835984,0.213931752517795,7.40140834506616,1.34747669123662e-13,3.38643365616657e-13
"pgaptmp_001016",549.32875410462,1.75740536062733,0.204688697069108,8.58574696986803,9.02481046036975e-18,2.59184757202903e-17
"pgaptmp_001017",587.61833691326,0.942337974087853,0.218746546037913,4.30789875843126,1.64812788063479e-05,2.8281844037449e-05
"pgaptmp_001018",11517.9058824151,3.44219761949495,0.126954831555758,27.1135613927632,6.81412939993038e-162,1.36355858207209e-160
"pgaptmp_001019",282.132079095261,-0.803849585452607,0.231273652153181,-3.47575081713238,0.000509425380970949,0.000803424266090623
"pgaptmp_001020",9075.9613904242,-0.167912145501023,0.162173940481451,-1.03538302764635,0.300490068777167,0.35259269734824
"pgaptmp_001021",14504.1696716293,1.10348762435008,0.0846151062704059,13.0412602783201,7.12691524942407e-39,3.52275943670072e-38
"pgaptmp_001022",3548.59877966719,-0.618033113858229,0.128701123190227,-4.80208018810173,1.5702578261796e-06,2.87198998970048e-06
"pgaptmp_001023",14981.1109374306,0.0426244344292935,0.114873317359561,0.371056006817287,0.710595817110624,0.750357812126333
"yhaM",5182.42841978396,0.0972492276289348,0.142124347746591,0.6842545219791,0.493814459124343,0.547407197426483
"pgaptmp_001025",4.13811542224951,0.356008942601389,2.08672709012601,0.170606374108983,0.864533285598066,0.890615247438694
"pgaptmp_001026",27784.7865023088,3.04925515368343,0.148136305524192,20.5841177346323,3.80908794494384e-94,4.09752177198872e-93
"pgaptmp_001027",0.488498617303958,-0.553863616194538,4.88461555416202,-0.11338939780483,0.90972184482798,0.928175632250477
"yhzE2",1.30196639332561,-0.543450272662475,3.28032900404924,-0.165669441080952,0.868417096164333,0.893379887209411
"pgaptmp_001029",1058.77778342469,-1.59254206278671,0.161858088225804,-9.8391256207413,7.63716794179559e-23,2.56548186636852e-22
"pgaptmp_001030",595.227325599237,-2.14299202608923,0.175407669021704,-12.2172082785278,2.51576325712094e-34,1.12274230731465e-33
"pgaptmp_001031",537.858815338311,-0.1483503805751,0.184629795270325,-0.803501841931274,0.421684732565684,0.476909928474468
"pgaptmp_001032",2879.30663096971,-0.608133461170809,0.118085131230882,-5.14995795687246,2.6054485658538e-07,4.97817225980895e-07
"pgaptmp_001033",1590.12794529564,0.421904154559298,0.137264858571417,3.07365016035614,0.00211457240359832,0.00318899452438936
"pgaptmp_001034",19.4337134228477,-0.684090645462015,0.785585365829342,-0.870803702841156,0.383861343122182,0.438261324877534
"pgaptmp_001035",5405.62269212389,0.599619012349444,0.114570602705593,5.23362012758422,1.66221891335262e-07,3.20060982695213e-07
"serC",8635.36755297027,1.58601051896115,0.125203362105695,12.6674754757965,8.95501975765749e-37,4.21906120734192e-36
"pgaptmp_001037",2712.41240218639,1.63411731556819,0.136554333286785,11.9667920910008,5.30399133220444e-33,2.29551810912383e-32
"ecsA",1236.32946095532,0.235409279518531,0.122736988644933,1.91799784333595,0.0551112846114277,0.0720745612521904
"pgaptmp_001039",7349.13609530274,0.539378587962028,0.0924483049788056,5.83438050146711,5.39907857494408e-09,1.12516071981757e-08
"pgaptmp_001040",4977.28059942768,0.900890819038372,0.118287613155205,7.61610446781364,2.61446114281392e-14,6.74828319941292e-14
"pgaptmp_001041",11712.0662218746,0.17459170439137,0.0793144170708442,2.20126063884985,0.0277175776647034,0.0373514931455561
"pgaptmp_001042",1326.58283604008,-0.0713995430475535,0.132541354120908,-0.538696345160477,0.59009639601633,0.639213849235384
"hmoB",5240.22506681653,1.3774597567124,0.110572052168824,12.4575761206753,1.27177494738136e-35,5.83667861177983e-35
"pgaptmp_001044",4599.053138575,-2.80768803640856,0.0993225507137748,-28.26838433197,8.46057477198308e-176,1.83082902914657e-174
"hemE",8106.44901652712,-0.838843606488105,0.082089561949379,-10.218639088431,1.63621808100811e-24,5.71831333099735e-24
"hemH",13439.5230326093,-0.470800866071908,0.10653412624999,-4.41924933018308,9.90443281444244e-06,1.72666505552013e-05
"hemY",14782.113475818,-0.121131060196529,0.10992661830069,-1.10192655854463,0.270493601281793,0.319713300721129
"pgaptmp_001048",11674.8711860729,-5.49187577220965,0.368270512328283,-14.9126133870694,2.72860275985389e-50,1.65404877397006e-49
"pgaptmp_001049",34954.4336498751,-5.37031683859638,0.105642468468926,-50.8348291783432,0,0
"fabHB",3911.51406105611,-0.211655140942243,0.147031755501993,-1.439519920167,0.150003270175853,0.185116767770068
"pgaptmp_001051",2.43081233563095,1.70741128724901,2.53619808953493,0.673216849383442,0.500809343281284,0.554435566833117
"pgaptmp_001052",7868.58970684779,1.34211411003446,0.124893073850984,10.7461051974411,6.1817082068018e-27,2.32172734063737e-26
"pgaptmp_001053",20614.9009242935,1.25943144626033,0.145510520486908,8.65526040348161,4.91787552063142e-18,1.42335401926829e-17
"yhfH",37.9418891099597,0.77312260357822,0.881098281847271,0.877453309700396,0.380240468431149,0.435148244099767
"pgaptmp_001055",941.121937788265,0.32002244247363,0.183705450882736,1.7420410822644,0.0815012558700768,0.104100094148396
"lplJ",7119.79162818868,1.13486156934831,0.104566493026143,10.8530135849978,1.92956514607171e-27,7.34339618985572e-27
"pgaptmp_001057",8103.13176244243,0.807779556321407,0.110852999414511,7.28694361530888,3.17065521647039e-13,7.86745247713518e-13
"pgaptmp_001058",6590.82775992245,5.15292508321913,0.116509749348207,44.2274154055455,0,0
"pgaptmp_001059",12.6696595901375,-0.559558030401657,1.11101877200008,-0.503644082803687,0.614511508895477,0.662383966437581
"pgaptmp_001060",1727.54646134953,0.545000191756285,0.149331206670727,3.64960682972317,0.000262641996297353,0.000421540970340124
"pgaptmp_001061",3154.42861270836,3.10915044900463,0.114896197563016,27.060516491848,2.87253675079031e-161,5.71742341520938e-160
"pgaptmp_001062",384.838081235032,-0.750145856048797,0.221422617425304,-3.38784657489588,0.000704436569771878,0.00109795348102635
"pgaptmp_001063",2382.80263339333,1.27040881599989,0.132317519183755,9.60121398766268,7.90082938953674e-22,2.56828707317518e-21
"pgaptmp_001064",1383.41027404651,0.508924711992557,0.125547981462861,4.05362719545678,5.04295599760276e-05,8.45490190228715e-05
"pgaptmp_001065",1495.02106760399,0.677561595413046,0.119071939486312,5.69035490927681,1.26775594105843e-08,2.5969111792072e-08
"pgaptmp_001066",254.370092957491,0.181611068824877,0.292115967203713,0.621708804771453,0.534133360986383,0.586270825594608
"pgaptmp_001067",20586.9492833344,-0.450432921214713,0.117394235149409,-3.83692538770276,0.00012458430306603,0.000204454486777674
"pgaptmp_001068",70.7552937914433,-0.896052696184654,0.430382686925667,-2.08199057119464,0.0373433309691414,0.0497821912131606
"pgaptmp_001069",82.6295083651897,-0.78152350936247,0.467120744819362,-1.67306530063162,0.0943144415732286,0.119767434846659
"pgaptmp_001070",1717.93797267531,-0.874946538727274,0.135959380435861,-6.43535249956535,1.23187105463111e-10,2.75046434633292e-10
"pgaptmp_001071",499.903027028226,-1.09066547416283,0.330298555098669,-3.30205947718124,0.000959777162789696,0.00148648724848896
"pgaptmp_001072",512.56723517245,-0.261898214847638,0.179032951660563,-1.46284922646075,0.143508639769817,0.177454869509388
"pgaptmp_001073",26045.6041604364,1.81757471342783,0.119576276717046,15.2001280130905,3.52930690294903e-52,2.22645428691124e-51
"pgaptmp_001074",982.304336048049,0.268680794967661,0.182436104628557,1.47273915716793,0.140821383775308,0.174479757127728
"pgaptmp_001075",840.505815197564,0.225391227593689,0.221938953040832,1.01555506370358,0.309841312678862,0.362764820947067
"pgaptmp_001076",670.98881830628,-0.640578098115663,0.166840462022168,-3.83946490168884,0.000123302754260844,0.000202440604922303
"pgaptmp_001077",150.753660507302,-1.0584188093254,0.353605898919603,-2.99321592925701,0.00276054362272328,0.004128060813088
"pgaptmp_001078",267.214192433741,-3.52479966982049,0.710787270386956,-4.95900787292036,7.08540961374986e-07,1.32057559250761e-06
"pgaptmp_001079",1198.99884291637,-1.66775573702195,0.127939615600172,-13.0354912291897,7.68703340042032e-39,3.78955474388933e-38
"lepB",4219.46856183789,0.576061066406625,0.0886997061871204,6.49450929624693,8.33044862523791e-11,1.87233875502026e-10
"pgaptmp_001081",852.140655945559,-1.0562583053361,0.180380822110848,-5.85571289106891,4.7496815040859e-09,9.92606095351359e-09
"pgaptmp_001082",203.921198876111,0.24940127141111,0.280827114284551,0.888095410752973,0.374489431053359,0.429537646342251
"pgaptmp_001083",3081.26681919909,-0.715312862783933,0.131626982031004,-5.43439385866529,5.49830138294391e-08,1.09203189686858e-07
"pgaptmp_001084",3128.64192938067,0.630877577658556,0.119919534077528,5.26084080055461,1.4339815253111e-07,2.77261259075735e-07
"pgaptmp_001085",609.041969769365,0.508590783327869,0.253059758331393,2.0097655458196,0.0444560089747765,0.0587798456142515
"pgaptmp_001086",73.0016592783574,-0.781004070053368,0.425372490358043,-1.8360474354982,0.066350641391257,0.0859878437528755
"pgaptmp_001087",32.0796675677526,-1.70995947901928,0.692281961396284,-2.4700332731051,0.0135100485422634,0.0187908821652857
"addB",7288.6132038309,-0.180095686560826,0.118652072557232,-1.51784695100001,0.12905298587755,0.160539844062914
"addA",13805.4273584401,0.506415751599065,0.104970789283455,4.82434927903207,1.40461085999687e-06,2.5753505521716e-06
"sbcD",1500.58777718455,1.77773446343923,0.126630827504324,14.0387178894375,9.03320864489013e-45,4.92985375018784e-44
"sbcC",10009.6320323456,1.56614180932202,0.0904638552080342,17.3123487355305,3.79608915735421e-67,2.93133689702746e-66
"pgaptmp_001092",1186.75710391272,1.12136969755258,0.153010947125364,7.32868934295156,2.32414428972269e-13,5.79013724655144e-13
"pgaptmp_001093",133.733267283148,0.367591888642613,0.34356021444192,1.0699489440002,0.284642290659637,0.335583973973763
"pgaptmp_001094",255.494539202465,0.879286391969406,0.226276174555244,3.88589913939319,0.000101951832014784,0.000167904742813728
"pgaptmp_001095",62.0564132500112,1.19447883303266,0.44097133554872,2.70874484743167,0.00675382574956502,0.00968325864402196
"pgaptmp_001096",239.583683936127,0.41609276761172,0.307946323351379,1.35118602191247,0.176635851084051,0.215553651716341
"pgaptmp_001097",67.4557804576542,0.593385277060096,0.438799968775686,1.35229106491444,0.176282221612805,0.215192662788737
"pgaptmp_001098",71.9976469123293,0.212022580604457,0.482781186037252,0.439169103387755,0.660539010565438,0.705635816386472
"pgaptmp_001099",42.1802438256591,-0.625903862703271,0.537174182238177,-1.16517860202327,0.243946705274574,0.290086146016602
"pgaptmp_001100",4441.15876618664,2.12791168768872,0.0932351097247448,22.8230727026642,2.70604431897194e-115,3.58430496626817e-114
"pgaptmp_001101",1629.5968211799,0.706971210767698,0.142518717218156,4.96054991629993,7.02938944951344e-07,1.31144799654581e-06
"pgaptmp_001102",3.78221941459216,-0.462542055916729,2.49832885170273,-0.185140581313579,0.853118772486715,0.881540275179221
"asnB",42879.3980990408,0.237445110366447,0.0903471264394928,2.62814236295018,0.00858525777429713,0.0122056262169343
"pgaptmp_001104",1681.11992959335,-0.700233541588033,0.149587097524386,-4.68110922116045,2.85326864577028e-06,5.16028469366229e-06
"pgaptmp_001105",2913.58484662284,-3.02754299803896,0.113351864234737,-26.7092475141768,3.6755769565761e-157,6.97984562876339e-156
"pgaptmp_001106",1201.60156111354,0.441224719488955,0.125460014666071,3.51685531572218,0.000436691747914125,0.00069164539818569
"pgaptmp_001107",3531.7941006361,1.61111141648065,0.0952697913952598,16.9110417151686,3.73054835150551e-64,2.76595636739114e-63
"pgaptmp_001108",66.0424550965967,-0.638339231625095,0.471937582903206,-1.35259249263057,0.176185852137241,0.215145584532418
"pgaptmp_001109",574.467357438495,-0.973869006061458,0.164160565541542,-5.93241746486926,2.98506456313992e-09,6.29128556285775e-09
"pgaptmp_001110",431.290738820688,-0.192405090557208,0.204739052972351,-0.939757646447603,0.347341888295761,0.401617430331414
"pgaptmp_001111",3467.33217329571,1.12269986965142,0.0989729303796869,11.3435043839203,7.98803098815278e-30,3.24225205429713e-29
"pgaptmp_001112",2682.251336146,1.6327778864508,0.135835456646083,12.0202628000507,2.7808561146826e-33,1.21198436286284e-32
"pgaptmp_001113",977.85990780073,0.236104731707494,0.128969434271674,1.83070301146037,0.0671448833612848,0.086896125128895
"pgaptmp_001114",1290.72539616434,1.3990489192609,0.134355702738477,10.4130222293887,2.16245453140979e-25,7.73909208260313e-25
"pgaptmp_001115",6779.92002808878,0.971870392848352,0.102738803331127,9.4596234464209,3.09054135669195e-21,9.86534728096693e-21
"pgaptmp_001116",4351.13807004986,-0.630052151695272,0.104161900529248,-6.04877741759674,1.45949133429657e-09,3.12916287226487e-09
"pgaptmp_001117",2869.2123049704,0.11062861740288,0.106393082871534,1.03981024345783,0.298428069113781,0.350726009864696
"pgaptmp_001118",669.992785598229,0.78437697138384,0.19395594293086,4.04409867277668,5.2524796228877e-05,8.79430011533425e-05
"pgaptmp_001119",933.814460139068,0.794324969423074,0.173849764320158,4.56903103969853,4.89984220173585e-06,8.72176598510801e-06
"pgaptmp_001120",1964.75530927953,1.06651515718867,0.14445443709592,7.38305571382686,1.54697252639321e-13,3.87471853515176e-13
"pgaptmp_001121",3205.39615857765,1.03907647166825,0.0972165608650349,10.6882660981064,1.15510200306371e-26,4.30359324865176e-26
"pgaptmp_001122",4419.93367334592,1.14478412399028,0.106180367656268,10.7815046157706,4.20943286390944e-27,1.58738694219564e-26
"pgaptmp_001123",1.58762421013705,4.92932145096434,3.7265128042499,1.32277056591425,0.185911688419013,0.225468655684446
"pgaptmp_001124",881.80477787995,-0.530168347274355,0.190835200057245,-2.77814756981583,0.00546697833765762,0.00790831456384052
"pgaptmp_001125",495.565731021229,-0.525601874135901,0.172433480861853,-3.04814280561322,0.00230260474581386,0.00346134687557318
"argC",134.116299760665,-1.74495759515431,0.383539376599674,-4.54961785312499,5.37434274057488e-06,9.54356091623077e-06
"argJ",109.012157748621,-0.4707024191516,0.401881151959436,-1.17124781009663,0.24149918276925,0.287543172830182
"argB",87.595862459166,-0.753104767343248,0.393046904390355,-1.91606843593227,0.0553563853301939,0.0723696755177315
"pgaptmp_001129",135.677213094058,-0.777850651211377,0.337204914483904,-2.30675953344833,0.0210682293278547,0.0287027633815064
"pgaptmp_001130",82.9578023467448,-0.280485943054257,0.513221105886241,-0.546520670793357,0.584708082726566,0.634115234239009
"pgaptmp_001131",348.958417668922,-0.518002961141784,0.231455831655957,-2.23802078105234,0.0252196999860713,0.0341213098321183
"argF",180.91361019556,0.0289170416790256,0.326194617985307,0.0886496590827508,0.929360341169555,0.94175855971497
"pgaptmp_001133",736.592058155051,-3.30719822392253,0.187049446589356,-17.680876817471,5.88734620949239e-70,4.74300921898932e-69
"pgaptmp_001134",74.3241887032434,-2.91718344715723,0.546072928521076,-5.34211328706187,9.18692082840898e-08,1.8025155151997e-07
"pgaptmp_001135",461.663634068848,0.799863304891364,0.231537481244414,3.45457375018699,0.000551163449242998,0.000864852596156171
"pgaptmp_001136",13.0258212909598,-1.04963264751183,1.04352695366169,-1.0058510169083,0.314487241937052,0.367049706644624
"pgaptmp_001137",11.5438527234092,-0.769741614207073,1.44850140195501,-0.531405501691727,0.595137809837059,0.643738136650256
"pgaptmp_001138",5546.05260763892,-3.43412405697627,0.133999975868801,-25.6277960851174,7.47741150067527e-145,1.28253113389463e-143
"pgaptmp_001139",1001.5836796405,-3.29923692263006,0.167916866666265,-19.6480376756154,6.00914887078662e-86,5.91694499922428e-85
"pgaptmp_001140",12.2447692094808,0.590465291380338,1.22320085776912,0.482721449735761,0.629293530981838,0.676602547147883
"pgaptmp_001141",6804.9064900778,0.56493607451953,0.125062904156933,4.51721538315333,6.26581638958011e-06,1.10632678377691e-05
"pgaptmp_001143",126.24585893347,-1.82918281381996,0.355519043731983,-5.14510501214931,2.67371203784559e-07,5.10598060793293e-07
"pgaptmp_001144",5646.51415499064,3.3952490709248,0.0935345829609574,36.2993981845413,1.6536789839222e-288,6.09405265164202e-287
"pgaptmp_001145",9856.55028712874,3.3799434556199,0.0853272515336408,39.6115355278652,0,0
"pgaptmp_001146",67769.6223878983,4.2523718246561,0.0805089908865501,52.8185955112561,0,0
"pgaptmp_001147",5026.3927005869,3.1595993540609,0.172959127061234,18.2678960500436,1.49088937828732e-74,1.26691558584142e-73
"pgaptmp_001149",87.8411845011903,2.90156287936512,0.40434436264831,7.17596966200031,7.17964755149009e-13,1.75000970443e-12
"trpS",6611.37608724786,1.27703305406317,0.0893950686459144,14.2852740470661,2.7034391811503e-46,1.52457585336991e-45
"pgaptmp_001151",115201.473567775,0.609756653707124,0.0838467293039064,7.2722771510506,3.53477419668826e-13,8.74762603728304e-13
"pgaptmp_001152",8949.94377389286,0.697589735472543,0.120228774215681,5.80218620728115,6.54558123851781e-09,1.35725088410938e-08
"oppC",6548.16074594977,1.40809302390422,0.101894340657487,13.819148490665,1.9536713154001e-43,1.04928782625096e-42
"pgaptmp_001154",13586.7657945366,1.39544481154208,0.081409927496186,17.1409661506879,7.34205056628529e-66,5.54302478858293e-65
"oppF",17869.0677851127,1.287880263154,0.088272844826454,14.5897672799148,3.2630883763941e-48,1.89472931933523e-47
"pgaptmp_001156",355.142178486974,0.983716536739004,0.188100240710654,5.22974629390405,1.6974282329905e-07,3.26502732981429e-07
"pgaptmp_001157",37901.4903877862,-1.1488434398425,0.0778498901453771,-14.7571619908152,2.76680799312035e-49,1.64505740421629e-48
"spx",27387.4314781441,0.352412809571357,0.124258019674688,2.83613734142864,0.00456628049770153,0.00668069811809948
"pgaptmp_001159",36.5119569711078,-0.421983507800709,0.581549543538618,-0.72561918840658,0.468072254566017,0.523644403815664
"pgaptmp_001160",37.8103176506862,-0.443053048635828,0.64388564603393,-0.688092755856343,0.491394372041514,0.545472667085749
"mecA",10565.7611709953,-1.10659325208395,0.110249121626946,-10.0372069704861,1.04593796318085e-23,3.58139935506821e-23
"pgaptmp_001162",747.350932623058,0.109024961087042,0.151052462376824,0.721768843562859,0.470436607900055,0.525499716267708
"pepF",22916.6337753777,2.24023944814536,0.0944026597598425,23.7306814643195,1.73950760018697e-124,2.47116308698317e-123
"pgaptmp_001164",5.58298340398203,0.0270909515872623,1.49604702532522,0.0181083556390034,0.985552412209304,0.98794130844143
"spxH",12729.906367804,-1.2083047941403,0.113688424173863,-10.6282130561722,2.20292870477173e-26,8.14230450760713e-26
"pgaptmp_001166",5012.9834080224,-1.78345559743603,0.126815931371612,-14.0633402928684,6.3802194341279e-45,3.50253344156697e-44
"pgaptmp_001167",8494.95352939198,-0.272965196684127,0.0934553173679806,-2.92080969143068,0.00349123017326425,0.00517085503576981
"pgaptmp_001168",973.366382753229,-0.79407740498591,0.176968553449685,-4.48711022103528,7.21957294261358e-06,1.26810998076488e-05
"pgaptmp_001169",140.727749362998,1.93099113356704,0.29864497409231,6.46584172205147,1.00736477418696e-10,2.25596371210823e-10
"pgaptmp_001170",1317.72206218924,1.88653486047204,0.118525836298127,15.9166551310116,4.85655123320386e-57,3.27465284238855e-56
"pgaptmp_001171",5563.00407135941,1.24645404430389,0.094761368011552,13.1536096455672,1.62240426610711e-39,8.18236948299547e-39
"pgaptmp_001172",5641.14910377072,1.28526223410333,0.0981464336094881,13.0953534105704,3.5004120625735e-39,1.74645223819016e-38
"prpE",133.746627157867,0.17074873693539,0.296656438603341,0.57557738419323,0.564900871174452,0.615661307138785
"pgaptmp_001174",1305.99359550052,-3.17525976571634,0.169103521867962,-18.7770173597899,1.16439933890489e-78,1.04683438149855e-77
"tenA",112.997604970814,0.764251093384453,0.323471533951925,2.36265331928106,0.0181446343571579,0.0248928599621606
"tenI",104.656624006606,1.25742820024168,0.377089999060067,3.33455727644844,0.000854353034654665,0.00132772525886625
"thiO",251.177030297294,1.20488355562534,0.229846183457972,5.24212992140312,1.58733535215991e-07,3.06275903615303e-07
"thiS",24.618371450477,0.499485061401783,0.860845914641687,0.580225860291949,0.561762316653186,0.613161097531718
"thiG",367.618816187537,1.42956549366049,0.220965681764094,6.4696267866008,9.8245267242696e-11,2.20149840263284e-10
"pgaptmp_001180",757.263166214246,1.44216541405111,0.197982749427118,7.28429834530612,3.23348735150501e-13,8.01267637969483e-13
"thiD",606.93101724273,1.49592868035875,0.199085439459253,7.51400345711836,5.73460691140327e-14,1.46494213618689e-13
"fabI",7702.77217562845,1.08778010995682,0.163907019325392,6.63656818624303,3.21070448574044e-11,7.3359374437851e-11
"pgaptmp_001183",154.021956417149,0.230086663262522,0.303032750280822,0.759279856877844,0.447685164472077,0.502498245526258
"cotZ",14.1833347300966,2.48154065417041,1.45512635534267,1.70537812407777,0.0881239255872036,0.112289370433267
"cotY",14.5581664861538,0.211338521422434,0.945698914737763,0.223473367822398,0.823167108437745,0.856296248631997
"cotX",38.5713435256906,2.42057718443725,0.666810590361013,3.63008209441716,0.000283331091385805,0.000453963978535499
"pgaptmp_001187",6.62208278049583,0.674366551132464,1.65763549558528,0.40682439108506,0.68413697102879,0.727115307301301
"pgaptmp_001188",22.1296907800945,1.71869428311525,0.716013343604349,2.40036627594605,0.0163786739024827,0.0225783052833484
"pgaptmp_001189",6.16860782448672,-1.1357714835496,1.65435949395831,-0.686532454220146,0.492377406057103,0.546238064186151
"pgaptmp_001190",0.816835412827745,-3.45010048481267,4.82229973124141,-0.715447126287297,0.474332801264739,0.529534099072393
"pgaptmp_001191",5.39910624390455,3.61197336239789,1.82948604872654,1.97431041625712,0.0483464572220394,0.0636975270019223
"pgaptmp_001192",14.7449873457192,1.70527990661349,1.07071604877957,1.5926537279022,0.111237893343277,0.139732514014066
"pgaptmp_001193",420.736711712584,-0.401350469050006,0.226108716765689,-1.77503315569172,0.0758924127959253,0.0972363374961908
"pgaptmp_001194",579.043687550242,0.274719057530755,0.165303025433538,1.66191185436718,0.0965304494654573,0.122372729192926
"pgaptmp_001195",286.621840871074,0.709958003015091,0.222428358656002,3.19185020878152,0.00141364622990779,0.00216081776908287
"pgaptmp_001196",734.880896735043,0.176372131282307,0.164069828459605,1.07498211547,0.282382735535995,0.333025520172679
"pgaptmp_001197",459.292259430931,0.533207133548469,0.186364690432868,2.8610952660077,0.00422180170327031,0.00619863745150773
"pgaptmp_001198",36.3937566122711,0.418086284086819,0.618936529472454,0.675491369758336,0.499363632626586,0.55316411923695
"pgaptmp_001199",11594.571985449,0.65158471905763,0.0952556787884411,6.8403766299831,7.89852435430795e-12,1.85830010409192e-11
"pgaptmp_001200",9653.09004489496,0.631185047558119,0.111632453246748,5.65413577504182,1.56632361133879e-08,3.19269248707721e-08
"pgaptmp_001201",6568.29682241693,0.171627876444664,0.104640302923487,1.64016991206685,0.100969843381007,0.127652770741884
"pgaptmp_001202",3233.05458082556,0.475374228179013,0.124975620930641,3.80373567771938,0.000142530262591786,0.000233083320459854
"metC",6702.96974685388,0.290307766586163,0.0818647755531094,3.54618655734086,0.000390849402002075,0.000620358837633996
"pgaptmp_001205",516.817443885112,-0.0825579135209339,0.192149916506738,-0.42965365284475,0.667447602289235,0.711816611954307
"pgaptmp_001206",1487.51440885367,-0.417846145306609,0.117214091127644,-3.56481154515444,0.000364117717686196,0.000579165019328214
"pgaptmp_001207",14849.8104140644,-0.90139771667691,0.163817810085133,-5.5024402792863,3.74570126169834e-08,7.49543015916194e-08
"pgaptmp_001208",2567.74222134657,0.328841300847622,0.140879506552505,2.33420253161566,0.0195851194150345,0.0268295231736321
"pgaptmp_001209",3385.98019758292,1.28068655743674,0.158614505006014,8.07420832910695,6.79158355228432e-16,1.84243979457742e-15
"pgaptmp_001210",22.6278507466239,-3.58099186040427,1.05431990701762,-3.396494590085,0.000682549065923731,0.00106696666248136
"pgaptmp_001211",355.362937574608,-3.46078710601537,0.271001075894024,-12.7703814259716,2.3997560363782e-37,1.14072694347378e-36
"pgaptmp_001212",90.5411311162942,-3.36386777541986,0.483976891942704,-6.95047187463259,3.64066380108663e-12,8.7085801205941e-12
"pgaptmp_001213",53.1203739657983,-2.97170162135146,1.60662881373838,-1.84965039587257,0.0643639542435145,0.0835295110510324
"pgaptmp_001214",197.252448687926,-3.97109417711138,0.38751284180742,-10.2476453647048,1.21261520740022e-24,4.24986233704673e-24
"pgaptmp_001215",9.98865406812913,-2.43522248584068,1.1821801098231,-2.05994202203679,0.0394040837937433,0.0523824663478011
"pgaptmp_001216",118.900289751085,-2.10736744277158,0.3576438503313,-5.89236314512171,3.80711368088820e-09,7.9831420395864e-09
"pgaptmp_001217",12.6640036600446,-0.141278895499569,0.9229555963044,-0.153072256200908,0.878341294353709,0.901347200878
"pgaptmp_001218",20.6498699374363,0.178969233791116,0.761503529436308,0.235020885488995,0.814192522897035,0.847434163932541
"pgaptmp_001219",9.95036226023993,0.454364644678941,1.21474884979733,0.374039987570062,0.708374566101228,0.748600265482331
"bla",2338.08501397343,1.80167310485779,0.111487094190565,16.1603737001001,9.59780829099767e-59,6.67720419796137e-58
"pgaptmp_001221",18.2400204644789,2.35671422451718,0.840587609677831,2.80365091917121,0.00505275785515194,0.00734623622534201
"pgaptmp_001222",62.3811570471227,-1.59444349337326,0.566593434390345,-2.81408748600994,0.00489159138976149,0.00712862300418648
"pgaptmp_001223",1133.28447811671,-1.70424223814797,0.174768333079013,-9.75143613332673,1.81876848940649e-22,6.02264796936918e-22
"pgaptmp_001224",765.688772516158,2.539246635508,0.196014972032932,12.9543504211575,2.22007376907409e-38,1.08297700766629e-37
"galT",14692.0809393283,1.12979482399524,0.109207692540103,10.3453776718189,4.39181212640829e-25,1.55679283185635e-24
"galE",8358.49719719219,0.869956451700067,0.0815979325974356,10.6615011435646,1.54089978686898e-26,5.71237948877127e-26
"pgaptmp_001227",773.894298744936,0.566410455264762,0.145738682917732,3.88647985507385,0.000101708362680993,0.000167577922044558
"pgaptmp_001228",1605.33324896633,-0.380499275603184,0.151364536716487,-2.51379407526531,0.0119440152366445,0.0167441147686594
"pgaptmp_001229",431.678979251774,-1.12167600049377,0.199111148384824,-5.6334163586154,1.76674223269062e-08,3.59727275168188e-08
"lacG",2399.76370199274,-1.64094707961132,0.134127062912806,-12.2342728154576,2.03922927804191e-34,9.12260982316346e-34
"pgaptmp_001231",234.472344657172,-1.16123121322715,0.241125060083639,-4.81588770915953,1.46546921436877e-06,2.68296921587829e-06
"pgaptmp_001232",666.922247284412,-0.992432915989983,0.190423701865524,-5.21170897460461,1.87108913952984e-07,3.58794115266876e-07
"pgaptmp_001233",150.415132567276,0.690958054708025,0.284093028663908,2.43215420652033,0.0150093156041988,0.0207752594566113
"pgaptmp_001234",37.963148275981,-0.951525387660033,0.580059131700648,-1.64039377308017,0.100923319219851,0.127637306876074
"pgaptmp_001235",1168.37419873187,0.185314687951125,0.13307608809756,1.39254685496367,0.163756863455686,0.201023431986168
"pgaptmp_001236",633.932095526934,-0.491855876483108,0.187969793415059,-2.61667509202946,0.0088790812988788,0.0126089052248863
"pgaptmp_001237",98.2182854241183,-0.102908182577817,0.392327922243763,-0.262301449229701,0.793089044808755,0.828946201847287
"fdhF",5269.96254647593,-1.7504687143117,0.0899684808802607,-19.4564662778002,2.56898934321265e-84,2.47714464648639e-83
"pgaptmp_001239",45.0022583937379,0.954758366713586,0.522755197418329,1.82639669854789,0.067790528812711,0.0876707255875296
"pgaptmp_001240",264.418877947342,-0.710185215473773,0.251584810832895,-2.82284615324208,0.00475994068152604,0.00695037238785404
"pgaptmp_001241",512.368706313408,-1.07617014148964,0.200569552463726,-5.36557083700066,8.06936024707204e-08,1.58826857956648e-07
"pgaptmp_001242",156.907326576498,-0.271807718548858,0.28262869348855,-0.961713105608189,0.336193737270438,0.389695761482582
"pgaptmp_001243",1968.06925424105,1.05216307941218,0.114384903227589,9.19844358585248,3.63171747462246e-20,1.12643770337873e-19
"fetB",3033.99814384307,-0.866779824885705,0.133692793093757,-6.48336985732542,8.96962513437833e-11,2.01235351116071e-10
"pgaptmp_001245",4083.68006605774,-1.06280565247952,0.107334374947068,-9.90181992491818,4.08767710812381e-23,1.38312129058517e-22
"pgaptmp_001246",4627.86780327263,-1.21943311036367,0.103568608434698,-11.774157525082,5.30443940707234e-32,2.24353675830946e-31
"pgaptmp_001247",146.975585382263,0.0792748427138923,0.332233114428329,0.238612104787627,0.811406377962985,0.84478389302141
"pgaptmp_001248",20666.7874152887,-0.31541534629147,0.13347120940835,-2.36317141119527,0.0181192867599004,0.0248672512243176
"pgaptmp_001249",62107.0730604101,-0.0991044230052625,0.0820044267077763,-1.20852528313407,0.22684527667429,0.272448570436176
"pgaptmp_001250",4213.40693370569,-0.421208225125302,0.0972823784117543,-4.32974842928397,1.49279779186538e-05,2.56993218377565e-05
"pgaptmp_001251",166.331129185063,-0.647631003248204,0.279734678441343,-2.31516166267531,0.0206040864625758,0.0281115871751126
"pgaptmp_001252",255.578695964029,-0.68614947555352,0.218962965935188,-3.13363254202821,0.00172656922360109,0.00262511872967453
"pgaptmp_001253",22.2664673728058,0.703998012690137,0.721407813397333,0.97586690858641,0.32913042257314,0.381865159855744
"pgaptmp_001254",60.0567139097348,0.394424989375382,0.454565153604796,0.867697372417375,0.385560024690279,0.439802773797909
"pgaptmp_001255",1103.61409240473,0.464684504041461,0.121185825801872,3.83447899922866,0.000125830721931693,0.000206318038339101
"pgaptmp_001256",30528.2109481735,0.968333907071293,0.107091272275931,9.04213654849754,1.53639007363826e-19,4.645364625574e-19
"pgaptmp_001257",50427.6974278111,0.372773407439083,0.107748108181143,3.45967473333628,0.000540828254005937,0.00084970990350785
"pgaptmp_001258",489.943520048692,2.61919626812241,0.283624070408145,9.23474606493479,2.58899382287159e-20,8.07054858352433e-20
"pgaptmp_001259",3954.27182154798,-3.88355376461358,0.483033096698467,-8.03993306288469,8.98875603673695e-16,2.42611674900181e-15
"pgaptmp_001260",215.248398902608,1.14813339705113,0.284562439056332,4.03473276676492,5.466447627324e-05,9.14432272759547e-05
"pgaptmp_001261",2415.06750197375,-1.93011719698917,0.12059248823665,-16.00528544698,1.17373683168421e-57,8.04539316303615e-57
"pgaptmp_001262",107.361619807593,-2.0948599046541,0.391045538681707,-5.35707404236421,8.45804658402625e-08,1.66301370236375e-07
"xre",298.621357312321,-1.10457995508559,0.259116914004541,-4.2628631918109,2.01824091995312e-05,3.44108690062552e-05
"pgaptmp_001264",44.5545747870711,-5.434924516166,0.969057100372517,-5.60846673955203,2.04126916814091e-08,4.1403835661147e-08
"pgaptmp_001265",452.816114010034,-6.02873129250791,0.401815459233159,-15.0037315737264,6.94050772873475e-51,4.24877792209716e-50
"pgaptmp_001266",491.802506286175,-5.91187635123227,0.391786541746294,-15.0895340224846,1.89777821056803e-51,1.17334393683293e-50
"pgaptmp_001267",192.639114798041,-4.71715057464974,0.439170451551294,-10.7410472585011,6.52994131916342e-27,2.45004451511353e-26
"pgaptmp_001268",394.668143469269,-5.44766809122175,0.398038116454243,-13.6862975328846,1.22598935774028e-42,6.47252821206998e-42
"pgaptmp_001269",180.846663273432,-4.99971743332713,0.546799650183095,-9.14360027782202,6.04070372017578e-20,1.85814043359457e-19
"pgaptmp_001270",389.680450590163,-5.2628807450196,0.41001860096578,-12.8357121667727,1.0344731164472e-37,4.95535256038155e-37
"pgaptmp_001271",3105.44655989415,-5.29412570913697,0.500715015301054,-10.573131516645,3.97012068675338e-26,1.45727704103512e-25
"pgaptmp_001272",5331.07017525612,-5.25736485460014,0.477051415953349,-11.0205413479252,3.0422391830259e-28,1.18319898006504e-27
"pgaptmp_001273",7388.76938543286,-5.03005944469716,0.470715733038282,-10.6859811381917,1.18390526264798e-26,4.40649538757578e-26
"pgaptmp_001274",7663.68690775416,-4.45449486278208,0.509074882555156,-8.75017608494848,2.1302009398187e-18,6.23808646577907e-18
"pgaptmp_001275",11307.0920184837,-4.84805481044196,0.487688026933348,-9.94089365065453,2.76336841492381e-23,9.40151484492362e-23
"pgaptmp_001276",4371.609360726,-5.03888861012781,0.4400155065307,-11.4516159893021,2.30802207270234e-30,9.45044901495944e-30
"pgaptmp_001277",5181.54144760204,-5.18806226018191,0.51304261763333,-10.1123417078185,4.87059485875585e-24,1.67855130224901e-23
"pgaptmp_001278",10574.0168044632,-5.05502547357317,0.557697736836675,-9.06409536865947,1.25642467486561e-19,3.8205985619688e-19
"pgaptmp_001279",3478.17463456316,-5.30721788542633,0.601757554449153,-8.81952847319806,1.14942718674537e-18,3.3873064046447e-18
"pgaptmp_001280",1497.17753708674,-5.47839983249636,0.593669343217364,-9.22803222886064,2.75649097835291e-20,8.57831055303474e-20
"pgaptmp_001281",18893.1419418299,-5.21116393648489,0.52630649004419,-9.90138642608672,4.10543673352635e-23,1.38786880310491e-22
"pgaptmp_001282",10025.3903201394,-5.51957937813783,0.545098041307228,-10.1258470217597,4.24289056382123e-24,1.46629885594639e-23
"pgaptmp_001283",1882.18548685579,-5.91964745966102,0.537128043188616,-11.0209242185895,3.02932587500496e-28,1.17940909066616e-27
"pgaptmp_001284",197.230428905007,-4.79720546180913,0.506472734998838,-9.4717940973074,2.75077830329017e-21,8.7958735780464e-21
"pgaptmp_001285",10034.2449408738,-4.42244726181709,0.573754424077916,-7.70790964954115,1.2789523766009e-14,3.34139114335732e-14
"pgaptmp_001286",3144.75153365469,-5.16025713391694,0.587419435562651,-8.7846210416485,1.56892556853679e-18,4.60531621931697e-18
"pgaptmp_001287",4546.30078699434,-5.30859306411987,0.601836603386923,-8.82065503202197,1.13792079347148e-18,3.35605482828911e-18
"pgaptmp_001288",1376.06932766572,-5.3470730607407,0.588645484583956,-9.08368993014516,1.0495497495667e-19,3.20724480122105e-19
"pgaptmp_001289",1417.43930163182,-5.56883472006796,0.588731055746079,-9.45904698879995,3.10762517970023e-21,9.91138039318275e-21
"pgaptmp_001290",3489.76137036333,-5.52477603273821,0.586747881873415,-9.41592837983201,4.68919896526357e-21,1.48033914747337e-20
"pgaptmp_001291",3124.50317019022,-5.28044608198388,0.584624263871199,-9.03220479940128,1.68247186141242e-19,5.07879989308762e-19
"pgaptmp_001292",775.242301087201,-5.49670928567566,0.73769864430503,-7.45115817700056,9.25243488010668e-14,2.34428608738986e-13
"pgaptmp_001293",7478.86991005441,-5.64630624951766,0.70840878815615,-7.97040683842148,1.58152849852368e-15,4.24401519214501e-15
"pgaptmp_001294",1614.42457107001,-5.7180541534454,0.828473110151245,-6.90191882317282,5.1304752468136e-12,1.21705728926961e-11
"pgaptmp_001295",910.033244693646,-5.74107410062467,0.718017330676709,-7.99573193479032,1.28806355006431e-15,3.46399749518739e-15
"pgaptmp_001296",5513.9060381643,-5.50983014477673,0.63469353210173,-8.68108758967721,3.92002111072416e-18,1.13720331832543e-17
"pgaptmp_001297",2275.60007630156,-5.14967120335544,0.532431899957831,-9.67198096838918,3.9662517136559e-22,1.29836313792676e-21
"pgaptmp_001298",1463.05496603115,-5.2695969848533,0.534792004713349,-9.85354481445142,6.61682050913146e-23,2.22473405013435e-22
"pgaptmp_001299",13439.7880316366,-5.3245099048475,0.489734254346125,-10.8722431759579,1.56309732737359e-27,5.96702384870203e-27
"pgaptmp_001300",19.1140627970886,-0.335876195179027,0.781679311926265,-0.429685409418523,0.667424498412067,0.711816611954307
"pgaptmp_001301",259.396784898205,-1.48623966739633,0.243537214592594,-6.10272097380524,1.04277794090502e-09,2.25128741070097e-09
"pgaptmp_001302",1336.88550955475,-1.26264285313164,0.121436245481232,-10.3975781541004,2.54314675276138e-25,9.0753520745713e-25
"pgaptmp_001303",5766.03118889532,-0.149464533581317,0.105622862333087,-1.41507747735498,0.15704578099929,0.193359046271702
"pgaptmp_001304",6763.23123310382,-1.40777983842955,0.101708134732447,-13.8413691503914,1.43448020843305e-43,7.71551349102285e-43
"pgaptmp_001305",585.682151262164,-1.2909434855412,0.1777399775723,-7.26310143150592,3.78314023850479e-13,9.34362837937282e-13
"pgaptmp_001306",303.850746904614,1.20637405773516,0.222467398766531,5.42270042452916,5.8705332834659e-08,1.16409828881513e-07
"pgaptmp_001307",100.523566256126,-2.01780881609755,0.366203008601813,-5.51008257360219,3.58665403974929e-08,7.18875947008447e-08
"pgaptmp_001308",172.69204163114,-1.20513565919506,0.275078385657158,-4.38106271532752,1.181018686884e-05,2.04643927028969e-05
"pgaptmp_001309",11.5526119507628,1.32910983735491,1.12740309984814,1.17891270436806,0.238432938361943,0.284529463476483
"pgaptmp_001310",13376.5430060208,-0.160110289885427,0.0881179756187584,-1.81699918502602,0.0692172381343304,0.0893605828428643
"pgaptmp_001311",1678.13431488898,-2.97327869691666,0.127650168141391,-23.2923993772051,5.2937323948074e-120,7.19097517280042e-119
"pgaptmp_001312",2675.74215620609,3.23928469528276,0.203624089097084,15.9081605209211,5.5623905072833e-57,3.7370428642795e-56
"pgaptmp_001313",3701.74519373907,4.61561321650642,0.127208591611578,36.2838166670365,2.91220201768375e-288,1.05235105920572e-286
"pgaptmp_001314",3196.40708934512,4.97844370132318,0.142336740728952,34.9765188933439,5.1196389282999e-268,1.71669334154344e-266
"pgaptmp_001315",3476.11330141492,4.45802237402955,0.126943258599478,35.1182285945185,3.55254559765074e-270,1.21308024903266e-268
"pgaptmp_001316",10044.661111685,4.84820570904721,0.0971213625236616,49.9190454403484,0,0
"pgaptmp_001317",4901.70191205057,5.32722082100345,0.116046197284569,45.9060352312969,0,0
"pgaptmp_001318",6096.99750814015,4.7571095179843,0.103796114544338,45.831287027148,0,0
"pgaptmp_001319",5752.02398661404,4.34689443696762,0.129621591384027,33.5352651557038,1.47646717441426e-246,4.61799228837805e-245
"pgaptmp_001320",5778.72452689199,4.45574754455451,0.129162179725263,34.4973083764318,8.8026734261498e-261,2.87399565720435e-259
"pgaptmp_001321",19318.9912342143,1.61957572314158,0.104726903283457,15.4647532999041,6.00026964478083e-54,3.86384145637963e-53
"pgaptmp_001322",53.2411042918824,0.0629524792447689,0.478526291953229,0.131554901587146,0.895336358714578,0.91727000471667
"pgaptmp_001323",515.128910408254,-1.49102221212507,0.22510687324503,-6.62361921975648,3.50508979883088e-11,7.99383837699052e-11
"pgaptmp_001324",1935.35270431156,1.05444695048516,0.146777846685526,7.18396525290586,6.7718081730002e-13,1.6549356546229e-12
"pgaptmp_001325",143.475684307442,1.83836457143619,0.395323860929598,4.65027475729217,3.31493106832223e-06,5.96623473708672e-06
"pgaptmp_001326",257.12304635904,1.67765355688834,0.221246104472202,7.58274845512193,3.38310377550858e-14,8.69607199754346e-14
"purU",4522.97895293408,-0.527379032603294,0.0991693249999331,-5.31796533457951,1.04934054416329e-07,2.04698401749255e-07
"proB",1897.38982465693,1.06725126752286,0.139934743926768,7.62677829375511,2.40693005717724e-14,6.21692829480478e-14
"proA",3956.2989899301,2.00254480997499,0.113885225534542,17.5838858866519,3.27352450834199e-69,2.59788021749443e-68
"pgaptmp_001330",3200.66985030537,-1.17696980115048,0.129340227364036,-9.09979690879798,9.05009009852313e-20,2.77010159101177e-19
"pgaptmp_001331",213.473298313854,-0.137361070581342,0.239838890959462,-0.572722255476739,0.566832766081812,0.616886419694884
"pgaptmp_001332",64.3027116378962,0.876634837175453,0.437247621142633,2.00489332539899,0.0449744524277654,0.0594231139283432
"pgaptmp_001333",6.38308509545442,0.999617585577937,2.07106775306239,0.482658080161719,0.629338532570116,0.676602547147883
"pgaptmp_001334",0.408417706413872,-2.45196855274494,4.85948613023737,-0.504573629192592,0.613858335608624,0.661871588973145
"pgaptmp_001335",13.7738587939716,-1.22126444775455,0.969522906292303,-1.25965507346801,0.20779381888267,0.250780996718968
"pgaptmp_001336",60.3487120051,0.993214893068721,0.456404586128846,2.17617202643167,0.0295423997878539,0.0396812746338478
"pgaptmp_001337",225.939148579041,-0.000419902517035445,0.364323447329212,-0.00115255419357078,0.999080395007059,0.999080395007059
"pgaptmp_001338",373.673333664782,-0.704706268630399,0.196462756624966,-3.58697129540759,0.000334541134356637,0.000533488475610712
"yeiL",218.529508838296,-0.501226574793426,0.298532112587557,-1.67897038093823,0.0931578164088202,0.118419874547004
"metE",28812.4300613686,-0.166900461010222,0.072341823176337,-2.30710885739489,0.0210487523005598,0.0286867286937692
"pgaptmp_001341",2531.81609597524,-1.83906854266605,0.169192714660411,-10.8696674461266,1.60785830774167e-27,6.13160719407221e-27
"pgaptmp_001342",2316.25992296874,0.661750830030786,0.112391318880445,5.88791764900202,3.91091895252215e-09,8.19619388586006e-09
"pgaptmp_001343",438.790985057008,-0.446985958845475,0.202054561826168,-2.21220424228792,0.0269525558658069,0.0363468887436715
"pgaptmp_001344",450.228853843225,-0.14248355533144,0.194113661727209,-0.734021263952429,0.462935778492781,0.518521506936542
"pgaptmp_001345",116.454498773332,-0.406539987851262,0.346361800653195,-1.17374371851798,0.240497693315479,0.286625813166895
"pgaptmp_001346",229.134176764195,0.801380847133617,0.252446763992791,3.17445482151834,0.00150118258297097,0.00229273761748787
"pgaptmp_001347",17.3940524433201,0.0548505903707515,0.925273666327193,0.0592803971050824,0.952728774496499,0.960470340919818
"mgtE",30999.5395615176,-4.02419465940872,0.103471986417291,-38.8916343325969,0,0
"tnrA",198.373233134506,-0.642543063613119,0.271292827700681,-2.36844839968287,0.0178628719258098,0.0245334351689535
"pgaptmp_001350",28.7647118810781,0.217514839186787,0.654791567478654,0.332189432469865,0.73974622279928,0.777998146724758
"pgaptmp_001351",31.6688728338746,0.0724265581987409,0.649318240923465,0.111542466596557,0.911186192208952,0.92941491022245
"pgaptmp_001352",3979.12079936966,1.67106112671934,0.163573920262433,10.2159386046281,1.68242906656313e-24,5.87429735998873e-24
"pgaptmp_001353",32.8129726667565,0.229581345415071,0.591123789896066,0.388381163707584,0.69773398154991,0.739865577079596
"pgaptmp_001354",3193.48572073736,0.0716867199280279,0.1366715428803,0.524518260475134,0.599918122470147,0.648531876803336
"pgaptmp_001355",1498.12979762946,-0.339261773439432,0.131498588557015,-2.57996513241916,0.00988102912950094,0.0139794240914538
"pgaptmp_001356",3234.89006542402,-1.01594420996728,0.116946321681866,-8.68726946992826,3.71254775719106e-18,1.07785512888183e-17
"pgaptmp_001357",118.976774010409,-0.249334889810856,0.370224445126505,-0.673469548251083,0.500648615578265,0.554422537096788
"pgaptmp_001358",190.093572347727,0.0592180351476285,0.294070682083787,0.201373475002707,0.840406554250824,0.870337561191309
"sigI",1454.74013589704,-1.65220148759365,0.136760381469506,-12.0809950209304,1.33099229101841e-33,5.8557367697051e-33
"pgaptmp_001360",629.555585018553,0.185793626564989,0.166549161654148,1.11554825445956,0.264615552239832,0.313662129119954
"pgaptmp_001361",29.2734339116719,-2.66008615651237,0.96693958953187,-2.75103655420729,0.00594070137598092,0.00856031379070886
"pgaptmp_001362",1846.42768976883,-2.08001870744317,0.138213973729335,-15.0492649282806,3.49091583064687e-51,2.14409054812998e-50
"htpX",16940.7965036041,0.617360050371567,0.116194136716523,5.31317730668053,1.07730123751536e-07,2.09932733300113e-07
"pgaptmp_001364",4092.54038134767,-1.29797560768084,0.0955686781282667,-13.5816005107738,5.148887704124e-42,2.69538115819262e-41
"pgaptmp_001365",18.4961330337724,-1.04626739077813,0.835640192697071,-1.25205489147338,0.210549863002425,0.254024826611029
"pgaptmp_001366",3.94855945818723,2.573254676758,1.88234241398562,1.36704919234618,0.171609887002668,0.209902070136027
"pgaptmp_001367",318.814415444049,-1.67018912210154,0.24706389376332,-6.76015056939698,1.37848406711534e-11,3.21473539962612e-11
"pgaptmp_001368",8419.38506727097,2.2898738729987,0.0903483824315097,25.3449349216028,1.02195149746507e-141,1.6830546343208e-140
"pgaptmp_001369",3137.09322397708,2.43620683578354,0.0957860263622969,25.4338438319692,1.06552234645485e-142,1.76261074377998e-141
"pgaptmp_001370",1095.24576893004,2.17530210293678,0.140734620747497,15.456766013813,6.79241332244149e-54,4.3663838318009e-53
"mtnA",1486.0635530478,0.201075016886815,0.113753627871442,1.7676360802669,0.0771217621704523,0.0987094906459502
"mtnK",959.566315215549,0.266868042637668,0.140062221893805,1.90535348525319,0.0567341373042199,0.0740927926478268
"pgaptmp_001373",1541.16992352259,0.759056197902794,0.134031735636399,5.66325724500025,1.48526238064963e-08,3.03244464112887e-08
"pgaptmp_001374",1854.3735180746,0.39295889972611,0.131400643469063,2.99054014768679,0.00278484518679413,0.00416272842781034
"mtnW",3850.13698464532,0.499695525555697,0.0906797667887588,5.51055150725908,3.57711112717408e-08,7.17349548240405e-08
"mtnX",2089.78796568404,0.604889170364421,0.113696610017313,5.32020409643097,1.03650905987536e-07,2.02407487977759e-07
"pgaptmp_001377",1788.43321256555,0.975383881426482,0.103234065376425,9.44827541054317,3.44459008067137e-21,1.09579181882554e-20
"pgaptmp_001378",3807.81001905676,1.58446847966568,0.0937540434403323,16.9002682073556,4.478648508701e-64,3.31402181896325e-63
"pgaptmp_001379",3040.56093366715,-3.34823764009448,0.152417211159269,-21.9675823657194,5.88170491545292e-107,7.24890917063436e-106
"pgaptmp_001380",4217.10239512576,-1.11016948807118,0.0980412563683373,-11.323493080304,1.00390408541252e-29,4.05703692280718e-29
"pgaptmp_001381",264.90773711584,-0.399822739393638,0.275873136189214,-1.4492992863191,0.147254020315335,0.181844546653509
"motB",11011.44531329,0.436229874226047,0.106573992894813,4.09321132085762,4.25439656807128e-05,7.13925339330987e-05
"motA",14413.6789007907,0.562690577089984,0.101990068240163,5.51711148741442,3.44616829949483e-08,6.91462987100795e-08
"clpE",21396.2060019676,-3.47944786489998,0.0933227895314834,-37.2840105012737,2.98045132769025e-304,1.23258220462923e-302
"pgaptmp_001385",41.2166915636983,-0.116218148664112,0.565511568401201,-0.205509763474301,0.837173870745002,0.86795575122922
"pgaptmp_001386",14618.7367303666,0.135447988788042,0.0986793904134888,1.37260666305785,0.169874659385482,0.20812162022145
"queC",409.136004883334,-1.55154127141609,0.191551987667524,-8.09984427887582,5.50295811012137e-16,1.49831822135126e-15
"queD",506.937187599455,-1.72979590694018,0.179081946801434,-9.6592422510248,4.49173984440248e-22,1.46780120288552e-21
"queE",1048.51705654516,-1.5870590081514,0.135445068662098,-11.7173627938476,1.0385483871239e-31,4.3776637563705e-31
"queF",929.518618961769,-0.455571237968808,0.139876648094938,-3.25694992104471,0.00112616299481699,0.00173420714385968
"pgaptmp_001391",356.459319663736,0.471818319372768,0.186791278709922,2.52591193031812,0.0115398405938514,0.016214151260972
"pgaptmp_001392",322.538256264641,1.91784622499459,0.230585844654385,8.31727649140459,9.00076136080482e-17,2.50754743899068e-16
"pgaptmp_001393",250.021167655423,-0.241992116765357,0.238422594736205,-1.01497140836464,0.310119456845456,0.362862187481542
"pgaptmp_001394",35.4352272039909,-1.78790225900358,0.646265547065096,-2.76651334288674,0.0056659266201208,0.00818020903029077
"pgaptmp_001395",37.2903581040263,-0.928155426472765,0.56763675788798,-1.6351221332568,0.102023447195758,0.128853502023281
"stoA",26.9912510136199,-1.55691112022611,0.875352731125307,-1.77860999899392,0.0753037236552128,0.0965485564742342
"pgaptmp_001397",7907.61197796611,1.66193792993171,0.128541094954559,12.929234269548,3.07869754935113e-38,1.49594155074216e-37
"pgaptmp_001398",4997.2105581117,0.768071907242681,0.104568796938889,7.34513477946533,2.05551862219853e-13,5.13121415950566e-13
"pgaptmp_001399",8.82041306956351,-0.438486360596864,1.15296656359006,-0.38031142831369,0.703714253180317,0.745156315885388
"pgaptmp_001400",6068.9317810755,1.02706843129857,0.113589232564001,9.04195237625083,1.53898136841035e-19,4.64942260813582e-19
"glcT",10338.8871019833,0.0452719193253386,0.0818879594273365,0.552851965562907,0.580364781467205,0.630323232162515
"ptsG",62453.5046757286,-5.45477780274815,0.0796493552465772,-68.4848959023125,0,0
"pgaptmp_001403",22783.9797653347,-1.69346372608621,0.0839316539774032,-20.176699085927,1.56878916308249e-90,1.6085491088135e-89
"ptsP",98189.6384371693,-1.26987444082112,0.0862162225340871,-14.7289501151487,4.20182908198106e-49,2.49031972024419e-48
"pgaptmp_001405",49.2255129899666,-1.53127480040017,0.565228354495592,-2.70912594568381,0.00674607259023434,0.00967586981921087
"splB",377.811742183034,-2.07283935380669,0.233953206483601,-8.86005960320952,7.99716710354507e-19,2.37174947883623e-18
"pgaptmp_001407",56699.5070701618,-0.102762686923831,0.0955529406744559,-1.07545289761346,0.282172009738124,0.332952031790109
"pgaptmp_001408",29047.6015039804,0.546643799619894,0.109201581439944,5.00582310633044,5.56238221897135e-07,1.04561548580866e-06
"pgaptmp_001409",4747.97691737731,0.516140041522922,0.136399281791949,3.78403782440874,0.000154304357436084,0.000251564090397329
"pgaptmp_001410",136.193398832881,1.79311917824101,0.518494280645719,3.45832007251441,0.000543555205605312,0.000853633955807162
"pgaptmp_001411",10499.3249152685,2.08251773382237,0.138112657730411,15.0783988089444,2.24651222313787e-51,1.38206917264779e-50
"pgaptmp_001412",7374.6918528973,0.817653712339876,0.088231658271671,9.26712393665171,1.91232763285265e-20,5.9762245587553e-20
"pgaptmp_001413",6262.12773867778,-0.580194185864448,0.0992379591963409,-5.84649453256633,5.02040062288956e-09,1.04741766358716e-08
"pgaptmp_001414",114.219676985195,-1.19265580151491,0.492880654181751,-2.41976590356317,0.0155305015023647,0.0214727067577271
"cheV",11720.1957572494,0.467380730231196,0.0804403113683522,5.81027997381769,6.2368452136545e-09,1.29539831948784e-08
"pgaptmp_001416",1621.37525200677,-0.487866982240189,0.112564108381809,-4.3341255863315,1.4634062008729e-05,2.52049878743587e-05
"pgaptmp_001417",5392.3871237673,-1.40764480722024,0.131760249099542,-10.6833799787126,1.21756192238705e-26,4.5272382368877e-26
"pgaptmp_001418",209.998501944105,0.0167918624023034,0.313846454301246,0.0535034319240252,0.957330796287998,0.96458722896154
"pgaptmp_001419",277.715537352833,-0.476778062934879,0.233836251141504,-2.03893990177922,0.0414560259336107,0.0549890693246254
"fadH",723.133953110431,4.32610873646452,0.292578182459234,14.7861631380094,1.79922037474783e-49,1.07663958759026e-48
"pgaptmp_001421",843.055586169235,-3.09577103234206,0.17937290742592,-17.2588551792338,9.59952870241416e-67,7.38211690710444e-66
"pgaptmp_001422",1548.25207826154,-0.569376577543009,0.109030413714403,-5.22218120747895,1.76827804039069e-07,3.39779600740017e-07
"pgaptmp_001423",4934.21135701931,-2.22269004316402,0.172367124654376,-12.8950926554056,4.79686257559376e-38,2.31869123459221e-37
"pgaptmp_001424",3648.92443996838,-2.13797850068987,0.152269323732703,-14.0407696591792,8.77543745852897e-45,4.7962082556013e-44
"abbA",1567.61264565569,0.913860362402881,0.142933120806997,6.39362211671619,1.62001502345349e-10,3.60627746249636e-10
"cbpB",829.082962031942,1.01669206747114,0.146377533082492,6.94568384957119,3.76631376218523e-12,8.99757369887896e-12
"ccpC",740.00299393112,1.7528098025772,0.22452972508309,7.80658241098614,5.8759553434705e-15,1.55218635829646e-14
"pgaptmp_001428",78.8179788578158,-0.354201005635741,0.438331831926993,-0.808065898565029,0.419052647425848,0.474221329802069
"pgaptmp_001429",127.319409851186,-0.867587832363754,0.331610477947087,-2.61628594408344,0.00888920807613275,0.0126184715710778
"pgaptmp_001430",26.0551818678013,0.511209482385841,0.764835017236249,0.668391837278986,0.503883504604943,0.55734157626734
"dapD",4332.39771954213,1.2793039636285,0.0976300008313597,13.1035947222647,3.14024819459781e-39,1.57096825003939e-38
"pgaptmp_001432",2165.54545389318,0.772940471918212,0.100975377824409,7.65474206258794,1.93700631347201e-14,5.01707550364844e-14
"pgaptmp_001433",531.056868163784,0.2745152272171,0.169529120381783,1.61928066752712,0.105386888318681,0.132741116183462
"pgaptmp_001434",1059.40303025192,-1.31344345539214,0.14624518495335,-8.98110563989583,2.6805931892935e-19,8.03314641751241e-19
"pgaptmp_001435",163.911389110702,-0.240936956803604,0.386918858379799,-0.622706677602932,0.533477293781505,0.58589627838736
"rok",8644.3588420126,-0.162606126670137,0.0984912128476447,-1.65097090358376,0.0987445163107358,0.125051748795018
"pgaptmp_001437",120.356242036933,-1.075669259651,0.325502170454883,-3.30464542877784,0.000950966245650836,0.00147417591266656
"pgaptmp_001438",231.479076596455,0.137713871019051,0.256799421190798,0.536270176858116,0.591771838881684,0.640655841860858
"pgaptmp_001439",1034.54690119981,0.878069772673078,0.134631368653441,6.52202960911246,6.93623176326499e-11,1.56275149048864e-10
"glp",6429.62364092051,0.471362569637355,0.118387520545653,3.98152243973709,6.8475254983406e-05,0.000113931559699704
"mobB",2099.01021317443,0.700292807357165,0.144403837726739,4.84954429453847,1.23745435159143e-06,2.27784623967522e-06
"pgaptmp_001442",1937.49342298151,1.17974023162601,0.112417543414318,10.4942715860464,9.17828809558108e-26,3.3263474480772e-25
"moaD",1465.88985274498,1.24586951401474,0.167533682171446,7.43653155512799,1.03363284658138e-13,2.61357435799992e-13
"pgaptmp_001444",17194.983831804,2.14332441168675,0.0726348302013966,29.5082181061606,2.25845178612472e-191,5.32022629617481e-190
"pgaptmp_001445",24731.8835336251,2.65371842644083,0.0863120098876809,30.7456451297352,1.39818116618859e-207,3.54015666704348e-206
"pgaptmp_001446",27243.717519852,2.01814511564618,0.0790197303172511,25.5397621270493,7.13472348335513e-144,1.201603656337e-142
"pgaptmp_001447",45284.8854146535,1.96469498824308,0.0749051355657825,26.229109304764,1.23757284380666e-151,2.24694932909678e-150
"pgaptmp_001448",2444.33027097841,-1.61778396993344,0.111189793026448,-14.5497525078459,5.86147257232635e-48,3.38763989350911e-47
"pfkB",3249.27943352875,-1.02448552545016,0.125695004182185,-8.15056677960925,3.62222549302504e-16,9.91317888605823e-16
"pgaptmp_001450",11753.4220685149,-1.10264632819131,0.0980614977706332,-11.2444369427276,2.46665578720885e-29,9.81913672726346e-29
"sipT",984.666814262097,-1.14478535411971,0.148050407323033,-7.7324025973254,1.05535562607125e-14,2.76817028910302e-14
"pgaptmp_001452",197.480385476508,0.198595603746647,0.308595470305647,0.643546723320173,0.519869407392176,0.572980140454154
"pgaptmp_001453",28041.3590600962,0.449463134337848,0.0861246580851615,5.21875087031882,1.80133866192397e-07,3.45775270741672e-07
"pgaptmp_001454",2769.68068489428,0.925473874713466,0.109275305717261,8.469195017473,2.47094682868891e-17,6.99381300104953e-17
"pgaptmp_001455",5702.06746703026,2.69093674974976,0.124290501210101,21.6503813529643,6.02794865276119e-104,7.16805906887449e-103
"pgaptmp_001456",42.9528058235795,2.50822640141743,0.868429801093523,2.88823160865631,0.00387414492499069,0.00569943375921555
"mreBH",232.075338285528,2.05863949576837,0.341222011461935,6.03313803511185,1.60805941354694e-09,3.43976846966764e-09
"pgaptmp_001458",1056.60323132835,0.0327326661126203,0.153618589226375,0.213077507595027,0.831266508133663,0.862792510673032
"pgaptmp_001459",1848.61803795592,-1.0136613792779,0.117992980846664,-8.59086169367295,8.63194886245599e-18,2.48477290534116e-17
"pgaptmp_001460",2318.34232111564,0.596492811295132,0.0992081871998997,6.01253614374817,1.8264309271571e-09,3.89792196724697e-09
"ktrC",2821.83312129108,0.841023903604448,0.0934732108035133,8.99748597886869,2.30945306919854e-19,6.94328297540951e-19
"ade",1367.9751671612,0.591082828129891,0.139086961251807,4.24973572511787,2.14022873930658e-05,3.64573517972499e-05
"rnjA",56857.9764719108,0.97804055471724,0.0834307147236521,11.7227876802543,9.74128079974631e-32,4.11544235376342e-31
"pgaptmp_001464",1883.64232867057,0.347364738589308,0.204353788000074,1.69982040454852,0.08916471224742,0.113537823805986
"pgaptmp_001465",2671.13553395498,1.08952394815995,0.0993269842230712,10.9690630062126,5.38272972840521e-28,2.08475754933654e-27
"def",2099.5708097907,0.281348418940387,0.121657543315497,2.31262617403642,0.0207432011852029,0.0282806574400458
"pgaptmp_001467",3.06884950858,0.905157250706282,2.9440803739625,0.307449911595998,0.758500942595179,0.796147915493305
"pgaptmp_001468",3890.54460188296,0.579655567946523,0.137468977959263,4.21662819169496,2.47982342449454e-05,4.21456748217748e-05
"fabD",60456.7687075714,2.21940833705679,0.0817261930096154,27.1566343093415,2.11409628946408e-162,4.27644912466592e-161
"pgaptmp_001470",117629.035575619,3.17601522116502,0.0871456928109795,36.4448903751772,8.28876300429899e-291,3.1162399901011e-289
"pgaptmp_001471",71644.1063189553,2.49117925159669,0.0968827869615242,25.7133318489902,8.29288939870902e-146,1.44234272626145e-144
"pgaptmp_001472",126314.99762173,2.43859426385272,0.0929648218267746,26.2313659719228,1.16634319133216e-151,2.1280045873227e-150
"pgaptmp_001473",146524.20908339,2.02196439104694,0.0964944965576275,20.9541938989173,1.71813294531353e-97,1.93784570377484e-96
"pgaptmp_001474",72360.3361039829,2.43558790933969,0.0900214845467501,27.0556292378719,3.27925194130886e-161,6.49222113061254e-160
"pgaptmp_001475",164684.556034744,2.15548530144732,0.107942275547607,19.9688703106566,1.02751086684611e-88,1.03923789304381e-87
"pgaptmp_001476",78297.2565091459,2.06413088224676,0.0918588992795272,22.4706685844949,8.03722719637257e-112,1.02097473122521e-110
"pgaptmp_001477",25626.5861482694,3.01088700393628,0.081976314734247,36.7287430972843,2.54015922862845e-295,9.95207647258432e-294
"pdhA",59626.2484956532,0.637017250153928,0.0887566833651637,7.17711867998836,7.11958826578495e-13,1.73764639509847e-12
"pdhB",55685.3453437832,0.363086358858689,0.0870965614796263,4.16877948670364,3.06235085900309e-05,5.18329690641633e-05
"pdhC",196704.283883223,1.13288298758295,0.0871320773917713,13.0019049412673,1.19333254820543e-38,5.84418913739556e-38
"pgaptmp_001482",60.9783684746185,-0.378382632256725,0.544691061492917,-0.694673841754691,0.487259724717894,0.541529022215587
"pgaptmp_001483",258.649846860192,0.825485864651681,0.244451203962516,3.37689424830266,0.000733092293798059,0.00114166088599012
"pgaptmp_001484",29.3140829586952,1.30933914334254,0.619708148054398,2.11283189910165,0.0346151583503456,0.0462280657983445
"pgaptmp_001485",2132.49047354234,-1.11445447604816,0.115344704733384,-9.66194745241397,4.37467374103853e-22,1.43080278243809e-21
"pgaptmp_001486",203.8513095393,1.37527525942608,0.334046048549774,4.11702298349791,3.83797811795136e-05,6.45793605561255e-05
"pgaptmp_001487",3436.16277664267,-0.452701904105263,0.115766063540582,-3.91048887955465,9.21095011189366e-05,0.000152031735328019
"pgaptmp_001488",15.5562584383057,0.854147270531388,0.86703257744683,0.985138612722736,0.324555989039077,0.377027899876231
"suhB",1296.82547645163,1.23473477507837,0.135996663758003,9.07915489217802,1.0942112650944e-19,3.3382412530175e-19
"pgaptmp_001490",640.496886768564,1.07039006910573,0.181639285553653,5.89294362088624,3.79375874850331e-09,7.9596223573446e-09
"pgaptmp_001491",5195.59734484133,1.97661269164533,0.0915009530307641,21.6020994992343,1.71634968546052e-103,2.03447564626881e-102
"pgaptmp_001492",52.0389096278111,-1.19212332482561,0.582190986006701,-2.04764991811792,0.0405943143844853,0.0538844643862533
"pgaptmp_001493",44.4262833323172,-1.28800163561242,0.679015160694142,-1.8968672721471,0.0578454578785907,0.0754647017960443
"pgaptmp_001494",245.965416849752,1.04186255565984,0.237496266839042,4.38685866319717,1.14999462847111e-05,1.99453867994849e-05
"pgaptmp_001495",597.269896365002,2.09562960910229,0.194962097404557,10.7489077979796,5.9967474967617e-27,2.25453476595425e-26
"typA",31837.1845877191,-0.541331072744473,0.0850632185253566,-6.36386774600007,1.96735557400023e-10,4.36122539989807e-10
"pgaptmp_001497",9060.79094578764,-0.57068764230326,0.0873544431845188,-6.53301219146686,6.44598943493274e-11,1.45405895011028e-10
"pgaptmp_001498",54.3766808767753,3.74994171648862,0.712522622432253,5.2629089918407,1.41793776844598e-07,2.74444325229118e-07
"pgaptmp_001499",128.923174943954,2.67328389774723,0.528759804876327,5.05576231985426,4.28674948167209e-07,8.09501855443102e-07
"pgaptmp_001500",92.1786854155319,-1.00055789352133,0.388355453111831,-2.57639717816247,0.0099835893641539,0.0141127685580634
"pgaptmp_001501",7403.77130094338,1.81180499498525,0.141413690414865,12.8120904678321,1.40303089789839e-37,6.71218637786352e-37
"glsA",66.6574078648188,-0.74253181156989,0.479556717244469,-1.54837120379936,0.121532950145988,0.151793839074956
"pgaptmp_001503",2527.86889012241,-0.764279662074888,0.12156391754301,-6.28706015339201,3.23534040612374e-10,7.10438760565934e-10
"pgaptmp_001504",5617.43623217968,-0.730133004596718,0.109709453893335,-6.65515120790398,2.83008943496356e-11,6.49019893834526e-11
"pyc",78098.269070291,2.44639023907834,0.102552930340393,23.8549033261,9.00684270053871e-126,1.29434241433996e-124
"ctaA",13111.0455374202,-0.197893445897876,0.0825074612122811,-2.39849151810309,0.0164627577602608,0.022685814284965
"coxB",11763.9319694507,5.18958894116654,0.0997173778484995,52.0429743855788,0,0
"ctaD",29940.7060982733,5.41324478263706,0.110014087371701,49.2050146664172,0,0
"ctaE",9641.01183668863,5.70070282299676,0.156385001266291,36.4530023777001,6.16571787514112e-291,2.34171448278319e-289
"ctaF",6556.6990964517,5.77269842614367,0.134772347742934,42.8329588585529,0,0
"ctaG",18239.92729909,5.37171399461116,0.111829385567321,48.0349057393095,0,0
"pgaptmp_001513",550.563480151759,-2.59741687816683,0.195323810940243,-13.2980043020022,2.3772920858384e-40,1.21375598676139e-39
"pgaptmp_001514",10853.0764576007,1.89745843799792,0.126570019791963,14.9913734794123,8.36062293841021e-51,5.1097271883026e-50
"pgaptmp_001515",1564.68669452213,-4.11173027256366,0.166348258695137,-24.7176033270005,6.91776877623702e-135,1.0595858183191e-133
"pgaptmp_001516",4502.61440351646,-2.20645329853014,0.103069104783794,-21.4075139505537,1.13719420132954e-101,1.31857844777214e-100
"pgaptmp_001517",150.073707335743,-2.95055320106214,0.433655538159548,-6.80390988106461,1.0181724499711e-11,2.38491998665351e-11
"pgaptmp_001518",142.576207927909,-3.4956061859798,0.424041640426833,-8.24354462562022,1.67182530389511e-16,4.61954994884751e-16
"pgaptmp_001519",6235.56304908734,-2.33283774796316,0.10804130462075,-21.5920916185895,2.13144965726077e-103,2.51849384899193e-102
"pgaptmp_001520",519.057885138365,-0.131543841419078,0.184938557257793,-0.711284025189585,0.476908248810312,0.532090078558747
"rsmD",528.68585031051,0.197581957015164,0.208905949071,0.945793826809653,0.344253754819819,0.398418058283385
"coaD",796.903535290448,0.404385005817941,0.152645262583211,2.6491815007852,0.00806869857103807,0.0114931864069666
"ylbJ",56.4257802519624,-0.71251367579186,0.505102973066923,-1.41063053235574,0.158353583949545,0.194711608675324
"pgaptmp_001524",344.41867853012,-2.29965853529903,0.272955777608739,-8.42502238071479,3.60681300162614e-17,1.01547337307508e-16
"pgaptmp_001525",1380.96669058228,-0.627145394882176,0.145216367150552,-4.31869635074942,1.5695354880101e-05,2.69829611379843e-05
"pgaptmp_001526",3390.97600278964,0.749999317436042,0.102937868224935,7.28594180517883,3.19430849762981e-13,7.92086357640118e-13
"pgaptmp_001527",39986.95217856,-1.71582673266437,0.0970553590036711,-17.6788458698038,6.10328017714583e-70,4.906351796833e-69
"rpmF",2123.48467714452,-0.409487768284348,0.175643748084865,-2.33135407749611,0.0197346968998765,0.027024481921023
"gerR",150.821412281605,-0.888173415906927,0.309161974326472,-2.87284171296249,0.00406797878187721,0.00597750376081602
"pgaptmp_001530",12778.8498552127,1.74891806344098,0.0837382331336225,20.8855381585399,7.24835185586267e-97,8.1016112935498e-96
"pgaptmp_001531",2407.75455544237,-0.688347019940825,0.117015567513599,-5.8825251594052,4.04053893005661e-09,8.46307591315177e-09
"bshC",13592.3748025474,0.245926118135005,0.0798736803438012,3.0789381067263,0.00207739835312713,0.00313547310232733
"mraZ",34679.4743130957,-1.36802363298718,0.0986850545781487,-13.8625209139834,1.06854511836814e-43,5.77231484842703e-43
"rsmH",23810.8518274488,-0.896210657248943,0.0968958112131845,-9.24921981691399,2.26137209291294e-20,7.06109641763586e-20
"ftsL",4102.85970186107,-0.362076621453137,0.106797978387325,-3.39029471269569,0.000698175229366764,0.0010893501461261
"pbpB",17948.0792689344,0.826818736183894,0.0916387333534916,9.02259018568583,1.83693676214224e-19,5.5360960556222e-19
"pgaptmp_001537",253.931756028484,0.786270756391303,0.246604953763011,3.1883818406459,0.00143071469485653,0.00218600989090969
"pgaptmp_001538",2474.88648411189,0.521015290530409,0.119322602190156,4.36644257640396,1.26286468624154e-05,2.18216451355199e-05
"mraY",2759.06580453607,0.29299684773241,0.116767312126167,2.50923689513233,0.0120992312130796,0.0169489418799708
"murD",5029.00216507674,0.824154525140767,0.0852035331293793,9.67277406078115,3.93562648387545e-22,1.28947198705849e-21
"spoVE",3866.27798851369,0.425590555106737,0.100402657292997,4.23883756248373,2.24680150099539e-05,3.82377466241648e-05
"murG",3525.69549784809,-0.26987031499088,0.106934550094659,-2.52369617445426,0.0116128246397117,0.0163105408713234
"murB",8210.89013514732,-0.603019613071824,0.0919283471451878,-6.55966991465038,5.39270147557087e-11,1.22090236569798e-10
"pgaptmp_001544",3269.88266416365,0.443846378878455,0.11050435865708,4.01655087882832,5.90561185378517e-05,9.85681045730421e-05
"ftsA",17559.6642907617,1.31520349849888,0.10476554585821,12.5537788948179,3.78982693650362e-36,1.75881993237736e-35
"ftsZ",44402.411321461,1.94021413696931,0.0928674565600897,20.8922932622139,6.29241792633079e-97,7.05433118126602e-96
"pgaptmp_001547",2182.9622151518,0.914926458155437,0.105931966993022,8.63692503902723,5.77462472850065e-18,1.66742849026217e-17
"spoIIGA",54.631644995987,-0.254107178937626,0.461394122229607,-0.550737789440613,0.581813435570449,0.631528027761217
"sigE",170.391937614673,-0.660990428217813,0.30392629090662,-2.17483793931108,0.0296422629121213,0.0398010470991759
"sigG",247.002554672717,-1.26051464002398,0.254583516521323,-4.95128143898667,7.37263896555462e-07,1.37136243027458e-06
"pgaptmp_001551",696.967715683339,0.494066517761799,0.166360395378198,2.96985659741074,0.00297938794068739,0.00444282128014362
"pgaptmp_001552",319.09084137355,0.790975322578746,0.212337940254618,3.72507768338655,0.000195255083608492,0.000315699140395659
"pgaptmp_001553",168.194323460016,1.22318371881832,0.298503768692128,4.09771616679281,4.17246457891143e-05,7.01124747752069e-05
"pgeF",2979.16949207607,0.254364423088898,0.0920234997596961,2.76412463939242,0.00570757330176403,0.00823714146148342
"pgaptmp_001555",2087.26564121531,-0.295015518847572,0.099731748311839,-2.95809031568487,0.00309551413354713,0.00460675873852955
"sepF",3848.81849997207,0.720373901876354,0.096744523479583,7.4461465720939,9.61060285173239e-14,2.43172425657022e-13
"pgaptmp_001557",4002.00631824646,0.656976725972995,0.11969446017103,5.48878139417857,4.04716127426333e-08,8.09432254852665e-08
"pgaptmp_001558",6350.14720961424,-0.351522681587498,0.089228438180339,-3.93958124512992,8.16239571038615e-05,0.000135264634167664
"divIVA",15267.6680204438,0.155556808020974,0.116293720198955,1.33762001727047,0.181020335780509,0.220397967343906
"ileS",22888.5505708001,1.37803337810556,0.0767469225714098,17.9555522480182,4.34241074536016e-72,3.57576389252887e-71
"pgaptmp_001561",15.0450802744471,0.109836118843183,0.875684203177032,0.12542891426463,0.900183998591861,0.921222117888069
"lspA",117.979696614345,-1.13196651072222,0.343588485459997,-3.29454146056943,0.000985824005356131,0.00152440255419008
"pgaptmp_001563",1115.295186671,0.40804555804124,0.123576647446065,3.30196332781508,0.000960106218529678,0.00148648724848896
"pyrR",7175.31991488225,-0.845634546381008,0.0997708017114614,-8.47577178768789,2.33526141582415e-17,6.61983472178028e-17
"pyrP",14454.8947382853,-1.42908874928392,0.113361913991534,-12.6064274937228,1.94616693674905e-36,9.10004188263816e-36
"pgaptmp_001566",5492.32252317227,-1.94538308889152,0.125185214580673,-15.5400387770064,1.85870933391131e-54,1.20946086377935e-53
"pgaptmp_001567",3527.59164227227,0.591782549436889,0.109555082942588,5.40168957516113,6.60161212501452e-08,1.30628390905391e-07
"pgaptmp_001568",5318.27200533694,1.6328597958279,0.118509833977158,13.7782641408698,3.44455265484466e-43,1.8367657566378e-42
"carB",34382.3844676789,1.60348271088509,0.107110159253513,14.9704073083291,1.1461712975806e-50,6.99352388458195e-50
"pgaptmp_001570",8582.4748880421,1.89512692816622,0.099334488197359,19.0782372019772,3.82958617884725e-81,3.5545435804662e-80
"pgaptmp_001571",12038.2906603777,2.09358495717889,0.114136545815089,18.3428098531268,3.76808131707226e-75,3.25401361070602e-74
"pyrF",8882.1074292589,2.38413548592982,0.0885703892581198,26.9179745725375,1.353090507823e-159,2.60943153892084e-158
"pyrE",7712.47545411537,3.2163723049419,0.105061889972665,30.614072388939,7.95260659765977e-206,1.97330678376598e-204
"pgaptmp_001574",10013.3497588928,-0.168752555353743,0.100335130733828,-1.68188902650075,0.0925903609615097,0.117738750768274
"pgaptmp_001575",24988.654374902,-0.615078392695087,0.0866003944384642,-7.10248950577407,1.22529337498684e-12,2.9556331443299e-12
"sat",32520.3276419452,-0.429383315381651,0.0716958945248145,-5.98895262033503,2.1119667156207e-09,4.49699091278045e-09
"cysC",24550.0404584846,-0.295196161706482,0.0803257513779792,-3.67498786681014,0.000237860718221001,0.000382757281979493
"pgaptmp_001579",25426.8925613596,-1.29300018180353,0.0821144784477869,-15.7463118105986,7.28055152020553e-56,4.81318166220337e-55
"pgaptmp_001580",9322.27184616801,-0.926779233450296,0.140286572108497,-6.60632888465994,3.93967153534413e-11,8.97396417047175e-11
"pgaptmp_001581",3568.83596462614,0.928921569509115,0.0970390574948173,9.57265655180881,1.04193355364234e-21,3.36638601272292e-21
"pgaptmp_001582",988.56023109709,-1.37234020110265,0.140449263276219,-9.77107440146335,1.49854371567934e-22,4.97998188371294e-22
"pgaptmp_001583",6600.37923406783,-1.18357031646299,0.158242321931592,-7.47948021752769,7.46171424241198e-14,1.89702871654764e-13
"remA",2514.99367706411,-1.62427253066527,0.159163847930473,-10.2050343201981,1.88254587848213e-24,6.56070764017837e-24
"gmk",2771.43366376703,-2.36252472593016,0.174003443513701,-13.5774596078274,5.44835617387513e-42,2.8481434942645e-41
"rpoZ",522.268585125944,-1.36619303072771,0.204722306358445,-6.67339605062708,2.49950647013556e-11,5.73915057485783e-11
"coaBC",2328.23216765351,-0.0126603288168898,0.101492033850964,-0.124742093901487,0.900727731535685,0.921271947451448
"priA",4349.16316165184,-0.0408749010427872,0.0901641249405306,-0.45333885367098,0.650304759204676,0.696327478066687
"fmt",5488.61252021175,0.736289371789101,0.102590278388137,7.17698970465258,7.12630516997972e-13,1.73814599231091e-12
"rsmB",8927.22252801748,0.916233258251063,0.0879122237793661,10.422137205294,1.96487457290152e-25,7.04553290976826e-25
"rlmN",15142.2391279652,0.673153874551042,0.0817307025673746,8.23624235942581,1.77703769850368e-16,4.90662782925125e-16
"pgaptmp_001593",9133.98553159325,0.269366676623785,0.0842765720575253,3.19622250938163,0.00139239687690194,0.0021300867964772
"pknB",5037.27402341333,1.37572578379504,0.0961648333841009,14.305913454871,2.00981399753661e-46,1.1385886908419e-45
"rsgA",4079.70922200019,2.2955285770474,0.0945776764368485,24.271357296245,3.93492148473701e-130,5.85831110647646e-129
"rpe",4789.29758623963,2.41990198487046,0.0851753578103633,28.410822649647,1.48637915561633e-177,3.23526503930057e-176
"pgaptmp_001597",607.860379267269,1.89607330689565,0.160988214858564,11.7777149623122,5.08530014744011e-32,2.15575024473486e-31
"spoVM",151.75313173409,2.26153812625505,0.288031038929654,7.85171672698574,4.10380583139477e-15,1.08869317921962e-14
"rpmB",2807.28642551344,0.0945801846524226,0.165041577910357,0.573068834229118,0.566598088151755,0.616811372945549
"pgaptmp_001600",675.816025459998,1.60925109625352,0.219809627994604,7.32111286905513,2.45922880077276e-13,6.11848235058569e-13
"pgaptmp_001601",14942.7211472842,1.80757663064985,0.104779276100292,17.2512800042603,1.09447541774181e-66,8.38197017455767e-66
"sdaAB",1857.22758023713,0.0660954875990085,0.102907381217145,0.64228130982694,0.520690547386482,0.573715280453666
"sdaAA",3832.85903381557,0.351233849617305,0.10108066136371,3.47478780687326,0.000511257594372372,0.000805972370289694
"recG",5425.82352894771,0.301221621791929,0.0966404043454841,3.11693254836846,0.00182743378589221,0.00277055338129972
"fapR",1967.40161441633,0.867774480069188,0.153882921151334,5.63918642547594,1.70855482024801e-08,3.48070117184624e-08
"plsX",9691.04820697014,1.08245901912799,0.12621128862237,8.57656261134261,9.77504712324604e-18,2.80082566533655e-17
"fabG",23041.0964379085,1.98206359467184,0.131284699555227,15.0974454859307,1.68329399742574e-51,1.04594662077105e-50
"acpP",11834.6181938444,1.81238481541591,0.105770964722701,17.1349937118133,8.13617255779653e-66,6.13012839273657e-65
"rncS",9054.18829470191,-0.753996022934528,0.0917611861265934,-8.21693849831363,2.08764060196277e-16,5.75144213212838e-16
"smc",12643.4220984443,0.290072272190122,0.0905799380228609,3.20238982849505,0.00136292422374684,0.00208671491599578
"ftsY",6218.32490391412,0.690433830628641,0.0988841886418231,6.98224701149665,2.90495779198395e-12,6.957691699977e-12
"pgaptmp_001613",1375.30768432433,0.687775824454402,0.138667813210801,4.95988080095308,7.05364481183884e-07,1.31531392733788e-06
"pgaptmp_001614",2523.76395265758,-0.0154412338187745,0.135693764623722,-0.113794719024805,0.909400525007949,0.92810220841228
"ffh",27765.4230884664,0.249987371939901,0.100868282838033,2.4783545918127,0.0131989898435669,0.0183926020957529
"rpsP",13827.0859216213,0.252920962485983,0.0909719368448412,2.78020861441432,0.00543239878224129,0.00786440617172387
"pgaptmp_001617",8846.17693338045,0.185124928899567,0.098453342762921,1.88033157335607,0.0600629028230053,0.0782204773643197
"pgaptmp_001618",1722.28817771607,0.53858049087516,0.110669686494511,4.86655838590336,1.1355838637101e-06,2.09550973759493e-06
"rimM",1566.04319953548,0.761676415789511,0.117689413247894,6.47191956157654,9.67656350108421e-11,2.16964875608647e-10
"trmD",5781.65760553391,0.0103517629134512,0.101021400481962,0.102470989949298,0.918382838282543,0.933175245451167
"rplS",75349.4122019263,-1.5324029548035,0.0947627001214615,-16.1709507310298,8.08411224555072e-59,5.63465651272281e-58
"ylqF",1857.17524789927,-0.0458185220609854,0.114796507341444,-0.39912818884555,0.689798752705518,0.732923482035381
"pgaptmp_001623",10995.3820268177,-0.571812552720911,0.126511511095473,-4.51984604222604,6.18846184596823e-06,1.09370631484776e-05
"pgaptmp_001624",14362.0158020009,-1.08777365119498,0.0979743648854246,-11.1026353931161,1.21798558968336e-28,4.77696771844202e-28
"pgaptmp_001625",396.04325653203,-0.0364511502364708,0.184249100930788,-0.197836244802972,0.843173187336019,0.872474451838938
"sucC",74305.8467190159,3.51120049407327,0.0903680376666897,38.8544510286243,0,0
"sucD",87899.973465277,2.89550242158152,0.116635327116156,24.8252608636996,4.78513878134654e-136,7.42095272673825e-135
"dprA",1031.05907632422,1.3418698366131,0.166310936827539,8.06844012913349,7.12019686724449e-16,1.93018009758805e-15
"topA",17234.9705727581,0.157768577563418,0.084823217072494,1.85996927502268,0.0628898730796876,0.0816734499660144
"trmFO",2830.6675585015,0.236196382282615,0.0911265671199873,2.59195961998231,0.00954309719883175,0.0135260501805224
"xerC",5778.97685256142,-0.813136141866613,0.120659262321326,-6.7391108334573,1.59358812412369e-11,3.69783977430697e-11
"hslV",4792.98427275147,0.409681383174874,0.0827595095775542,4.95026354392495,7.41130524980137e-07,1.37786604094709e-06
"hslU",15930.7304119509,1.30807817186156,0.0923835268668297,14.1592144857941,1.63815001845565e-45,9.11389292779062e-45
"codY",10728.1133219695,1.7175729896049,0.0984155389224534,17.4522540689257,3.30912379341397e-68,2.58208779016495e-67
"flgB",3956.90354439399,-0.215208109871506,0.140611885608299,-1.53051151359287,0.125890165766837,0.157025200061718
"flgC",4442.68172674297,0.632330623035765,0.127830006268003,4.94665252311767,7.55005738049611e-07,1.40296123665534e-06
"fliE",2768.3391177635,0.916194994183638,0.200522031084054,4.56904904279367,4.89942138415019e-06,8.72176598510801e-06
"fliF",18633.7732931923,0.962554287885257,0.152658902977217,6.30526139722691,2.87707911507237e-10,6.33638370786945e-10
"fliG",12955.1880896605,1.3309671340049,0.0969635389188889,13.726470267533,7.0484643993466e-43,3.74242289505963e-42
"fliH",5404.93054474348,1.38080648147801,0.105077487921724,13.14084023884,1.92081920203017e-39,9.64816338725547e-39
"fliI",23652.2531583224,1.07904115821419,0.0998121658951496,10.810717797144,3.06264165117941e-27,1.15845042944002e-26
"fliJ",6115.67322999163,1.19580130806437,0.123406006058766,9.68997657613945,3.32604942201276e-22,1.0926351234538e-21
"pgaptmp_001643",9495.08378606617,1.34899311991513,0.108406515267019,12.44383805339,1.51066775123066e-35,6.90750045464438e-35
"pgaptmp_001644",28664.5823337447,1.41698717930803,0.0854469197752539,16.58324469782,9.21180116294507e-62,6.64463642024837e-61
"flgD",8979.07362718688,1.91707939729661,0.132363857255233,14.4834053422904,1.54261295475031e-47,8.84684964188084e-47
"flgG",15609.2192639105,2.32213720436475,0.102801414827955,22.5885724262746,5.61323698822507e-113,7.25432919103254e-112
"pgaptmp_001647",6022.51997276409,2.38576481894465,0.140695305028604,16.956961132851,1.70960554630534e-64,1.27009018829311e-63
"fliL",7571.79096989442,2.32225165433086,0.11146507816304,20.8338942797322,2.13385498795211e-96,2.3779066662149e-95
"fliM",37899.4960859917,2.10815286975136,0.0838556392308084,25.1402635420711,1.80590963701046e-139,2.88480500813431e-138
"fliY",37123.508907269,2.17938971445945,0.0758649663809551,28.7272217787017,1.74441917724761e-181,3.86471915340215e-180
"cheY",14989.8209278968,2.2730061309809,0.0892886492458123,25.4568318613859,5.93111014929609e-143,9.85517498914288e-142
"fliZ",14746.7817673386,1.67697316179861,0.08368224380194,20.0397729029313,2.47896022263159e-89,2.52786025989993e-88
"fliP",12586.3079957291,0.814802131799134,0.103033868967113,7.90809992837603,2.61346998786433e-15,6.96800522552367e-15
"fliQ",5057.68774798671,0.464980595829447,0.136447364949168,3.40776530204646,0.000654972032361449,0.00102558094423614
"fliR",12957.090357046,0.527688989503022,0.123078010672208,4.28743515288371,1.80747998492952e-05,3.09307609375066e-05
"flhB",12426.3799057715,0.348021363013321,0.121484506667167,2.86473866142289,0.00417353522976848,0.00613018868397722
"flhA",11848.8185255228,0.695139462379412,0.135673244317254,5.12362968747116,2.99709334402875e-07,5.70889530525845e-07
"flhF",7771.43104360405,1.1609445065833,0.108363216707399,10.7134555604608,8.80139538757058e-27,3.29234106859675e-26
"pgaptmp_001659",4629.05673394276,1.08089382522794,0.187984966220786,5.74989504191761,8.92988677802128e-09,1.84138717937924e-08
"pgaptmp_001660",8029.48446894002,0.969276143312296,0.112935090108508,8.58259503207566,9.27564460914761e-18,2.66183108984174e-17
"cheA",31364.7715890009,1.53699757859391,0.0855805621756264,17.9596574212695,4.0328905578157e-72,3.32825247365633e-71
"cheW",10046.8568329186,1.5993701507755,0.0839016919192686,19.0624302584319,5.18113849072094e-81,4.79706404538889e-80
"cheC",13233.2969113173,1.25863913105758,0.10354541011669,12.1554314154453,5.36776780579044e-34,2.37278287092067e-33
"cheD",8006.17640184358,1.53722158127163,0.088772503070289,17.3164158732178,3.53713838019365e-67,2.73705385677355e-66
"sigD",13185.7191493796,1.43429297545794,0.103611214588781,13.8430282971824,1.40174470428102e-43,7.55035280656145e-43
"pgaptmp_001666",12493.8588929867,1.2670002809068,0.077831885191425,16.2786790759424,1.39855280449945e-59,9.84010120670502e-59
"rpsB",74251.0080924011,-0.26552945492438,0.0830911417958983,-3.19564094541649,0.00139520618981987,0.00213350757539423
"tsf",22186.1543914326,2.71783762286212,0.108107986586551,25.1400262707346,1.81673123751343e-139,2.88968960086538e-138
"pyrH",10304.2276860317,1.48049649368402,0.129209776142165,11.4580841936843,2.14200483071773e-30,8.78033257701694e-30
"frr",7722.90764076019,2.05915882529046,0.0861648750878519,23.8978913761668,3.22131816500724e-126,4.64718845354921e-125
"pgaptmp_001671",2450.89747910633,-0.0894297384994099,0.150076602318656,-0.595893944277368,0.551246078980532,0.603232328616011
"pgaptmp_001672",1595.14449288398,0.30137024587805,0.134836101107365,2.23508573299728,0.0254117208348195,0.034343654664923
"dxr",2634.89695063878,0.765515186443313,0.126757024053096,6.03923287219691,1.54848632436412e-09,3.31614850361522e-09
"rseP",10771.173038226,0.420249237881175,0.0828480980065445,5.07252728780784,3.92566820606478e-07,7.42445988972212e-07
"pgaptmp_001675",33928.1342078388,1.36624555282465,0.0821563183108089,16.6298293413776,4.237996242146e-62,3.06883696756176e-61
"pgaptmp_001676",18408.30107735,1.44128906303923,0.106410231126469,13.5446474251734,8.52220980034885e-42,4.42394210277523e-41
"rimP",5566.81460610261,0.430759214908789,0.156843652978101,2.74642426856083,0.00602487939545248,0.00867489404637297
"nusA",21244.479792137,0.894285634890132,0.0893993647937454,10.0032660965025,1.47452003758736e-23,5.03963597786973e-23
"rulR",5696.75200319414,0.911638959093404,0.096684965905708,9.42896292669203,4.14163505744236e-21,1.31081340848643e-20
"pgaptmp_001680",5669.24719436739,0.718968975105093,0.102618051915594,7.00626217009523,2.44769073633857e-12,5.87004183031711e-12
"infB",69038.5287944478,0.929215922940021,0.0917930021167251,10.1229494788548,4.37043049808281e-24,1.5089742406182e-23
"pgaptmp_001682",11312.8518559117,0.628521085938424,0.107117417010642,5.86759000990453,4.42174977308537e-09,9.25632882757241e-09
"rbfA",11841.8958001451,0.566743719612687,0.101048560263956,5.60862735829443,2.0393759698011e-08,4.13879899651019e-08
"truB",1452.47907238602,0.778957688772714,0.437598090757391,1.7800756109893,0.0750635873715216,0.096273836043006
"ribF",5183.97753442227,0.540585290937464,0.0965952200181658,5.59639794635595,2.18851047301922e-08,4.42697607640084e-08
"rpsO",61629.2349236401,-0.719754097648581,0.0877390272072687,-8.20335169602785,2.33776002633718e-16,6.42150761478005e-16
"pnp",37897.9590243263,1.02181343205523,0.0938258078540324,10.8905370007034,1.27883964622228e-27,4.90199913824852e-27
"pgaptmp_001688",221.237728404829,-0.100431796451823,0.28528803517274,-0.352036482676226,0.724810902320351,0.764186238823216
"pgaptmp_001689",1223.1108224764,1.02738483761985,0.165405732898842,6.21130126274508,5.25476194387632e-10,1.14576590246677e-09
"pgaptmp_001690",10.3556310209289,-1.61086356553801,1.16576679239617,-1.38180601475785,0.167031271742199,0.204705430827943
"dpaA",15.9013551635937,-0.114503751460237,0.97155700012149,-0.117855927594488,0.906181814476863,0.925495923203694
"dpaB",12.5530438747219,-0.8209447526616,1.09765186465563,-0.747909951320636,0.454514474731445,0.509549058720011
"asd",16356.4847056562,1.42736826946565,0.0811011089279828,17.5998613130326,2.46928149662167e-69,1.96381746376621e-68
"dapG",10588.2154564027,1.64585302023575,0.0803515800626832,20.4831444378792,3.04361977635478e-93,3.21828204761151e-92
"dapA",15624.9319555695,1.64525732388473,0.0789788319814489,20.8316238998214,2.23745030272767e-96,2.48590747067235e-95
"rnjB",26501.6467913562,1.16150417017735,0.0825827912123061,14.0647240560243,6.25664301492899e-45,3.43976740052669e-44
"pgaptmp_001697",135.354006415393,0.327092181190819,0.312512406085279,1.04665342822122,0.295259450513885,0.347331123518546
"pgaptmp_001698",28.3225083455423,0.598484502605194,0.768565705771988,0.778703106462505,0.43615462577092,0.490739878210207
"pgaptmp_001699",9575.29881550504,0.447560898815862,0.0831593279318738,5.38196868525098,7.36755839829911e-08,1.45243921390197e-07
"pgaptmp_001700",2279.34843424061,-0.0710045803726661,0.109461454882369,-0.648671995534596,0.516550409172926,0.569997219964907
"pgaptmp_001701",117.397929222823,-0.41075028771568,0.347884839469551,-1.18070763975224,0.237718885510289,0.283950478777052
"pgaptmp_001702",27.3173360652052,2.3335284722894,0.722761619001229,3.22862809941964,0.0012438553701959,0.0019075524053849
"pgaptmp_001703",2989.2216112293,1.72966672175984,0.0911934502567288,18.9670060392546,3.19598528442047e-80,2.92991557354999e-79
"pgaptmp_001704",3969.92743784558,1.66516258414602,0.114398490036752,14.5558091161087,5.36474063001687e-48,3.10537552487135e-47
"pgaptmp_001705",8210.12488074142,1.51414879591882,0.100339210762925,15.090300037304,1.87587348954718e-51,1.16173063695418e-50
"pgaptmp_001706",893.195125770827,1.16209040694178,0.151584697993774,7.66627781248411,1.77059468408242e-14,4.60206244005221e-14
"pgaptmp_001707",391.072986566358,1.50213106146757,0.193351028140901,7.76893237088412,7.91504111150369e-15,2.08049315091926e-14
"pgaptmp_001708",4477.83094189224,0.524405120342971,0.0952751730189186,5.50411092130834,3.71035899418788e-08,7.4287015472659e-08
"pgaptmp_001709",4949.65888277552,1.71549862359654,0.107680491838381,15.9313780454435,3.83804533314446e-57,2.59730995090249e-56
"pgsA",1860.51936175904,1.60777186888768,0.146882669334843,10.9459603108281,6.94775323850335e-28,2.67697076125357e-27
"pgaptmp_001711",8779.85527304369,1.54659926540902,0.0763775930458105,20.2493847178633,3.59704569289858e-91,3.70864378641787e-90
"recA",23690.005261054,0.278594951426206,0.115162660506469,2.41914306426219,0.0155571202899748,0.0215015231040796
"pgaptmp_001713",1072.12859737875,0.792474562544073,0.14675415491813,5.40001448671877,6.66355157656011e-08,1.31783947757475e-07
"rny",197240.452382494,-0.706111032165283,0.0739870292954121,-9.54371379537289,1.37806939782212e-21,4.43316706887979e-21
"pgaptmp_001715",2394.47529082091,0.724677596098999,0.102261261584366,7.08653095875548,1.37515464784742e-12,3.31068926215272e-12
"spoVS",1371.32665457518,1.16797579041361,0.16416612957506,7.11459661890603,1.12240618268743e-12,2.7092061037371e-12
"tdh",24894.8057000364,2.41753720240969,0.106638296292851,22.6704409808896,8.77111428158543e-114,1.14147158587626e-112
"pgaptmp_001718",32738.4605410928,2.70559033602346,0.10361924015071,26.1108876313731,2.74267125796524e-150,4.95544777774107e-149
"miaB",30856.1328895833,1.90318756287031,0.0777050453530973,24.4924580408143,1.77742402475446e-132,2.65685631330767e-131
"pgaptmp_001720",20647.8763734006,2.14820308072762,0.106805127042811,20.1132954962597,5.64461092201892e-90,5.77176973949297e-89
"cotE",39.1977514340035,0.669536848370182,0.561993752784098,1.19135994849288,0.233512308978632,0.279643762554205
"mutS",3441.97701609562,1.17481112474468,0.0951587759291641,12.3457990424258,5.13221566185916e-35,2.31540687193209e-34
"mutL",7033.09622565145,1.26579391260407,0.106955147557689,11.8348105865717,2.57925108790841e-32,1.10344512059714e-31
"pgaptmp_001724",1085.43281676948,1.51604467042936,0.196596272236515,7.7114619376174,1.24384556824696e-14,3.25569142406132e-14
"pgaptmp_001725",22.5213298981959,-1.02513562732433,0.794679202149765,-1.28999931614056,0.19705089553867,0.238434146032162
"pgaptmp_001726",1784.6705705312,0.177555059697131,0.175926377451915,1.00925774900163,0.312851037423281,0.36536917517711
"pgaptmp_001728",6071.90152616446,0.976652718789341,0.0943715484384045,10.3490165727946,4.22806357089493e-25,1.50017660732802e-24
"pgaptmp_001730",854.007716039889,3.04952913807327,0.156026858129499,19.5448987093122,4.55895573175445e-85,4.43040032208618e-84
"pgaptmp_001731",8566.25623310304,2.35213015402555,0.0956539082866261,24.5900057421325,1.61582830928812e-133,2.45473998660015e-132
"pgaptmp_001732",4623.1543736269,2.18751353568978,0.106320381362478,20.5747337213915,4.62261813810392e-94,4.95832412392587e-93
"pgaptmp_001733",4400.52839651254,2.26131309534162,0.0964523786027154,23.4448660375282,1.49133322655924e-121,2.03323892646648e-120
"pgaptmp_001734",115725.47892882,2.09003274512627,0.111375301050523,18.7656753823559,1.44153769533569e-78,1.29286826555167e-77
"pgaptmp_001735",143062.918569567,1.94301866009671,0.119900057768847,16.2053187984498,4.62482548938187e-59,3.2417326688285e-58
"pgaptmp_001736",80811.9920750793,2.26054365964519,0.115764088692469,19.5271580779286,6.45321509008961e-85,6.2549131680504e-84
"pgaptmp_001737",116084.11217971,2.43628001275154,0.130126930597698,18.722335196575,3.25560555677641e-78,2.90584265763113e-77
"pgaptmp_001738",54053.5965854129,2.5642063774058,0.119706057455083,21.4208573226794,8.54025807086445e-102,9.96452681497099e-101
"pgaptmp_001739",6243.60519351515,2.59506532586819,0.092599942506806,28.0244809620422,8.17691905736082e-173,1.73911387037125e-171
"pgaptmp_001740",9.91497158843858,-0.365315796853739,1.40157495251747,-0.26064663626984,0.794365021848453,0.82981381176535
"pgaptmp_001741",915.085662286379,-3.18797790071117,0.166297188286951,-19.1703656180296,6.54472171038956e-82,6.18260259037308e-81
"pgaptmp_001742",5.10565356067158,1.36882911685198,1.74862553108729,0.782802888621241,0.433742871025668,0.488321526302946
"pgaptmp_001743",39.9100071503345,-0.319211045633787,0.535413181565859,-0.596195716923196,0.55104448658189,0.603231640899351
"pgaptmp_001744",313.633319495157,-0.724369257269177,0.232107880787595,-3.12083008474864,0.00180342058363636,0.00273972710705899
"pgaptmp_001745",560.633340976818,0.8918712489458,0.194991856027301,4.57388973630227,4.78751860618192e-06,8.52998767458551e-06
"pgaptmp_001746",364.649156645057,1.21632483179837,0.217719234383447,5.58666686130347,2.31469141149784e-08,4.67459654562938e-08
"pgaptmp_001747",135.76197345493,-0.820288211012655,0.325488088485378,-2.52017889450202,0.0117295203961323,0.0164682289379119
"pgaptmp_001748",110.476850036004,-1.06083119127017,0.330714158470519,-3.20769814082435,0.00133801855851346,0.0020494259567025
"pgaptmp_001749",19.3844081942048,-1.31067412009978,0.980120680700931,-1.33725789681578,0.181138469130846,0.220397967343906
"pgaptmp_001750",55.6371077823576,0.794985147076353,0.516376433505145,1.53954575672639,0.123671116259321,0.154309049519675
"miaA",2139.84247000109,-0.472074847251253,0.104436366524812,-4.52021516029185,6.17768131010915e-06,1.09231970718415e-05
"hfq",1108.34628769687,1.98112124491529,0.126866725490319,15.6157671545362,5.6857105243128e-55,3.71919412504257e-54
"pgaptmp_001753",63.9082422707352,2.44886725389061,0.446569054327826,5.48373701705918,4.16433695913422e-08,8.31973277611249e-08
"pgaptmp_001754",509.444159884969,0.167354314579746,0.188700875553847,0.886876195399477,0.375145559050048,0.430157661979136
"nrdI",886.39064202536,0.87872195459707,0.182279746821294,4.82073280175532,1.43031830696467e-06,2.6199039067532e-06
"nrdE",11060.6115183137,1.75566175626132,0.0753935400941682,23.2866337628988,6.05599434159235e-120,8.19651306887517e-119
"nrdF",6738.21650914456,1.59069533547246,0.0853366173054867,18.6402436105255,1.51549084903223e-77,1.34301355716618e-76
"pgaptmp_001758",563.130042121541,1.19323877675648,0.167238059863614,7.13497141577453,9.68072752733215e-13,2.34887013407629e-12
"pgaptmp_001759",11.2695745698035,-2.98034940078537,1.32184059192909,-2.25469653374455,0.0241523833857912,0.0327367701973471
"spoVK",59.0177067266775,1.05582285563821,0.482213592595599,2.18953358397689,0.028558080335286,0.0384423779413868
"hflX",2536.85941744973,0.765810976952474,0.119861550513341,6.38912957218283,1.6683265293125e-10,3.7116027149439e-10
"pgaptmp_001762",5135.67560015515,1.14330624095528,0.0904600151515832,12.6388022270331,1.29004149258742e-36,6.05489840530943e-36
"pgaptmp_001763",7437.83927256121,1.13868282297094,0.0948972981879732,11.9991068735743,3.59151024960104e-33,1.55981343629114e-32
"glnA",69147.6048733601,1.37770230636081,0.107224512487467,12.8487626047434,8.73970341524886e-38,4.20273593172561e-37
"pgaptmp_001765",16.3984852611745,0.0912788722411301,0.951810462078389,0.0959002615308641,0.923599786867369,0.937452524330611
"pgaptmp_001766",4283.26044904674,-0.161927732015469,0.150585460929768,-1.07532115660881,0.282230967301932,0.332952031790109
"pgaptmp_001767",448.272130036426,-1.99724736110057,0.238357024045932,-8.37922594937118,5.32769110785292e-17,1.48871368644358e-16
"pgaptmp_001768",128.321289718139,2.95305273430335,0.346874563190552,8.51331590054103,1.69028764152968e-17,4.81719035357847e-17
"pgaptmp_001769",325.513308266947,0.626939126172823,0.217407613390463,2.88370364034512,0.0039302843857016,0.00577973863436639
"pgaptmp_001770",3492.43822210025,1.16041851057878,0.116684761862983,9.94490190536959,2.65435411156516e-23,9.03888929848631e-23
"pgaptmp_001771",3849.71407436993,1.45845759749706,0.100542923780259,14.5058204263543,1.11298731644866e-47,6.41259874895032e-47
"pgaptmp_001772",645.099592664273,-1.23332018484082,0.156745366472442,-7.86830394158829,3.59481363747292e-15,9.56390018489937e-15
"pgaptmp_001773",246.68543862546,0.102401825174824,0.22476891012207,0.455587141118452,0.648686891639753,0.694994994439598
"xynB",441.47712886027,2.58686264528611,0.210579869511387,12.2844726387592,1.09758414457747e-34,4.92787477215604e-34
"pgaptmp_001775",1876.61675987712,-0.422764587991062,0.113616568899724,-3.72097654492794,0.000198453871969601,0.000320731789609577
"xylA",379.328776923708,1.01029294997522,0.220207773923086,4.58790773811689,4.47710408996182e-06,7.99222130591746e-06
"xylB",203.042948561122,0.920366811543242,0.296050356255059,3.10881845637878,0.00187837096648345,0.0028431462941242
"ppsA",622.98795645486,0.436382643331928,0.15927466141946,2.73981209216127,0.00614743195493073,0.00884450782228535
"pgaptmp_001779",67.9989187377527,0.73167181568964,0.625460783732028,1.16981245622446,0.242076449817532,0.288046210428661
"pgaptmp_001780",1158.60043181796,1.24945369221546,0.205886718487942,6.0686463963854,1.28992801208584e-09,2.77681437882215e-09
"pgaptmp_001781",6222.49998269423,2.31618905661996,0.108139439082913,21.4185414337509,8.97555278734022e-102,1.04396898357751e-100
"pgaptmp_001782",400.814936693057,2.3396691903644,0.215187419835716,10.8727043251442,1.55521494023252e-27,5.94302875518014e-27
"adhP",10325.5284442289,3.07123805027212,0.087995928115283,34.9020473566516,6.92133663105523e-267,2.30010847685603e-265
"pgaptmp_001784",5.96474936051657,0.818913335113202,1.72778381925814,0.4739674755519,0.635523100686754,0.682069486953892
"pgaptmp_001785",380.34741199698,-1.7118058218274,0.217815037542904,-7.85898825507039,3.87248540801803e-15,1.02879305415011e-14
"pgaptmp_001786",979.241724195728,0.0910715037418793,0.141052184074836,0.645658231662411,0.518500716256137,0.571810271379361
"pgaptmp_001787",473.078954854115,0.625184018129502,0.178307076232642,3.50622101679131,0.000454517634364664,0.000718960745901097
"pgaptmp_001788",170.009561664975,-0.911113898659016,0.378917838700893,-2.40451571713472,0.0161939098441904,0.0223401528688201
"pgaptmp_001789",324.558050419056,0.171925737618771,0.243917998013782,0.704850560511146,0.480903239965273,0.535930543020844
"pgaptmp_001790",11177.3131029068,5.2651107058338,0.117744728295392,44.716317936757,0,0
"pgaptmp_001791",5.13444079193374,-0.138911713930757,1.50870804355418,-0.0920732904714366,0.926639809406818,0.939513312615684
"pgaptmp_001792",56.5644766765881,3.41216146963478,0.676718735676342,5.04221516229267,4.60173437406463e-07,8.68102145984215e-07
"pgaptmp_001793",339.890913673584,4.00825639208539,0.262314408554209,15.2803515985934,1.03381440043462e-52,6.55512299560078e-52
"pgaptmp_001794",12111.7558251625,3.31005778923313,0.10794539200333,30.6641879546931,1.70978939158086e-206,4.27103094997582e-205
"pgaptmp_001795",3.29519964468308,-0.0984374508541447,1.98361697495905,-0.0496252311291988,0.960421039865914,0.966915637106013
"pgaptmp_001796",326.980341275492,3.24487164346518,0.217477934292413,14.9204637887641,2.42581412100437e-50,1.47290051523299e-49
"pgaptmp_001797",58.1675670559087,-3.05938741762103,0.654824115158126,-4.67207506076996,2.98171947027665e-06,5.3795248998399e-06
"pgaptmp_001798",212.511612385542,2.07686547096285,0.411098565485776,5.05198909781821,4.37232663135288e-07,8.25243393605245e-07
"pgaptmp_001799",11989.0668312939,2.26192629385385,0.124162350184227,18.2174893637056,3.74969043599541e-74,3.17189722790339e-73
"pgaptmp_001800",5.03483118315124,0.314005374743501,1.51230144276465,0.207634117024622,0.835514663328226,0.866718388212837
"pgaptmp_001801",1061.82372603431,1.27745065519053,0.122423621067607,10.4346746489803,1.722026470401e-25,6.18069674332936e-25
"pgaptmp_001802",14.0386750051078,-1.61430979085241,0.957263845122178,-1.68637915145158,0.0917227944457054,0.11671529604339
"lexA",3552.23419001724,-0.549702129337948,0.137538622362671,-3.9967110321089,6.42286249039983e-05,0.000107105260704607
"yneA",371.493668618987,0.972214297052969,0.21109362581178,4.60560707749573,4.11264295339697e-06,7.35218879565011e-06
"pgaptmp_001805",1068.39210214399,0.136031881476194,0.172912816600282,0.786707915299623,0.431452869467626,0.485890341954161
"pgaptmp_001806",557.53704132709,-0.589641070963755,0.214184479522266,-2.75295890850232,0.00590593085908647,0.00851350683869862
"tkt",35467.6998051308,1.80155083992342,0.0763965968649982,23.5815587847058,5.95935629766958e-123,8.27638960445007e-122
"sirA",63.9321115560527,-0.633226346002326,0.424065565076175,-1.49322745856193,0.135377656780049,0.16813320765481
"pgaptmp_001809",968.692840842072,-0.393130856322452,0.134452244574303,-2.9239441674415,0.00345626734062336,0.00512314896129038
"pgaptmp_001810",74.0016167565365,1.04563529681312,0.575935994210354,1.81554080197185,0.0694408415708618,0.0895871099919403
"pgaptmp_001811",295.379749114541,2.66699612875584,0.274864653002544,9.70294324723943,2.92924355225303e-22,9.63131139707225e-22
"pgaptmp_001812",752.28842625878,1.13412227697738,0.148188300951137,7.65325109808326,1.95960737072091e-14,5.07208528082283e-14
"pgaptmp_001813",2204.82726176295,0.541294244975141,0.108252025195919,5.00031518112927,5.72366709962228e-07,1.07420453380718e-06
"pgaptmp_001814",694.675514764417,1.34856832109255,0.149999999306883,8.99045551549327,2.46207863813736e-19,7.39020700898972e-19
"pgaptmp_001815",0,NA,NA,NA,NA,NA
"pgaptmp_001816",0,NA,NA,NA,NA,NA
"sspO",1.53149979899173,3.02863389624506,4.17570766944177,0.72529835323696,0.468269015789923,0.523672647541128
"acnA",146192.963020192,4.06164447241103,0.0802404236966664,50.6184325218085,0,0
"pgaptmp_001819",1691.74009689013,5.65199567025768,0.388859517899782,14.5348008987511,7.29252570359989e-48,4.20818304942617e-47
"pgaptmp_001820",0.814759247456291,3.96517048862988,4.8387701129127,0.819458332613996,0.412524965542272,0.467687457127121
"pgaptmp_001821",0,NA,NA,NA,NA,NA
"tlp",0.716899357070266,0.520781475221839,4.9974549951119,0.104209337699134,0.917003223908389,0.932793204698177
"pgaptmp_001823",177.835555451168,0.294068740036285,0.273426270467993,1.07549556058736,0.282152918725886,0.332952031790109
"pgaptmp_001824",163.493408182456,1.03665337708223,0.278028111888957,3.72859193999874,0.000192552658076604,0.000311465012325563
"pgaptmp_001825",1671.0659666022,1.38057940021083,0.121858934108379,11.3293244382309,9.39263731502576e-30,3.79993435723107e-29
"plsY",4058.25919926016,0.101992655699431,0.106831678002837,0.954704237601906,0.339727286297516,0.393424069570427
"pgaptmp_001827",3729.73714073904,1.0387717101061,0.111214714200048,9.34023629497091,9.61193620506775e-21,3.02159008068092e-20
"parE",4613.92226084891,1.53042561282325,0.112967191548091,13.5475228856312,8.19491976816482e-42,4.25998482920523e-41
"parC",8291.62418346745,2.13736696218267,0.0871474182926542,24.5258781505731,7.824752219917e-133,1.17434386139238e-131
"pgaptmp_001830",1294.94322207523,-2.41929551508762,0.162808005670665,-14.8598068327272,6.00982220985932e-50,3.63125945861955e-49
"pgaptmp_001831",2770.53175451223,-2.44945183793365,0.115729419527797,-21.1653341728316,1.99344222226403e-99,2.27594845130881e-98
"pgaptmp_001832",2881.22314200625,-3.97334574222056,0.1468614473969,-27.0550632085384,3.32992677309902e-161,6.5576653171823e-160
"pgaptmp_001833",1039.68332890062,1.50027711714739,0.197087780256362,7.6122279889494,2.69410772927261e-14,6.94423058750185e-14
"pgaptmp_001834",818.279437086856,1.40923138122865,0.175791684067258,8.01648490203598,1.08814294794648e-15,2.93270677209037e-15
"pgaptmp_001835",2022.62078987561,1.43833101148344,0.121331887789747,11.8545177008693,2.03894812197476e-32,8.7733698381388e-32
"pgaptmp_001836",34.3652337286305,0.183416080569466,0.596182915890168,0.307650681830769,0.75834815079723,0.796147915493305
"pgaptmp_001837",1782.77990700114,1.27829153519595,0.12454510306063,10.2636836277189,1.02712216908121e-24,3.60655538992477e-24
"pgaptmp_001838",3667.11845331513,2.10915393310248,0.0988411078890551,21.3388333877228,4.95147288346819e-101,5.72341058144988e-100
"pgaptmp_001839",3215.05087897494,1.8555489747198,0.14028172530237,13.2273036328878,6.10380552128684e-40,3.09936755119094e-39
"pgaptmp_001840",6078.48858195568,2.89895302920817,0.1136963519159,25.4973266983316,2.11052478875539e-143,3.53845642511151e-142
"pgaptmp_001841",9784.73889055238,3.24451403797709,0.112810744367732,28.7606828246862,6.65948881655854e-182,1.48422858534317e-180
"pgaptmp_001842",6496.02679322682,3.77847780168258,0.112572386621247,33.5648724797437,5.46316669903336e-247,1.72321241133917e-245
"pgaptmp_001844",1792.97968887732,4.04243141365851,0.172338381031648,23.4563617776829,1.13837282356851e-121,1.56347736137344e-120
"pgaptmp_001845",1186.72116925732,4.31109386970172,0.148532646530784,29.0245543346475,3.22440348901512e-185,7.31782304031359e-184
"pgaptmp_001846",872.495144728615,3.916045733454,0.202820489441304,19.3079394702245,4.60584899588135e-83,4.39563332376163e-82
"pgaptmp_001847",1180.66572017611,2.91150426846105,0.142116116620199,20.4867986664873,2.82360152976082e-93,2.99414384437885e-92
"pgaptmp_001848",196.362563679227,2.75098540077154,0.321743476051439,8.55024454429566,1.22827993977294e-17,3.50587265018012e-17
"bioB",146.876965397729,2.67685317967751,0.312140209010138,8.5758037651297,9.83971902892508e-18,2.81718724812763e-17
"bioD",59.49342703667,2.6852939036582,0.599739184356951,4.47743614841077,7.55448118078057e-06,1.32506027120006e-05
"bioF",72.0033674528793,1.97579446932291,0.527294041841035,3.74704493611281,0.000178930041925215,0.000290566150107177
"bioA",66.7720755792218,2.02301589497946,0.467862691090086,4.32395216268684,1.53258542736661e-05,2.63599027756863e-05
"pgaptmp_001853",7.5480346928503,4.10393123665327,1.69209851365169,2.42535006297988,0.0152936317137572,0.0211530647486452
"pgaptmp_001854",27.2177419590239,0.626361879931965,0.83320992009141,0.751745586350253,0.452204070395168,0.507417410313783
"galU",19753.8737410296,-0.111093501819069,0.0911622946687638,-1.21863432927752,0.222983013338086,0.268242655347239
"pgaptmp_001856",2622.21597040554,-1.45163097816331,0.102839294987986,-14.1155282942468,3.04723746149933e-45,1.69280863159709e-44
"pgaptmp_001857",126.988422717969,2.60653387879432,0.332904338583298,7.8296783090501,4.89119844836149e-15,1.29573242881149e-14
"pgaptmp_001858",55.0882628655268,3.2284748989287,0.584677008867028,5.5218092211027,3.35526690137965e-08,6.73950534643014e-08
"pgaptmp_001859",51.3493771993916,2.55166451285549,0.561121525531283,4.54743651197396,5.43032938882609e-06,9.633787409538e-06
"pgaptmp_001860",6.50649186689926,2.46899027999137,1.64571058766564,1.50025788160816,0.133547615045028,0.166020114628455
"pgaptmp_001861",49.8966423263413,2.52460488053969,0.573770820071001,4.4000231315829,1.08239339564433e-05,1.88079748766956e-05
"pgaptmp_001862",57.6335687424729,1.80558871596227,0.520548142280417,3.46862964115547,0.000523120064181988,0.000822582542832851
"pgaptmp_001863",13.4670746289212,-0.227832833223111,1.03572511299492,-0.21997422903487,0.825891225381845,0.858650039349505
"pgaptmp_001864",166.243945245289,0.238094535125481,0.279081638170021,0.85313579455353,0.393584003510743,0.447850706532249
"pgaptmp_001865",1357.1487166016,1.1385203570282,0.163890343022511,6.94684223628613,3.73553036326888e-12,8.92976494032547e-12
"pgaptmp_001866",12326.675981042,1.23146085681711,0.145238954974229,8.47886062685886,2.27409894937489e-17,6.45136912315041e-17
"pgaptmp_001867",30811.7723437887,1.0099231075839,0.122058736995329,8.27407469915524,1.29456987260448e-16,3.59313129443241e-16
"pgaptmp_001868",24147.6170196817,0.483791536896909,0.115028572765055,4.20583795197606,2.60116570252802e-05,4.41676037628162e-05
"pgaptmp_001869",14559.402134091,0.55465579849139,0.103078362770446,5.38091393367006,7.41086221058371e-08,1.46020270766504e-07
"pgaptmp_001870",23517.1153813691,-0.493108840451124,0.111474733679694,-4.42350319371921,9.71131956474205e-06,1.6937924751626e-05
"dacB",6772.53851914061,2.29215241036934,0.0837077090463,27.3828114098967,4.39436879501236e-165,9.08657814168668e-164
"pgaptmp_001872",3364.09269753322,2.49969407516972,0.098831018190234,25.2926067235107,3.8522602899662e-141,6.26118462849528e-140
"pgaptmp_001873",2579.07899844473,0.944505701197512,0.120848291867754,7.81563137219266,5.4688205496474e-15,1.44566406859287e-14
"pgaptmp_001874",57660.6198763899,-0.738741609391168,0.0908292797599047,-8.13329810985989,4.17765580325996e-16,1.14164720262361e-15
"pgaptmp_001876",74.9499970941166,-0.754082433374081,0.466498180072114,-1.61647454499718,0.105991752615728,0.133457815708979
"pgaptmp_001877",139.979080567961,0.266835132507551,0.32287880332987,0.826425054093558,0.408563015981509,0.463478069333488
"ggt",2253.31317645761,0.443105578899155,0.135459652170479,3.27112591682649,0.00107120203632453,0.00165230583472851
"pgaptmp_001879",64.1479860267469,-0.500859748000397,0.562957190075967,-0.889694202027706,0.373630108108275,0.428684112940506
"pgaptmp_001880",492.704565354747,0.965152267215721,0.248037677340485,3.89115185065551,9.97694667528624e-05,0.000164529000998739
"thrS",16161.6343028117,1.32624265508949,0.0830294476216356,15.9731600423643,1.96569634238776e-57,1.34244436447106e-56
"pgaptmp_001882",330.749350114856,1.19939045432258,0.234951814588946,5.10483588484278,3.31081719625504e-07,6.28396818177525e-07
"pgaptmp_001883",157.948718965151,3.16684431904934,0.337016362410623,9.39670791173884,5.62969457592864e-21,1.7742356656737e-20
"gltD",5285.00167114665,-0.238193191691982,0.130067879915657,-1.83129910202611,0.0670559116152775,0.0868111662720218
"gltB",11480.5628492381,0.122940094129453,0.124540701372019,0.987147918512316,0.323570129454173,0.376117433425494
"pgaptmp_001886",533.305377538179,0.378821233868062,0.276796223690635,1.36859249312396,0.171126691872269,0.209448716589472
"proC",939.653647635606,0.852512753734282,0.175379288447757,4.86096597425888,1.16814332748382e-06,2.15452401630067e-06
"rtp",478.741897136364,0.92034937643897,0.179910483950775,5.11559613552474,3.12751603866987e-07,5.94212082487457e-07
"pgaptmp_001890",5816.55652408853,1.91016413356011,0.144558613614458,13.2137690435699,7.30719387020103e-40,3.70536452110194e-39
"pgaptmp_001891",21.2932080135404,1.62284083167426,1.08812564817094,1.49140941067068,0.135854038887242,0.168662018925388
"pgaptmp_001892",63.247741264635,0.547479851433416,0.450359851425349,1.21564977362145,0.224118364862544,0.26943428747364
"pgaptmp_001893",384.761209143166,-0.754988447310423,0.206474434734271,-3.65657108243004,0.000255611553278102,0.000410434081665701
"pgaptmp_001894",977.908747185681,-0.473205537603108,0.176622964673913,-2.679184660255,0.00738016810187663,0.0105336516400948
"pgaptmp_001895",398.585556603487,-1.71847704241735,0.201241610333492,-8.53937234734673,1.34952854018463e-17,3.8490001736147e-17
"pgaptmp_001896",2644.48925255256,1.26920452768283,0.131002711157419,9.68838367137066,3.37832576969258e-22,1.10882967502608e-21
"pgaptmp_001897",646.704667022448,1.89370569331314,0.180101910299732,10.5146341322064,7.39673341191765e-26,2.69116732738587e-25
"pgaptmp_001898",200.092229958215,0.514977286698462,0.24808347577592,2.07582260401581,0.0379103609661116,0.0504838509895769
"pgaptmp_001899",2310.51539845711,-0.233775459340344,0.109904634455615,-2.12707553688061,0.0334138074945264,0.0446717641862885
"pgaptmp_001900",920.164438603362,-0.00114582906223838,0.134736603518675,-0.00850421513022301,0.993214699833326,0.994818383417557
"pgaptmp_001901",327.915804395344,0.779525558449072,0.21375819824254,3.64676332818161,0.000265564314241959,0.000426047576555418
"pgaptmp_001902",427.010902455848,0.145066305212575,0.184282272572744,0.787196202799762,0.431167019740256,0.485715389671075
"pgaptmp_001903",557.073920674392,-0.594866356416284,0.18233900334531,-3.26241969903575,0.00110465464068195,0.00170249464704688
"pgaptmp_001904",679.753633126452,4.21158160377355,0.187622065063085,22.4471551486094,1.36428172553559e-111,1.72716210287193e-110
"pgaptmp_001905",132.264271396898,2.05626208622988,0.388158467476839,5.29748094791354,1.17411151309517e-07,2.28439260415066e-07
"pgaptmp_001906",44.7805253443282,0.281277079666508,0.560732751651954,0.501624131705966,0.615931941248857,0.6637133105798
"pgaptmp_001907",39.6728936275436,0.215047986611132,0.570211003809913,0.377137559910754,0.706071379761566,0.746590248713792
"pgaptmp_001908",696.702639164981,-0.536351511541609,0.175286957108712,-3.05984837884411,0.00221449069568772,0.00333292938509895
"pgaptmp_001909",1455.28824850623,-0.276214378524202,0.146228964388253,-1.8889170123015,0.058902949524552,0.0768173714542336
"pgaptmp_001910",1218.27240522151,2.49100634189578,0.200294583538161,12.4367134542167,1.65160787355877e-35,7.53343689385506e-35
"pgaptmp_001911",379.702720016977,-0.0211240147191883,0.225487230230442,-0.0936816452869643,0.925362051085247,0.938729232526381
"pgaptmp_001912",5.93139531328471,-0.539792348939956,1.77320889306952,-0.30441554350968,0.760811327362883,0.798347832096039
"pgaptmp_001913",1.43630225424239,4.78264966932394,3.84661065791742,1.24334124106891,0.213742112961413,0.257458946421482
"pgaptmp_001914",1.841105020966,0.0937641725410207,3.36885957125942,0.0278326153280315,0.977795652762833,0.981752203826076
"pgaptmp_001915",3.73647897237783,-1.44924963979101,2.06696540729528,-0.701148473349352,0.483210362187171,0.53799251213301
"pgaptmp_001916",10.2145672791538,-2.05861044894436,1.38954202548668,-1.48150283416102,0.138472630241013,0.171798376585683
"pgaptmp_001917",267.78359253924,-1.64783127901256,0.305750744914659,-5.38945957260871,7.06698746011488e-08,1.39466210639171e-07
"pgaptmp_001918",116.956904107416,0.762981959490444,0.502659470993613,1.51789034827544,0.129042043504487,0.160539844062914
"pgaptmp_001919",24.041776830287,0.243318144710172,0.759520462232823,0.320357589833551,0.748697271142412,0.786523071744865
"pgaptmp_001920",187.591513203669,0.0937482730126241,0.277340963773246,0.338025337970892,0.735344093542214,0.774024523802071
"pgaptmp_001921",0,NA,NA,NA,NA,NA
"pgaptmp_001922",3.04370176358995,0.702273364263201,2.09220783161247,0.335661378211149,0.737126233372738,0.775681040603146
"pgaptmp_001923",0,NA,NA,NA,NA,NA
"pgaptmp_001924",3.62786313007266,4.2078191284166,2.50017942183987,1.68300686409141,0.0923737626424913,0.11750346703874
"pgaptmp_001925",1.88754660650382,0.51730487128517,3.18566388081681,0.162385264308717,0.871002474207724,0.895544532873246
"pgaptmp_001926",1.80503523061602,-1.63156882811414,2.38476754817895,-0.684162625980058,0.493872479569621,0.547407197426483
"pgaptmp_001927",28.2987732320173,1.13269647269595,0.875503470896262,1.29376582772013,0.195746319627611,0.237009694747549
"pgaptmp_001928",5.91326337972727,-2.11910379837833,1.99213324538013,-1.06373597413358,0.287448322908217,0.338677637817152
"pgaptmp_001929",28.3863450719719,-1.50725565138909,0.785112406830905,-1.91979599134486,0.0548836734252863,0.0718526318990206
"pgaptmp_001930",29.7166780008364,-1.16211695523664,0.712829909264805,-1.63028646824769,0.103040966147103,0.130050347914383
"pgaptmp_001931",9.52340715786199,-1.93405026792586,1.41733134853617,-1.36457171424548,0.172387700051688,0.210714948963016
"pgaptmp_001932",21.4598941714539,-1.66563338792887,0.808650250857649,-2.05976982776214,0.0394205503063382,0.0523824663478011
"pgaptmp_001933",1.92205137613876,0.438422429571838,2.85187673715584,0.153731198778624,0.877821684120026,0.901062412657126
"pgaptmp_001934",2.50362302718577,-3.27926575145863,2.62617025948461,-1.24868741454036,0.211779425831675,0.25526004629064
"pgaptmp_001935",8.59121234227434,-2.871920294487,1.33714308133862,-2.14780327892204,0.0317293864405386,0.0424961411772885
"pgaptmp_001936",0.272278470942582,-1.8687365121729,4.89630209866478,-0.381662829318171,0.702711474505368,0.744306234521621
"pgaptmp_001937",0,NA,NA,NA,NA,NA
"pgaptmp_001938",0,NA,NA,NA,NA,NA
"pgaptmp_001939",132.696247601932,2.41272863501914,0.354195049135409,6.81186436938806,9.63419184801903e-12,2.26236353680295e-11
"pgaptmp_001940",0.534073669657264,1.41148838147275,4.89022228515383,0.288634810273935,0.772860853972461,0.809394512798397
"pgaptmp_001941",1.47641188316884,-4.30097859468523,4.80559411742265,-0.894994144239536,0.370790218263619,0.425819559511629
"pgaptmp_001942",1092.89825729078,0.78593329632498,0.161302192765687,4.87242785016972,1.10235118943866e-06,2.03721505813837e-06
"pgaptmp_001943",104.85273000983,2.73468208062334,0.363836031740626,7.5162486451393,5.63702998185144e-14,1.44100450497603e-13
"pgaptmp_001944",1298.26439701251,1.52250535481695,0.122664832005238,12.4119140745404,2.25203788202248e-35,1.02345360157359e-34
"pgaptmp_001945",40.5190318953418,1.5035844728871,0.664521296763614,2.26265806710776,0.0236567756293943,0.0321000798004396
"csaA",490.946733187603,1.04247363674656,0.207658146995057,5.02014321052075,5.16329705891254e-07,9.71576928881318e-07
"pgaptmp_001947",1049.90767294008,0.732191873656872,0.125747163135155,5.82273075114944,5.78937844132909e-09,1.20582353433838e-08
"pgaptmp_001948",562.310263030068,0.76826007395863,0.164425564685908,4.67238823492071,2.97717528182186e-06,5.37393132829338e-06
"pgaptmp_001949",668.530085527816,0.752582813003967,0.176818691522366,4.25624014364325,2.07893407671124e-05,3.54294534501797e-05
"pgaptmp_001950",7.88660562989966,-4.30511954687022,2.36798773721819,-1.81804976402778,0.0690565271108628,0.0891840367476167
"czrA",336.758175901006,1.34707255200136,0.257802991955618,5.22520139034409,1.73965659496948e-07,3.3445257471469e-07
"pgaptmp_001952",1133.99304823232,-1.4726745479307,0.150299087225117,-9.79829335706432,1.14503866018845e-22,3.83212998254368e-22
"pgaptmp_001953",3791.36117527109,-1.02891953973533,0.12247262212106,-8.40122079462196,4.41860698581712e-17,1.23840777117555e-16
"pgaptmp_001954",113.506585610794,0.798626725960482,0.453120113765412,1.76250557346466,0.0779839155425678,0.0997786640252448
"pgaptmp_001955",19.8825096911707,-2.1311667823294,1.06097347404004,-2.00868997621044,0.0445700224180786,0.0589096674148041
"pgaptmp_001956",2663.02187256792,0.295010360156053,0.101244934557013,2.91382834555467,0.00357026161487408,0.00527950485918209
"pgaptmp_001957",12.9929334801618,0.599153883328675,0.926514781864448,0.646674931751206,0.517842350622493,0.571253476294285
"pgaptmp_001958",5309.84357409716,0.424627606203119,0.129106957154024,3.28895991016612,0.00100558345804821,0.00155431130849479
"recQ",1790.30881124849,0.879097142164202,0.114644884281698,7.66800147840996,1.74696874301367e-14,4.54382785569313e-14
"pgaptmp_001961",2519.06026696026,0.0680428174025723,0.0979886623028058,0.69439479837275,0.487434654901827,0.541561727028238
"pgaptmp_001962",175.413430796179,2.75431608153609,0.337382735423258,8.16377304570939,3.24718751961119e-16,8.89332740838326e-16
"pgaptmp_001963",127.111151474024,2.68238953895489,0.454536270232322,5.90137622589253,3.60481814156717e-09,7.58030119938589e-09
"pgaptmp_001964",3.09394276851218,0.954836354450616,2.41511023577187,0.395359325759907,0.692577722370033,0.735456286065981
"pgaptmp_001965",219.164267928536,1.35547145028891,0.264834703777942,5.11817911683299,3.08499554826161e-07,5.86732418529878e-07
"pgaptmp_001966",18.1109268988706,-0.51089915501623,0.82085767938943,-0.622396753839529,0.533681014426533,0.585947119674205
"pgaptmp_001967",9.33345530955379,-0.00517291869210166,1.4286191574721,-0.003620922108629,0.997110928466796,0.997378897004412
"pgaptmp_001968",3769.20051592044,0.919974753877872,0.104372468548466,8.81434315650659,1.20388784789239e-18,3.54499253944262e-18
"pgaptmp_001969",31.9818681791928,1.30660903525781,0.723866549498349,1.80504132448628,0.0710682156684899,0.0914646952690593
"pgaptmp_001970",73610.5143370406,4.45677830120227,0.0927584456266226,48.0471429970053,0,0
"pgaptmp_001971",644.827703691827,2.97904300786147,0.172332477164933,17.2866023681093,5.93489011018376e-67,4.57342877641904e-66
"pgaptmp_001972",304.667250900471,2.05116669630307,0.226316267257202,9.06327557078335,1.26590703342036e-19,3.84315332658287e-19
"pgaptmp_001973",1002.37045495333,0.301427199291378,0.152492261604191,1.9766721020491,0.0480787062268818,0.0633671900058266
"pgaptmp_001974",460.467594361775,-0.117714626108466,0.194234002153822,-0.606045413280644,0.544484597288213,0.596225852046698
"pgaptmp_001975",682.22703682933,2.27398944873117,0.194343180942051,11.7008965156808,1.26114017915575e-31,5.30391383821211e-31
"odhB",164061.626906855,3.00466257531436,0.097878352875722,30.6979274480583,6.06597076377974e-207,1.52550967451272e-205
"sucA",293484.123356563,2.52085588671329,0.0806378265731408,31.2614562401035,1.56000475340138e-214,4.14738406582852e-213
"pgaptmp_001978",4618.34757797716,0.776773131098201,0.107747330404009,7.20920999328349,5.62774170025273e-13,1.37896343702045e-12
"pgaptmp_001979",1744.13023671569,-0.255174165240925,0.131572007391381,-1.93942594857484,0.0524494934022218,0.0688110731205744
"pgaptmp_001980",71.4079259507528,2.70363882922872,0.493583431382861,5.47757209283546,4.31201345526887e-08,8.61014703890061e-08
"pgaptmp_001981",6122.6037605728,4.08052332511695,0.127488894799496,32.0068922986152,8.74386427146053e-225,2.44696712920121e-223
"pgaptmp_001982",382.537198641889,-1.83791594516766,0.203825032860881,-9.01712571498577,1.93088781517561e-19,5.81453434310974e-19
"cdaS",22.1698736309878,0.165433510693847,0.941246671418618,0.175759995458481,0.860482499306394,0.887424733283015
"pgaptmp_001984",1388.54872333874,-0.813934128195949,0.123072995996739,-6.61342580965132,3.75526245052903e-11,8.55914687132213e-11
"pgaptmp_001985",1029.72923287547,0.396855976062734,0.138838738627819,2.85839514234262,0.00425789807536646,0.00624424611367768
"bshB2",8532.29311524163,-0.139670839026408,0.107107044620179,-1.304030370007,0.192223227715946,0.232819672489018
"pgaptmp_001987",2083.09007130674,0.0911937459982794,0.15418733051715,0.591447725908557,0.554220470580498,0.605688755669683
"pgaptmp_001988",1689.77314460705,-0.446662729556682,0.20887868048424,-2.13838352732405,0.032485628312072,0.0434933484091842
"rarD",686.229944892338,0.58450137470801,0.298340853737714,1.95917309810299,0.0500925185047573,0.0659046850034311
"pgaptmp_001990",46.1921117911748,-1.41703334007357,0.610886869355648,-2.31963299778932,0.0203607392161006,0.0278203639362431
"pgaptmp_001991",22.8936336645007,0.259465552038274,0.879042019514009,0.295168542889137,0.767865131123898,0.80486822659072
"pgaptmp_001992",0.689483145547386,0.520781975047848,4.99745499511251,0.104209437715231,0.91700314453922,0.932793204698177
"pgaptmp_001993",68.0868246605342,-0.253473919258536,0.428824503488396,-0.591090101420463,0.554460051852532,0.605723602287973
"pgaptmp_001994",2805.59493213913,0.866542490433954,0.113150275236667,7.6583330320804,1.88361919327199e-14,4.88559626296748e-14
"pgaptmp_001995",82.2934495314253,1.33389752851224,0.388659418299849,3.43204735484667,0.000599042948224096,0.000939190334157576
"pgaptmp_001996",166.382790425428,1.21148103918918,0.341489455317969,3.54763820763117,0.000388701756215662,0.000617476712178701
"pgaptmp_001997",419.417867330596,-0.57670496161952,0.19626288825643,-2.93843103371646,0.00329878042142946,0.00489751125989646
"pgaptmp_001998",7900.46453581555,0.403234413950379,0.100137403270897,4.02681116924441,5.65384016363542e-05,9.44505973476259e-05
"pgaptmp_001999",624.853235272207,0.249290938766232,0.149634114817688,1.66600336474048,0.0957127442632141,0.121418825544541
"bglA",1060.84915927318,-0.781566357879666,0.140008888387563,-5.58226243262633,2.37409779257273e-08,4.79196962253563e-08
"pgaptmp_002001",266.356199369378,-0.0279644672477932,0.223563157603748,-0.125085311674469,0.90045601154819,0.921247189384926
"pgaptmp_002002",5003.07779399131,0.349737430087682,0.120572015649496,2.90065176569968,0.00372387461680213,0.00549073483996036
"pgaptmp_002003",194.61304548161,2.53700716059687,0.302741641480713,8.38010637779575,5.28798883989536e-17,1.47872986191514e-16
"pgaptmp_002004",74.1983073166291,3.00601214887286,0.44981447695911,6.68278213096755,2.34448005490741e-11,5.38651528664529e-11
"pgaptmp_002005",2262.8405413244,0.929707632109474,0.120598151375272,7.70913667835963,1.26671696200894e-14,3.31322595403886e-14
"deoD",4041.53737700709,2.7307606803056,0.0906531724004955,30.1231673199632,2.41004129496749e-199,5.86285862736537e-198
"pgaptmp_002007",2.82275527794991,0.00813712286089453,2.00980590138461,0.00404871080102245,0.996769604986182,0.997305502623271
"pgaptmp_002008",402.188553695239,0.625558639206334,0.180749051730426,3.46092349153404,0.000538325781410361,0.000846135370949901
"pgaptmp_002009",831.074761815682,0.105911345521698,0.219575715260399,0.482345442418785,0.629560570854427,0.676645811354368
"pgaptmp_002010",11.6440514440855,-1.09588328697917,1.23944641125465,-0.884171576139257,0.376603599612406,0.431430778010888
"pgaptmp_002011",0.428326766115911,3.03123019338996,4.88746705244009,0.620204731994378,0.535123006515575,0.587010854774822
"pgaptmp_002012",69.6253023796724,-1.10842002745342,0.478508781059362,-2.31640477944732,0.0205361780451006,0.0280292096383808
"pgaptmp_002013",123.549723690833,1.56599364560893,0.318857575914254,4.91126372368223,9.04912823301666e-07,1.67483119260507e-06
"pgaptmp_002014",75.1161496106709,3.28554499555457,0.529862461863001,6.20075063253692,5.61944919197777e-10,1.22384961337281e-09
"ablA",219.967161893692,2.73858257632164,0.24924099450082,10.9876891713037,4.37996622706069e-28,1.6999201561126e-27
"ablB",75.0654022416778,1.57149545564297,0.454896293023894,3.45462356968564,0.0005510616253865,0.000864852596156171
"pgaptmp_002017",117.739136720704,1.24324320782143,0.306823939644037,4.05197589622173,5.0786898352503e-05,8.50714831989272e-05
"pgaptmp_002018",49.5998045897962,1.60222629461159,0.523721198968026,3.05931151492191,0.0022184633667525,0.00333755887269718
"pgaptmp_002019",43.1313927964843,1.3962736834621,0.575286361740898,2.4270933161648,0.0152203404281079,0.0210595193581478
"pgaptmp_002020",94.696968934141,2.0089497465966,0.376532298516475,5.33539819694565,9.53351060377947e-08,1.86560076063445e-07
"pgaptmp_002021",149.355093707153,0.931417804492871,0.330727085606597,2.81627312980589,0.0048584343302573,0.00708585132336115
"pgaptmp_002022",96.6386628507731,0.0790724227668997,0.4133598414396,0.19129198059375,0.848296843640791,0.877526543368623
"pgaptmp_002023",5818.50395371423,-0.981021745072671,0.102389848168107,-9.58124035365299,9.58863839753508e-22,3.10608460536341e-21
"pgaptmp_002024",10115.9445258276,-1.73551557442025,0.107454586129732,-16.1511540542805,1.11456754558698e-58,7.72517766233661e-58
"cgeC",9.38975881678289,3.6174416973346,1.34837698302012,2.6828118121923,0.00730060588665223,0.0104310384299883
"pgaptmp_002026",12.6594174813707,0.925825625594099,1.00830723794537,0.918197936851724,0.3585152486079,0.412908864631911
"pgaptmp_002027",43.3745694602279,0.994804409481877,0.625398676413711,1.59067239346666,0.111683322895657,0.140244712489081
"phyC",577.927035803639,3.41386861317792,0.195004696224308,17.5065969142151,1.27597780060998e-68,1.00405695007829e-67
"pgaptmp_002029",6.37831303324775,0.708947953420218,1.37366726133013,0.516098747766429,0.60578544250691,0.654114713377058
"sprB",1.04351942934899,0.446981439038599,3.77179607045943,0.118506258209276,0.905666536705911,0.925306299648477
"pgaptmp_002031",1.32453088188608,4.21495992451109,4.30328513454782,0.97947493431759,0.3273453677251,0.380149597089804
"pgaptmp_002032",3.15285048425195,4.94886004716223,2.35649793428205,2.10009097617562,0.0357208389713693,0.0476704778241077
"pgaptmp_002033",73.7856570890522,1.71534522687085,0.398636850237104,4.30302724359422,1.68480123932454e-05,2.88845242412065e-05
"pgaptmp_002034",10.7668605467906,-2.60772086731396,1.33171059616822,-1.95817385159903,0.0502096162919561,0.0660354034765585
"pgaptmp_002035",313.728971564598,1.69381589220757,0.385769218415621,4.39074921312847,1.12960765495214e-05,1.96100731890479e-05
"pgaptmp_002036",91.5709790542784,0.393859147320747,0.497317788086665,0.791966739890895,0.428380069938917,0.483160794034137
"pgaptmp_002037",534.292904641284,-0.149685248273859,0.262938740589309,-0.569278030077951,0.569167473928106,0.619246225653437
"pgaptmp_002038",23.6748645195416,-3.4272519216591,0.954747041975388,-3.58969629753244,0.000331063448491661,0.000528168947829388
"pgaptmp_002039",4.48739277583487,-0.35667324432715,1.92985301442684,-0.184818865302589,0.853371110395487,0.881556278904247
"pgaptmp_002040",347.188437912317,3.05560898917347,0.240490628728346,12.7057299709796,5.49542356615495e-37,2.60228581593241e-36
"pgaptmp_002041",143.362994871488,3.2503358405704,0.344545571683343,9.43368920601785,3.95913325428813e-21,1.25518688010736e-20
"msrB",4095.49476549025,0.557996665882352,0.12826470376615,4.35035243132579,1.35918900338648e-05,2.34534143282544e-05
"msrA",5514.96134535534,0.415209589939162,0.117749343332317,3.52621575788614,0.000421543394972139,0.000667937214170413
"pgaptmp_002044",1158.79674818978,0.166433321514754,0.14143692518512,1.17673175726153,0.239302588190208,0.285384246473552
"pgaptmp_002045",3860.33210993409,0.462973519814899,0.100148421649617,4.62287385251737,3.78459891618064e-06,6.78529728613889e-06
"pgaptmp_002046",4641.7437738769,0.265325478681706,0.107024792848784,2.47910294072316,0.0131713286646771,0.0183609308201978
"pgaptmp_002047",1104.89945386731,2.51925493476399,0.187353774410759,13.4465128481517,3.22736987233984e-41,1.6568649192895e-40
"pgaptmp_002048",4829.94893159635,1.24786033121757,0.0951787889510023,13.1106977192152,2.85955504718433e-39,1.43440214091915e-38
"ilvA",6374.30735124318,1.48885336404095,0.119104516036961,12.5003938858113,7.42823208791213e-36,3.41331849768012e-35
"pgaptmp_002050",6336.02464148629,-0.894825764188594,0.132507677985733,-6.75301067674688,1.44808280232007e-11,3.37493061379794e-11
"pgaptmp_002051",7780.28205968673,-0.332706255112918,0.102330279542079,-3.25129821399643,0.00114879290741332,0.00176652698460539
"pgaptmp_002052",3254.00202059179,0.92004008635354,0.139879428057147,6.57737952701425,4.78811518000995e-11,1.08534498781955e-10
"pgaptmp_002053",3359.53890496444,0.732200571494511,0.101044787508793,7.24629730584366,4.2831937997376e-13,1.0536713365911e-12
"pgaptmp_002054",3577.94218033997,0.486608979437715,0.113006987371392,4.30600789169346,1.66227128750658e-05,2.85113996870943e-05
"pgaptmp_002055",3269.70579105324,0.0474172973504839,0.153916101422448,0.308072364829066,0.758027268902975,0.79609974459844
"pgaptmp_002056",271.477082057887,0.146003943858552,0.251035610592123,0.581606504010204,0.560831760965557,0.612324967531183
"pgaptmp_002057",1692.6235022261,1.34945918260768,0.147537410160313,9.14655598970706,5.87775214363843e-20,1.80951145398033e-19
"pgaptmp_002058",7701.80208118746,1.85551824363645,0.13003014862475,14.2699078887561,3.3702347150946e-46,1.89200808590982e-45
"ilvD",19888.2278183586,1.15482852126497,0.0748977446966355,15.4187355833272,1.22478918511359e-53,7.85976783964276e-53
"pgaptmp_002060",3979.61226442342,1.18464568786542,0.124456816609718,9.51852795319625,1.75649459057532e-21,5.63592488458737e-21
"pgaptmp_002061",571.626637853734,1.59319151520746,0.206696543971177,7.70787689333416,1.2792805962612e-14,3.34139114335732e-14
"pgaptmp_002062",240.40440461606,0.686236023079996,0.300466488971546,2.28390202657502,0.0223772895125365,0.0304304974664453
"metA",5329.50786673682,-0.544400932375715,0.0979674486048798,-5.55695733764978,2.7451782263676e-08,5.52897909011915e-08
"pgaptmp_002064",20125.1826285906,-0.0721669403586866,0.0786200343471083,-0.91792048881674,0.35866049418457,0.412908864631911
"pgaptmp_002065",30.1213281259295,-0.413885375319216,0.652477593748726,-0.634328870883198,0.52586621872878,0.57856165122924
"cspD",17792.2828169436,1.3842802244368,0.113628831328462,12.1824734818871,3.85413019487229e-34,1.71386769239124e-33
"pgaptmp_002067",226.178168311712,-1.35046560246957,0.250127672771377,-5.39910513501612,6.69741190030041e-08,1.32383255936899e-07
"pgaptmp_002068",11.7732112397814,1.32967682577785,1.02822383476997,1.29317837304882,0.195949373780734,0.237178396491672
"pgaptmp_002069",56.0659055949226,-0.213406013146884,0.495652014964955,-0.430556129509476,0.666791145846,0.711728317992203
"pgaptmp_002070",597.769927872687,-0.557462451563945,0.184727763347875,-3.01775131935173,0.00254657785024483,0.00381576600588215
"pgaptmp_002071",433.91808456964,-0.718854887110921,0.197997083000909,-3.63063372558685,0.000282726172451895,0.000453189842319532
"pgaptmp_002072",391.27720975689,-0.269809038631741,0.229673577082393,-1.17475001721661,0.240094742288382,0.286237229595566
"sspL",120.862810389186,0.0700047872681742,0.319478937383019,0.219121760707018,0.826555200060304,0.859100378281053
"pgaptmp_002074",877.261617684478,0.243302836095371,0.133087832370553,1.82813734179658,0.0675289419058327,0.0873627812907575
"pgaptmp_002075",501.828352363061,1.04612962840647,0.165578220254769,6.31803885074274,2.64903427317496e-10,5.84452019250574e-10
"pgaptmp_002076",1836.29614861849,1.27275436841155,0.129490763796113,9.82892007970189,8.4520221383103e-23,2.83664800710468e-22
"pgaptmp_002077",8022.85837556439,1.34627570890936,0.0819436133191105,16.4292939300418,1.18025164561372e-60,8.39941993302921e-60
"fbpC",1.95406771234305,1.29405383872771,2.76145498833424,0.468613047902079,0.639346249116583,0.685777158274329
"pgaptmp_002079",11.5034329122177,-0.295114016615285,1.46264654897483,-0.201767143827147,0.840098768675942,0.870295798053319
"pgaptmp_002080",60.1976467220627,-1.77818923323602,0.538782508961932,-3.30038411354898,0.000965525799014813,0.00149425655880796
"pgaptmp_002081",1147.28542035984,-1.64751572155468,0.145716710691201,-11.3062922827434,1.22142594478342e-29,4.92540343064342e-29
"pgaptmp_002082",119.624358716943,-1.57147419229876,0.414883956546183,-3.78774394021146,0.0001520214015486,0.000248168270422758
"pgaptmp_002083",5688.20030687917,1.88376312596466,0.105317622541974,17.8864949710946,1.50268191965403e-71,1.22653116336674e-70
"pgaptmp_002084",4480.53924784591,1.71025860159914,0.110959109842102,15.4134131396051,1.32997790627605e-53,8.52009942712468e-53
"pgaptmp_002085",143.053445019999,-0.339215538800748,0.338354889477706,-1.00254362904101,0.316081105899676,0.368563244410587
"pgaptmp_002086",451.300686256744,1.19799426638072,0.169507455657449,7.06750190859865,1.57747577489184e-12,3.7904227463831e-12
"pgaptmp_002087",258.090851397903,2.43287268385086,0.331443806743198,7.34022671220357,2.13232348307062e-13,5.31937533779412e-13
"pgaptmp_002088",349.996914911941,-0.239946797029402,0.222768721562787,-1.0771117028733,0.281430365422053,0.33232354698632
"pgaptmp_002089",21.8970695100132,-1.33912148942995,0.995414987374285,-1.34528965950402,0.178531711563303,0.217653138040816
"pgaptmp_002090",337.379647597041,0.756778689476995,0.272506800516281,2.77710019729134,0.00548462685337385,0.00792768199932329
"pgaptmp_002091",1287.93156576453,-0.147109822596213,0.122816874906903,-1.19779812593118,0.230995616979643,0.277164953706715
"pgaptmp_002092",13590.4281955392,-0.789867362839473,0.137677952215802,-5.73706501387676,9.6331285981662e-09,1.9831031328747e-08
"pgaptmp_002093",501.861027237964,-1.28179549286462,0.556222261358182,-2.30446636518059,0.0211964783321663,0.0288563615041415
"pgaptmp_002094",294.6215973042,-1.94314448821003,0.346639975525205,-5.60565608529688,2.07467558010264e-08,4.2058510398377e-08
"pgaptmp_002095",58.2657225208635,-3.2246216124422,0.925962709490522,-3.48245299664004,0.000496842434493947,0.000783911632550434
"pgaptmp_002096",123.88178758358,-2.63687966245785,0.500259438453002,-5.27102431212914,1.35664496181178e-07,2.62854375214131e-07
"pgaptmp_002097",842.610903891267,-2.77757924831505,0.707228883162214,-3.92741206481236,8.58647989952689e-05,0.000142165828229711
"pgaptmp_002098",1855.24461409173,-3.07039904775142,0.642756305444692,-4.77692559643917,1.77995595564541e-06,3.2491398072154e-06
"pgaptmp_002099",1226.98334805136,-3.53743737414501,0.709135595286294,-4.98837937012154,6.08879119247822e-07,1.141111823686e-06
"pgaptmp_002100",696.052571191869,-3.47817151084402,0.569717002328144,-6.10508637908031,1.02745099787036e-09,2.22077387576858e-09
"pgaptmp_002101",5389.04421656658,-3.39486378010839,0.699241492342231,-4.85506626435554,1.20346493383942e-06,2.21637629082153e-06
"pgaptmp_002102",830.062612809306,-3.44393420125168,0.71176805012562,-4.83856250732786,1.3078156662587e-06,2.40617395443148e-06
"pgaptmp_002103",1725.96615470656,-3.42847727664203,0.636964026478204,-5.38252889350471,7.34465828040107e-08,1.44869200422113e-07
"pgaptmp_002104",566.10517214392,-4.38487353623893,0.714541917479794,-6.1366218397718,8.42947194750704e-10,1.82515966193259e-09
"pgaptmp_002105",1152.81035307993,-3.56532661357581,0.668732323504576,-5.33147043781473,9.74206821001456e-08,1.90441060281902e-07
"pgaptmp_002106",607.048794977604,-3.52925840890083,0.534804620757613,-6.59915466680378,4.13508747016478e-11,9.40757675058271e-11
"pgaptmp_002107",653.042993679055,-3.38516578454473,0.762269530806628,-4.44090396865604,8.95817675793113e-06,1.56536778840468e-05
"pgaptmp_002108",662.985702067442,-3.74781391514173,0.690190315312118,-5.4301166388388,5.63172321846972e-08,1.11733868971984e-07
"pgaptmp_002109",2322.67738391138,-3.81717507564766,0.573579616114079,-6.6550047602955,2.8329088394454e-11,6.49266422439395e-11
"pgaptmp_002110",1253.9369078678,-4.27755851089871,0.679679957732079,-6.29348925510743,3.10408003753572e-10,6.82018057834e-10
"pgaptmp_002111",2032.91411129336,-4.67213811139203,0.682193874021293,-6.84869549451011,7.45264394439543e-12,1.75561650386328e-11
"pgaptmp_002112",108.547482434216,-4.44627963405664,0.663800433351365,-6.69821743202014,2.10977196751894e-11,4.85926439548608e-11
"pgaptmp_002113",1786.4483030649,-5.14889115262105,0.655424725647399,-7.85580853321517,3.97201446124915e-15,1.05448201317898e-14
"pgaptmp_002114",587.039417378652,-5.11965365168402,0.763107096312495,-6.70895825294161,1.96018732450913e-11,4.51753388348172e-11
"pgaptmp_002115",325.9182053847,-4.40585471337423,0.421241578302077,-10.4592113891824,1.32957632853931e-25,4.79523555699933e-25
"pgaptmp_002116",15317.568846988,-0.252133158908013,0.120895208454571,-2.08555129794707,0.03701928684051,0.0493855862438631
"pgaptmp_002117",12850.5041342847,-0.533881994844894,0.127666285159366,-4.1818557983296,2.89139339085566e-05,4.90062213149579e-05
"pgaptmp_002118",2577.47080492923,0.690697561145769,0.184627235276,3.74103831492272,0.000183261577181297,0.000296952368423504
"pgaptmp_002119",54.1922102278911,-0.334961520795687,0.542622939505548,-0.617300700742422,0.537036404722385,0.588936210482238
"pgaptmp_002120",1127.69477423395,-0.462456162466193,0.159549465320924,-2.89851276866389,0.00374937041649659,0.00552242053430957
"pgaptmp_002121",94.9798082456503,-3.0581074807119,0.484660708514316,-6.3097903894175,2.79413635621043e-10,6.15735673050042e-10
"pgaptmp_002122",45.8458536234206,-5.13946410700896,0.86329218052686,-5.95333100766926,2.62739139355909e-09,5.55949446664409e-09
"pgaptmp_002123",17.9368024911533,-6.25257469229205,1.7044468857571,-3.66838928484106,0.000244083349446194,0.00039243119941198
"pgaptmp_002124",5.63605800467623,-5.85013744834645,2.08755958406051,-2.8023810640017,0.00507269167774336,0.00737233831493978
"pgaptmp_002125",250.290322255585,-1.09781681863941,0.277422877993772,-3.95719641645438,7.58345730519144e-05,0.000125951040115674
"pgaptmp_002126",230.467324438735,-4.77774616984914,0.453904816952382,-10.5258767728617,6.56473963256533e-26,2.39548636396158e-25
"pgaptmp_002127",203.131294239423,-4.558497639867,0.862853704212363,-5.2830481199917,1.27052001821898e-07,2.46681038487797e-07
"pgaptmp_002128",108.894378984256,-4.20938717658216,0.569070182479392,-7.39695613332297,1.39341554916068e-13,3.49716296289686e-13
"pgaptmp_002129",258.756473617079,-4.52858280026754,0.357097161050088,-12.6816544465116,7.47374920170584e-37,3.52563935725591e-36
"pgaptmp_002130",61.9491929310814,-4.82439818983383,0.810052066762668,-5.95566431811512,2.59017500774085e-09,5.49010898565571e-09
"pgaptmp_002131",543.783235413824,-4.29095375251074,0.55439574361023,-7.73987499357049,9.95146083432985e-15,2.61208302012523e-14
"pgaptmp_002132",209.118000000003,-5.4551612951017,0.471604193923843,-11.5672450868463,6.03907377455947e-31,2.50305485399892e-30
"pgaptmp_002133",979.402556951623,-5.97328223850754,0.549218436073925,-10.8759681870976,1.50054167494014e-27,5.73999600629724e-27
"pgaptmp_002134",1813.36406235688,-6.17216759624538,0.56186957267919,-10.9850539989456,4.50968828847912e-28,1.74844373017909e-27
"pgaptmp_002135",228.006446823806,-5.67138857449666,0.530248494600308,-10.6957183891142,1.06590426266126e-26,3.97524615794111e-26
"pgaptmp_002136",235.090515488415,-6.17657167427184,0.547099493362585,-11.2896680571012,1.47593013030663e-29,5.91962494073414e-29
"pgaptmp_002137",402.722214377457,-6.96666577577375,0.516310475797228,-13.4931714585427,1.71558931351489e-41,8.84407676579285e-41
"pgaptmp_002138",1221.74887777228,-5.90558846687311,0.4718498348723,-12.5158218365624,6.11714366314179e-36,2.8143397668991e-35
"pgaptmp_002139",1153.61404494486,-6.41712304605092,0.529480013984586,-12.1196700093721,8.30930244736991e-34,3.66436299870981e-33
"pgaptmp_002140",510.996175892095,-5.91398183483038,0.419390784199663,-14.1013633528362,3.72502997641566e-45,2.06317880538975e-44
"pgaptmp_002141",416.83721388362,-5.65101454204542,0.391528710230535,-14.4332060316038,3.19860327991439e-47,1.83156944736021e-46
"pgaptmp_002142",4681.37619691878,-3.72157474840743,0.171860513045165,-21.6546237554254,5.49782757725842e-104,6.55862635979354e-103
"pgaptmp_002143",261.189762671671,0.375778190461184,0.276128492892388,1.36088161900638,0.173551103152054,0.2119977702435
"pbuX",2047.45640485764,0.577100420066384,0.14596225937735,3.95376464113528,7.69310866820512e-05,0.000127658272238339
"xpt",404.274399017873,0.282167647944894,0.203777487397049,1.38468508739194,0.166148780950205,0.203758076671059
"pgaptmp_002146",19521.2604997085,2.48818812325328,0.109286153898264,22.7676428760552,9.59702347883171e-115,1.25775075310604e-113
"pgaptmp_002147",4688.77974152923,0.00583861800754754,0.0903910412484174,0.0645928836188704,0.948498150928122,0.957533269250457
"pgaptmp_002148",545.708789899009,-0.305967363785166,0.158192980113409,-1.93413995719543,0.0530959222996267,0.0696100820004264
"pgaptmp_002149",23.1153471620594,-0.355745000782887,0.766605990808228,-0.464051944608243,0.642610530087496,0.688881449592644
"pgaptmp_002150",1637.50314857962,0.0665378258477478,0.116029637666991,0.573455430747044,0.566336368089802,0.616706835000071
"gpsB",10252.4782989122,0.169268061133975,0.101453221245359,1.66843456576515,0.0952294913194524,0.120888187820942
"pgaptmp_002153",424.081979138239,-0.0895645000142815,0.200119136644262,-0.447555898532054,0.654473737276511,0.699583931689597
"cotD",2633.87622402431,0.265328194326478,0.0999841785220252,2.65370179811028,0.00796141501114527,0.0113447115893885
"pgaptmp_002155",997.475816857751,0.531836730093007,0.1321922257879,4.02320731739798,5.74109176063683e-05,9.58651571695391e-05
"pgaptmp_002156",3286.23385468351,1.01576177047514,0.107431097474448,9.45500692401232,3.23000592457845e-21,1.02840736110188e-20
"pgaptmp_002157",4228.99496262915,0.335046166674163,0.0915726899204091,3.65880009602612,0.000253398897047353,0.000407056838502481
"pgaptmp_002158",267.002767320123,1.69129437301111,0.234355494005582,7.21678994634888,5.3229100257919e-13,1.30599018562936e-12
"pgaptmp_002159",18.0941664875413,-0.678629424308758,0.830730031878563,-0.816907296313998,0.413981407822508,0.468910164307783
"pgaptmp_002160",12.9476174413292,0.583675315966146,1.00865245805837,0.578668411803312,0.562812934048086,0.613947755136863
"pgaptmp_002161",412.546424140486,-0.514410646385036,0.251669833784523,-2.04399009070539,0.0409545260974349,0.0543432250034412
"pgaptmp_002162",425.065192174496,-2.15080481710425,0.206001095156211,-10.4407445769804,1.61538660195396e-25,5.80354144061066e-25
"pgaptmp_002163",16.7352088770149,0.749429276685014,0.970677781790883,0.772068023749684,0.440074139754815,0.494402640557628
"sspM",0,NA,NA,NA,NA,NA
"pgaptmp_002165",43.6958833621868,0.278270622446637,0.561658263124063,0.495444722737338,0.620286232245631,0.667641803475489
"recU",5322.27673503022,-1.93092348288519,0.0976905810571077,-19.765707829667,5.87682578089995e-87,5.83294548173589e-86
"pgaptmp_002167",35226.8672017213,-0.0117207465704133,0.0696925435969495,-0.168177913525406,0.866443315908729,0.892089079339499
"pgaptmp_002168",1156.54394194846,0.815211679592403,0.15243510106982,5.34792625760788,8.89676975059445e-08,1.74742886605343e-07
"nth",1777.82006266776,1.09081237727227,0.114537860397969,9.52359659489162,1.67286887926047e-21,5.37223293236191e-21
"dnaD",1939.58544627049,0.9944452416897,0.122845453604149,8.09509194287443,5.72211158422142e-16,1.55684936523919e-15
"asnS",15755.6641473933,0.897995690715314,0.0919299250941841,9.76826305248589,1.54070754422511e-22,5.11553388011229e-22
"pgaptmp_002172",5337.55870404398,1.54889304129013,0.104480929944673,14.8246483076895,1.01510158062201e-49,6.11360531241927e-49
"tseB",3019.74388587176,0.432221394478536,0.107243114773843,4.03029504868461,5.57068833538309e-05,9.31451122385259e-05
"pgaptmp_002174",604.497861753242,0.293636930191834,0.193245794038455,1.51949972134142,0.128636758122396,0.16012910158246
"dinG",15738.731031028,-0.624626745797625,0.092173002715212,-6.77667784923468,1.22970662564312e-11,2.87137268547282e-11
"panD",1314.96415884029,0.20047378193822,0.178255400890892,1.12464352236333,0.260740123136436,0.309265372311605
"panC",6180.26955505138,-0.0983188549571479,0.106432912202933,-0.923763645306307,0.355609387047762,0.410030402289892
"panB",4874.94258104179,-0.292257742960627,0.11541090587581,-2.53232344675569,0.0113309416015256,0.0159326651457795
"pgaptmp_002179",1349.81618324095,1.64500402202432,0.159090758073688,10.3400350965855,4.64367432720341e-25,1.64294257089839e-24
"pgaptmp_002180",1202.44499794804,2.12757137254144,0.147712981492946,14.40341499466,4.92486784072071e-47,2.80280704941322e-46
"bshA",895.602885944202,2.00742105006349,0.155709663121802,12.8920775359536,4.98816889540792e-38,2.40803691682338e-37
"bshB1",1884.95930994432,0.902752027663731,0.127474610065803,7.08181831031081,1.42275119425696e-12,3.42306395929179e-12
"mgsA",943.668243718377,1.10290356154921,0.148671522339138,7.41839152647776,1.18551212227049e-13,2.98948246550865e-13
"dapB",1927.4659432432,1.77316011766994,0.154842714212787,11.4513629309884,2.3147705779029e-30,9.46766603401603e-30
"pgaptmp_002185",157.946382404445,1.1061672087697,0.299564101319152,3.69258934531411,0.000221982315860814,0.000357980147155091
"pgaptmp_002186",1839.0867564244,-1.55337053988885,0.158655406947624,-9.79084526505714,1.23261089670289e-22,4.11829242147951e-22
"pgaptmp_002187",1599.25626982165,2.70663969048726,0.157720371630447,17.1610024913533,5.20081209810105e-66,3.9424486006379e-65
"ypjB",827.032848862972,3.52909126562706,0.189123232581045,18.6602736081869,1.0419634349982e-77,9.25581838917255e-77
"pgaptmp_002189",570.289506483931,3.0525297030439,0.172413532695632,17.7046990182182,3.85737239219427e-70,3.12111740081458e-69
"pgaptmp_002190",17470.9628561496,5.87931612131312,0.108068401898777,54.4036556293303,0,0
"qcrB",9458.17400165507,5.63541114022777,0.1273223509389,44.2609730237553,0,0
"pgaptmp_002192",4470.43053364334,4.82153969830332,0.117663415478693,40.9773902847179,0,0
"pgaptmp_002193",462.322099342303,3.13191757553035,0.197130156003884,15.8875619997411,7.7275048153735e-57,5.18230142753517e-56
"pgaptmp_002194",20631.5820596638,0.606072727188158,0.101191560963648,5.98936039148444,2.10667878104897e-09,4.48829904010548e-09
"pgaptmp_002195",9603.18894981323,-1.15501190280388,0.0909635499034791,-12.6975244922769,6.10297798015866e-37,2.88265025915616e-36
"aroA",10865.9292886618,-0.0668377656052869,0.0779344564166493,-0.857615086810412,0.391105041554954,0.445302222290467
"pgaptmp_002197",6773.92573361541,-0.903180485248127,0.0923771339147974,-9.77710010013042,1.41198124598945e-22,4.70491870865957e-22
"hisC",5274.21440161076,-0.442526981685335,0.0845060875049987,-5.23662844595851,1.63536444168197e-07,3.1521628440913e-07
"trpA",1011.25383747604,0.327793670689611,0.194065751611425,1.68908562158844,0.0912030228689598,0.116093587933744
"trpB",786.454644035645,1.77506603222446,0.158728357218897,11.1830429251941,4.93676840116744e-29,1.95475021161119e-28
"pgaptmp_002201",248.030740487353,1.17491139674432,0.27527394932487,4.26815323290083,1.97097923046428e-05,3.36204614839049e-05
"trpC",266.078834550175,0.592564767772321,0.272170372826635,2.17718321659415,0.0294669000361627,0.0395941523229594
"trpD",332.548107257631,0.687775317604832,0.194577532304245,3.53471086543237,0.000408221575994304,0.000647104218846167
"trpE",481.446413678521,-0.519322022330879,0.207613312104241,-2.50139076857524,0.0123706597098007,0.0172966173703524
"aroH",3066.4524671041,0.119571988460929,0.0912941634527248,1.30974406181889,0.190282432334409,0.230544014696833
"aroB",6966.32249894495,-0.027260185885642,0.0929655549786358,-0.29322888344943,0.769347208111344,0.80616844273379
"aroC",4453.19453156864,0.143199728608821,0.0884282320544536,1.61938925252559,0.105363537803343,0.132741116183462
"pgaptmp_002208",777.145515137295,-0.190672297595852,0.143188116300573,-1.3316209649382,0.182984772216756,0.222208587990461
"ndk",19223.8515998169,1.75123874337813,0.0778910500327885,22.4831831467279,6.0632179193556e-112,7.72852640268547e-111
"hepT",3483.0415448762,1.48631911043781,0.143611109772334,10.3496109235147,4.20189905051614e-25,1.49231567423865e-24
"menG",2625.46205970341,0.978198294392103,0.123742085233476,7.90513827649214,2.6763634294048e-15,7.13058316696111e-15
"hepS",1306.17544273532,0.767611904899762,0.228478015419874,3.35967512449336,0.000780341765815065,0.00121372003859744
"mtrB",476.118044968235,1.4496310646312,0.178270058025188,8.13165755758252,4.23459662546121e-16,1.15551089735826e-15
"folE",1734.82825372518,0.896286687856079,0.16240104578469,5.5189711588703,3.40990147315877e-08,6.84555193263049e-08
"hbs",34921.2174329722,0.717257500854432,0.112908483133509,6.3525563442944,2.11765820024254e-10,4.68883035175654e-10
"spoIVA",233.338227991337,1.28153497099958,0.237546747383907,5.39487484090216,6.85713335984312e-08,1.35468420198175e-07
"pgaptmp_002217",1440.50883703081,1.9264319284365,0.19951671743471,9.65549129519389,4.65920561606493e-22,1.51985655591531e-21
"pgaptmp_002218",312.610559490347,0.937108787044234,0.248276394145649,3.77445785882683,0.000160356011257643,0.000261087083946172
"pgaptmp_002219",14156.9053388657,0.327708532514765,0.0936933577096929,3.4976709184675,0.000469339866689131,0.00074209132702504
"engA",14679.7949872365,0.184272525638848,0.0817101931060653,2.2551963057981,0.0241210097124245,0.0327061559743693
"pgaptmp_002221",45.8203252663663,-0.0156736010587817,0.726142471118415,-0.0215847463578889,0.982779201341253,0.985958001992491
"pgaptmp_002222",1.44756356230546,-3.86521337645646,4.20385500525851,-0.919444978863816,0.357862872115765,0.412373253874575
"fni",3548.71603426788,2.86336351936083,0.127571040220163,22.4452470907129,1.42410195028202e-111,1.79678218947447e-110
"rpsA",46074.8186842607,3.28013680178445,0.088390531372306,37.1095947819153,1.96739199532121e-301,8.04684945778629e-300
"cmk",3094.14878322612,0.786434078330983,0.10103479968355,7.78379410652731,7.03812659458595e-15,1.85392124451868e-14
"pgaptmp_002226",396.144695101717,1.80382541471351,0.197026962833874,9.15522113709094,5.4246590876414e-20,1.67417753932017e-19
"pgaptmp_002227",983.617292318077,1.40647571299763,0.133538671120445,10.5323476802391,6.12865909906721e-26,2.23855438338844e-25
"ypeB",188.780101577805,1.31441129211834,0.292189998016992,4.49848147109371,6.84405601319733e-06,1.20385522122497e-05
"sleB",49.4533738182498,0.0413192329054031,0.515931608952384,0.0800866475099348,0.936168342378031,0.946852872372563
"prsW",1354.70032486298,0.498563896642282,0.130008113558123,3.83486755554982,0.00012563197296182,0.000206082945510751
"pgaptmp_002231",3081.32481662487,1.16634779841172,0.120030015663444,9.7171344347907,2.54852615190765e-22,8.39434897115068e-22
"gudB",69845.5333448431,1.56381736019395,0.0979099727499005,15.9719925996562,2.00283995610663e-57,1.36280992991387e-56
"pgaptmp_002233",8174.23151811715,-1.32503203762849,0.101673332143092,-13.0322475884206,8.02096020406617e-39,3.94894363485903e-38
"pgaptmp_002234",4835.29622318587,-2.33522241891882,0.120384929547455,-19.3979630814028,8.02901922437476e-84,7.68226466661256e-83
"pgaptmp_002235",238.647182920016,0.538584004724355,0.32453062255987,1.65957837961807,0.0969993007458154,0.122925228932899
"pgaptmp_002236",2280.17199008095,0.127088461839467,0.145785680645298,0.871748592021722,0.383345545116374,0.438075566141585
"pgaptmp_002237",2351.3845669853,0.0167222301514852,0.104441183196407,0.160111458331894,0.87279327517906,0.897137964710429
"pgaptmp_002238",3406.01060577437,0.345852617331075,0.0885922068118161,3.90387179388951,9.46659417246353e-05,0.000156182019104208
"pgaptmp_002239",2078.26780837565,-0.257574585993727,0.116397607667201,-2.21288556660179,0.0269055360244008,0.0362966310557519
"pgaptmp_002240",4965.28013348759,-1.79823374731341,0.122546124478868,-14.6739340387994,9.46919557511941e-49,5.59434062390388e-48
"pgaptmp_002241",6152.7257417682,-4.11816244641593,0.103114338488327,-39.9378253964371,0,0
"serA",14907.0143819405,1.08868841412321,0.113878924507518,9.5600517728049,1.1769781117807e-21,3.79282470307167e-21
"pgaptmp_002243",14390.6553001129,1.62420531306181,0.0779707007042262,20.8309698180483,2.26821592725463e-96,2.51258919084575e-95
"sigX",7383.87516996614,0.432717692998955,0.0925994767028058,4.67300365408915,2.96826483694259e-06,5.3604472213005e-06
"pgaptmp_002245",21366.9593300031,2.42782191119311,0.0932854699475279,26.0257241836133,2.53367663922837e-149,4.55572195710532e-148
"resD",8176.14940260549,2.52712442757412,0.0899047248618718,28.1089167611241,7.62220404924856e-174,1.63045077421282e-172
"ccsB",6838.2053268662,1.2547486862273,0.0794083613079982,15.8012162140024,3.05171644899798e-56,2.0319299862559e-55
"pgaptmp_002248",7523.89610989241,1.20795760320728,0.0862885126718924,13.9990546343113,1.57957906007262e-44,8.58276388553328e-44
"resA",2131.08376881352,1.01239421369714,0.132425055942331,7.6450351974027,2.08888181606843e-14,5.40293128520272e-14
"rluB",8255.4405292812,-0.0890399375411763,0.111216569827232,-0.800599566049324,0.423363502045184,0.478517751172844
"spmB",29.7766899469875,-0.401069288668075,0.736585081246124,-0.544498251294423,0.58609865143748,0.635438153408185
"pgaptmp_002252",38.9879086542583,0.661679070999618,0.553610026456876,1.19520788890763,0.232005817080655,0.278141770062802
"pgaptmp_002253",32.3354894386351,-0.617184619198881,0.61535801245622,-1.0029683642785,0.315876125398755,0.368439654883787
"pgaptmp_002254",373.574025108225,0.678558648418855,0.23363284989016,2.90438030755466,0.00367980873669747,0.00543286319634589
"scpB",521.088551988675,0.0772689317085088,0.183513599829779,0.42105289079491,0.673716460469509,0.717269069184071
"pgaptmp_002256",154.503616782452,-1.18545551582103,0.285136630112927,-4.15749991627359,3.21749393526749e-05,5.42614971774609e-05
"pgaptmp_002257",5.22101784926868,-0.0638328412861345,1.49684483854247,-0.0426449286141714,0.96598458019125,0.971728272289685
"pgaptmp_002258",458.546855613274,-1.98928144387192,0.208490489907044,-9.54135339582561,1.40980292304206e-21,4.53133547457907e-21
"ribT",5725.54748636165,0.552690458175321,0.0924579548323958,5.97774912042146,2.26241793132594e-09,4.80634676963193e-09
"ribE",9977.68279813779,0.525879920348024,0.0897832289913319,5.8572177260276,4.70685882269615e-09,9.84209468431183e-09
"pgaptmp_002261",9276.74539310245,0.62316976406185,0.10929572389299,5.70168476739296,1.18629056297549e-08,2.43271265861971e-08
"ribD",16442.1295596705,-0.880227973661312,0.100974979307935,-8.71728798256997,2.84944719738914e-18,8.31815095582931e-18
"pgaptmp_002264",730.537069455353,-2.19543986478888,0.171417717168066,-12.8075434736794,1.48770066172446e-37,7.10811535678877e-37
"pgaptmp_002266",369.865291220557,-2.00929232653058,0.217677561731613,-9.23059000912529,2.69145234928442e-20,8.38291685693441e-20
"pgaptmp_002267",16665.3999159208,0.0696526622401964,0.0998834577744956,0.697339317161501,0.485590468170409,0.539996331798704
"pgaptmp_002268",31156.7354273271,-2.00217185617522,0.119524374176476,-16.7511595017351,5.55332657910634e-63,4.06080187179446e-62
"lysA",5083.31951085551,0.56257370735444,0.0927839034660456,6.06326837241025,1.33382822384386e-09,2.86469050729766e-09
"pgaptmp_002270",59.8704186502477,0.58782465833148,0.446938870240378,1.31522384261483,0.188434684356242,0.228454037515939
"pgaptmp_002271",6.77467610217734,-1.11494490303654,1.39801107164546,-0.797522226862086,0.42514779934821,0.48038861844992
"spoVAE",9.99485979395346,-0.944051611628066,1.06522993145489,-0.88624210018083,0.375487081772094,0.43041666718686
"spoVAD",13.5441651823222,0.317761650538028,1.52943093321333,0.207764629077045,0.835412751836326,0.866718388212837
"spoVAC",0.856653532231821,4.034309129264,4.83625390657281,0.834180588364289,0.40417922807521,0.459064719833974
"pgaptmp_002275",1.39280336726054,-1.18533196408195,3.4091851889453,-0.347687760678279,0.728074689432884,0.76702349110365
"pgaptmp_002276",4.31086202603826,1.85070055013647,2.34543812470761,0.789063898399446,0.430074660852315,0.484925140167318
"sigF",3099.07978708813,3.5855399872831,0.132618481000411,27.0365032100768,5.5047116466924e-161,1.07834403942048e-159
"spoIIAB",1307.56796885588,3.64222466365232,0.1792391657676,20.3204731959911,8.47555011766092e-92,8.81173115584747e-91
"spoIIAA",962.443957209257,3.89373164294058,0.176639600095979,22.0433676300494,1.10597365244188e-107,1.36758602471384e-106
"pgaptmp_002280",68.9383329701417,2.20510069202029,0.444749096952594,4.95807795255701,7.11939990431266e-07,1.32624656876135e-06
"pgaptmp_002281",13763.5721161651,2.24184566786621,0.0841122256557169,26.6530299298272,1.65066019699227e-156,3.102907703639e-155
"deoB",11600.4372461734,2.02870657563966,0.0894650671255273,22.675963265005,7.73699499721674e-114,1.01042439928564e-112
"xerD",2481.13210734716,0.324159097150391,0.112798910522968,2.87377861760806,0.00405593155171854,0.0059621553062782
"pgaptmp_002284",31.7807778337809,0.790104888681254,0.724770112716798,1.09014551623762,0.275649049021773,0.325600050923212
"fur",5695.03197752245,-0.307944376466067,0.101211917932408,-3.04257030947402,0.00234567012659163,0.00352466056163667
"spoIIM",89.6678950972186,-2.2195640365538,0.46489385948634,-4.77434578079004,1.8029237980185e-06,3.28784045870889e-06
"pgaptmp_002287",13.5586857531161,-0.067188116491912,1.03944864305235,-0.0646382261798074,0.948462048244948,0.957533269250457
"pgaptmp_002288",53.0046419393647,-0.686046415164376,0.472830814018627,-1.450934234454,0.146798173955815,0.181341786745285
"pgaptmp_002289",9788.18279557775,-0.0504303218703487,0.118052811218531,-0.427184421529749,0.6692450071812,0.71291640432983
"nhaC",4935.76846601293,-1.18369608664903,0.0999388736886656,-11.84420078954,2.30606250609025e-32,9.89984388427672e-32
"aspA",6456.17650614442,-0.438108909070385,0.0991686608096181,-4.41781612753103,9.97031819733876e-06,1.73733728139021e-05
"pgaptmp_002292",1708.78774939348,-0.0749032128883304,0.113160833971836,-0.661918176627903,0.508023662057112,0.561420448389718
"pgaptmp_002293",440.71482792068,-2.01076863598806,0.189984467962064,-10.5838580256443,3.54071804663028e-26,1.30222851477845e-25
"pgaptmp_002294",4679.53973169679,-0.19464519892617,0.100901047835176,-1.92907014448578,0.0537221547890633,0.070406288776371
"pgaptmp_002295",1596.0934219004,-0.306071223862221,0.113708944251559,-2.69170755103573,0.00710872505289258,0.0101646848432064
"mciZ",3.29754201654529,-1.52201228861945,2.38004231581413,-0.63948959163729,0.522504482571048,0.575373279328237
"pgaptmp_002297",2098.27341917464,1.65193095506134,0.117591939565996,14.0479947958868,7.92462244739051e-45,4.34395357130891e-44
"pgaptmp_002298",19.7558887915497,2.11330235276478,0.939578793519347,2.24920184165615,0.0244996573627438,0.0331591726196846
"pgaptmp_002299",112.793692713739,-0.119605091564897,0.358531340042242,-0.333597312722523,0.738683446343709,0.777099996407938
"pgaptmp_002300",1055.28824929182,-0.794658566481911,0.135907678051085,-5.84704689151715,5.00376487519147e-09,1.0445324097287e-08
"pgaptmp_002301",1745.46636907832,0.105312430555037,0.153556756684458,0.685820883619218,0.492826065475648,0.54657288906447
"pgaptmp_002302",2069.46894523317,0.455712211147804,0.104038020930513,4.38024682776476,1.1854495206655e-05,2.05316105905862e-05
"pgaptmp_002303",237.07013833394,0.235169659693351,0.230339669038618,1.0209689919018,0.307269129967214,0.360206520232431
"pgaptmp_002304",503.910445254953,-0.131279101561043,0.179643316183415,-0.730776431598536,0.464915721566777,0.520582525773629
"pgaptmp_002305",126.685363933796,-0.808582297031885,0.446393910505916,-1.81136498057397,0.0700843730700848,0.0903234198638696
"pgaptmp_002306",57.4495944780151,-0.213074264798968,0.55180401280831,-0.386141202044842,0.699392096871016,0.741212239337677
"pgaptmp_002307",407.49876526892,0.00336131257861886,0.201467323762736,0.0166841575886391,0.986688585816236,0.988813924719448
"pgaptmp_002308",1208.87686154343,0.577089216089278,0.134669059691832,4.28523981239529,1.82542173221494e-05,3.12234360629779e-05
"pgaptmp_002309",212.315561516583,0.985314321274191,0.255653263500152,3.85410421828472,0.000116154113528794,0.00019095654176421
"pgaptmp_002310",3443.55161915444,2.03127976977737,0.103673126206376,19.5931177548734,1.77011292299913e-85,1.7292284250401e-84
"coaA",3276.39632801369,2.35150492935453,0.113696222447798,20.6823487951342,4.99487189235522e-95,5.43593952729419e-94
"dsdA",4556.71328595517,1.83155029602131,0.102878643058876,17.8030176289664,6.69615404922296e-71,5.42986609394507e-70
"pgaptmp_002313",1389.33153116202,1.70718138504161,0.175219391905133,9.7431075777612,1.97422843441564e-22,6.52582436313944e-22
"pgaptmp_002314",908.906169192019,2.68195197283693,0.208493027213984,12.8635091958464,7.22219198965021e-38,3.47749011455085e-37
"pgaptmp_002316",4062.49726872643,4.5414702608415,0.123385483355551,36.8071683745378,1.41785462546775e-296,5.67446765160319e-295
"pgaptmp_002317",5923.77974471068,4.71379521198235,0.137638854877418,34.2475619706404,4.74153498779307e-257,1.53460810648398e-255
"pgaptmp_002318",9761.61411009844,4.39491039516916,0.120640891090471,36.4296910893448,1.44275280074024e-290,5.36992592435516e-289
"pgaptmp_002319",57075.0248197036,3.72911376394056,0.130158999322943,28.6504489381337,1.58253743667881e-180,3.48532801143109e-179
"pgaptmp_002320",44625.3865926911,3.46860819034095,0.13952613071834,24.8599181564276,2.02010106030826e-136,3.15916644809552e-135
"pgaptmp_002321",62553.2404316759,2.9969036608943,0.150481269189123,19.9154597581698,2.98896228949253e-88,2.99056925846538e-87
"pgaptmp_002322",157592.459273412,2.27550772995534,0.146101947411795,15.5747939727436,1.0800046891796e-54,7.03989046081693e-54
"pgaptmp_002323",69695.545346405,1.79496259429556,0.136560883284834,13.1440464583968,1.8411179913583e-39,9.26032589707512e-39
"pgaptmp_002324",65553.5442350976,1.80498117344136,0.138159359059706,13.0644871670353,5.2537478877911e-39,2.60725995178113e-38
"pgaptmp_002325",117680.837818848,2.26945006689402,0.12593936993918,18.0201796149211,1.35303509998659e-72,1.12160281562363e-71
"pgaptmp_002326",4635.22921090445,2.65644152066211,0.142250498620455,18.6743916290226,7.99962077763904e-78,7.12310730487381e-77
"pgaptmp_002327",11376.7566602566,2.30042696099343,0.0925348223801998,24.8601218635468,2.00988038248049e-136,3.15644505636809e-135
"pgaptmp_002328",2204.5025310522,2.52666276970233,0.126266205123487,20.0106019439746,4.45239727664347e-89,4.52782039990901e-88
"pgaptmp_002329",9355.96745147587,2.38460409198474,0.0924181935457626,25.8023231194619,8.35046446264696e-147,1.46605795896094e-145
"loaP",910.48718192927,-1.3474451833514,0.159099341015701,-8.4692065645855,2.47070191408002e-17,6.99381300104953e-17
"namA",12070.9048986707,2.13415482660007,0.096733468647387,22.0622175183183,7.29192239994772e-108,9.04684505753513e-107
"pgaptmp_002333",10194.4665492582,-2.56004446831194,0.143743720088069,-17.8097830412587,5.93393825370702e-71,4.82229654591649e-70
"rnz",880.089728732747,1.2639009490771,0.134723994428825,9.38140940992376,6.50966561478358e-21,2.04809597787189e-20
"zwf",5952.13956117879,-1.24108165035355,0.0838867912786269,-14.7947207353699,1.58440569653283e-49,9.49622866746406e-49
"gndA",14888.3612043786,-0.331686318947109,0.0842855435629969,-3.93526938221855,8.31034304126553e-05,0.000137655081440099
"pgaptmp_002338",613.173861139085,-0.900867156178195,0.201635842243782,-4.4677927602228,7.90308124999261e-06,1.38424792529282e-05
"pgaptmp_002339",2387.41545487068,0.572444069812524,0.108563564664041,5.27289308880011,1.34289799839125e-07,2.60462029703607e-07
"pgaptmp_002340",10424.8403448566,0.227821483451082,0.076256074535951,2.98758472472479,0.00281191343708849,0.00420150213281548
"pgaptmp_002341",7245.57003403088,1.59225203398495,0.108641451653161,14.656026864113,1.23278670018399e-48,7.23727460265741e-48
"pgaptmp_002342",4508.20013805482,0.642052771280951,0.0926785157228217,6.92774119517808,4.27613095471574e-12,1.01893466155262e-11
"mce",15.7695691372372,0.0733767556125393,1.15399969013644,0.0635847273094711,0.94930089297305,0.957792877106449
"prli42",44.6334554266689,0.226105080350216,0.521117320844791,0.433885175767472,0.664371825191389,0.70934937847457
"pgaptmp_002345",11.1672645501646,1.4364984371842,0.997731104029241,1.43976511445122,0.149933864110943,0.185092484982066
"pgaptmp_002346",719.080215902722,-0.616329339083428,0.150140378647677,-4.10502054567027,4.04278947758287e-05,6.7964148308778e-05
"pgaptmp_002347",338.736665805907,-0.85468256425552,0.215770519108174,-3.96107201200659,7.46140242574273e-05,0.000123979195663457
"pgaptmp_002348",346.442572741799,-0.781750660394554,0.235886959400734,-3.31409019973201,0.000919418425316139,0.00142705395288852
"pgaptmp_002349",586.834417389373,-0.99102973802228,0.16306371394405,-6.07756142707703,1.220239433325e-09,2.62983854709649e-09
"brxB",843.705859964985,0.970416517969298,0.150953616651421,6.42857415076159,1.28806417219552e-10,2.8742055449111e-10
"pgaptmp_002351",611.391697160651,0.702124873552511,0.160322699125606,4.37944768508686,1.18980479596456e-05,2.05974579096748e-05
"pgaptmp_002352",31207.1425340297,3.11231108188375,0.0925436657577637,33.630730492461,5.96537862240109e-248,1.89770420791255e-246
"bfmBAB",17823.7656857925,2.96691001841063,0.10228935050298,29.0050724129313,5.67847183237768e-185,1.2809255854612e-183
"pgaptmp_002354",14607.6246034947,3.1221171590274,0.0952841306193486,32.7663918297159,1.77385674112404e-235,5.239916500368e-234
"buk",13860.4855771519,2.29764239845213,0.0786292078531155,29.2212329385828,1.04219649080792e-187,2.40935114210377e-186
"bcd",11661.2021845234,2.51299909254105,0.0767878098629939,32.7265368946553,6.55009237888713e-235,1.90464404954827e-233
"yqiS",12042.6840830986,2.3496570727175,0.118254626472145,19.8694727032177,7.47842679751797e-88,7.46238727623643e-87
"pgaptmp_002359",2452.76067809662,-1.44483222566425,0.106616094857723,-13.5517271345602,7.73875971898484e-42,4.03412656499462e-41
"pgaptmp_002360",211.111653436301,0.276921326480044,0.258877933825783,1.06969845744521,0.284755060904634,0.335610619596912
"prpB",1942.55255632551,1.77020814560552,0.149727741646049,11.8228467626943,2.97431734952005e-32,1.26518961999013e-31
"pgaptmp_002362",882.495964985455,1.60679293858054,0.166366770861399,9.65813623875147,4.54048995336683e-22,1.48243014091503e-21
"mmgD",42.9883738591585,0.324017001271224,0.583879420611232,0.554938211269766,0.578936924386568,0.628955993160188
"pgaptmp_002364",31.3445336029628,0.458162078472258,0.700998618362252,0.653584852339175,0.513379305901912,0.566897804610973
"pgaptmp_002365",16.3481916023516,1.98689041443072,1.01267100954334,1.96202951966275,0.0497590475446156,0.0654891000569517
"pgaptmp_002366",13.3226010355416,0.94162956249398,1.13712375852423,0.828080106000103,0.407625135196062,0.462555107682849
"pgaptmp_002367",799.464357081161,-0.632872269177899,0.243176226958991,-2.60252524308071,0.00925400023292531,0.0131262914889284
"pgaptmp_002368",19.8354426343931,0.38950331598303,0.75518831940626,0.515769783475019,0.606015209051278,0.654173030188184
"pgaptmp_002369",10.3468797261682,-1.62779673474115,1.09012330333436,-1.49322258295205,0.13537893260548,0.16813320765481
"ytaF",4049.90276990939,0.926374142140453,0.107216284383686,8.64023732463355,5.60963717682691e-18,1.62104577423523e-17
"pgaptmp_002371",6.26745275432666,0.704836656135983,1.57161332822945,0.448479688658559,0.653807041684953,0.699272933664194
"pgaptmp_002372",55.5349427467731,-2.98665485773302,0.58305807507339,-5.12239686819719,3.01676103060674e-07,5.74341921018837e-07
"pgaptmp_002373",6586.51930913788,-1.36931692509068,0.108937628349404,-12.5697332119143,3.09767445664335e-36,1.44119304095332e-35
"pgaptmp_002374",5.63520672772753,-1.21244603385204,1.92321051813991,-0.630428142117635,0.528414503203617,0.580850201099782
"pgaptmp_002375",4.56848454656371,1.56493923474369,1.71257816431401,0.913791421234516,0.360826455052985,0.415145615365444
"spo0A",5671.05747282652,-0.148055777400073,0.10000624507052,-1.48046531789761,0.138749109750564,0.172084034152482
"spoIVB",148.752899831091,0.458849615273887,0.314831629704243,1.45744446231446,0.144993731342613,0.179172200550201
"recN",6906.06498685885,0.52600732746019,0.106584443176278,4.93512291085707,8.01002999788149e-07,1.48472767191807e-06
"argR",1231.18841127671,0.348445513082819,0.122118063667724,2.85334947687116,0.00432610170235699,0.00633677707051268
"pgaptmp_002381",9966.68161483976,0.586557190235179,0.0988335518892103,5.93479824435222,2.9420706124175e-09,6.2077022785816e-09
"dxs",18824.5203482679,0.810928347979596,0.0727379060302216,11.1486347660691,7.27134226698221e-29,2.86088117523338e-28
"pgaptmp_002383",2827.86736149573,1.34350345562558,0.094655030881583,14.1936825027964,1.00252894867121e-45,5.58594722597942e-45
"pgaptmp_002384",431.927860938018,1.40913840706495,0.191512679013728,7.35793794082919,1.86772833966194e-13,4.67183123670816e-13
"xseA",2189.00576069511,0.549416809976015,0.112060166071951,4.9028734226866,9.44448453875388e-07,1.74713575811342e-06
"folD",5678.8164740229,1.08307434963458,0.0816067325305081,13.2718749550434,3.37040870991793e-40,1.71844674223487e-39
"nusB",1168.53911473755,0.39101445761154,0.173706540779194,2.25100595439625,0.0243851602489556,0.033016211875814
"pgaptmp_002388",16290.5460462971,2.55016718356432,0.0780209115714285,32.6856881341309,2.49464106692048e-234,7.19771631866513e-233
"accC",37432.0269897754,2.77338561990799,0.123313166126209,22.4905880453144,5.13150789576983e-112,6.56339257321488e-111
"accB",3217.8598209965,2.97264491465588,0.119650505329589,24.8443991646123,2.97263996004222e-136,4.62935813024148e-135
"pgaptmp_002391",27.9167547021459,2.07587542868952,0.757365551150866,2.74091609465877,0.00612681510323674,0.00881825437519224
"spoIIIAG",10.8521195938948,2.12397211229273,1.36714399113024,1.55358332851013,0.120283838538232,0.150385101457608
"spoIIIAF",12.9874912653475,2.26994681183399,1.04419336552869,2.17387591874296,0.0297144550101787,0.0398835923360566
"spoIIIAE",54.2216470288121,-0.52055683319636,0.519939481945109,-1.00118735212979,0.31673624008418,0.369095894049254
"spoIIIAD",15.7008769116847,-1.10013983636824,0.989644508442344,-1.11165153444827,0.266288005578256,0.31524298879207
"spoIIIAC",4.48156008950268,-1.0580034051311,1.73665011356863,-0.609220819360678,0.542378082329333,0.594268832037026
"spoIIIAB",13.1929285206767,-1.10600158890307,1.42639096994523,-0.775384598056966,0.438112433414337,0.492496066797996
"spoIIIAA",32.8635762008829,-2.42789794276259,0.6608709489738,-3.67378524738095,0.000238983611264758,0.00038439801258748
"pgaptmp_002399",5.76375088626554,-3.10514585153081,1.80519962066466,-1.72011217816871,0.0854120524800357,0.108983085132222
"efp",4165.89078184365,1.40870867361488,0.115717230769008,12.1737157401123,4.2909481032452e-34,1.90356482005705e-33
"pgaptmp_002401",10746.4376934953,-0.518467366870737,0.0812149910077336,-6.38388751186794,1.72647933136313e-10,3.83410266786012e-10
"pgaptmp_002402",22.3841648119789,-0.482169617235223,1.09848339069612,-0.438941199583971,0.660704142962615,0.705635816386472
"pgaptmp_002403",4310.78650705267,-0.728367374597354,0.110593649626527,-6.58597828227062,4.51899880863347e-11,1.02684454003259e-10
"pgaptmp_002404",1607.20372286064,-0.48722867631585,0.129507163962288,-3.76217547669974,0.000168441795846582,0.000274132209943584
"pgaptmp_002405",39.9787063961548,-3.60227639098938,0.77519580691368,-4.64692450457295,3.36920398665954e-06,6.06098464879015e-06
"mntR",3235.93049628131,-1.5659121200223,0.126280262401271,-12.4002919398949,2.60373237199589e-35,1.18040096084881e-34
"pgaptmp_002407",1349.74732321109,0.389217508077987,0.120578754741287,3.22791115991445,0.00124697694591695,0.00191155197393035
"pgaptmp_002408",1166.42037894269,-1.62297629426413,0.152324503343268,-10.6547289414541,1.65726741624267e-26,6.13766101816441e-26
"gcvPB",32201.3232736384,3.67046236485721,0.104825808535397,35.0148729224233,1.33611185373188e-268,4.52091665417277e-267
"gcvPA",21473.1559598459,4.3080250590601,0.0906538687998981,47.5216900954253,0,0
"gcvT",11033.422135405,4.62101126967276,0.0983269092523335,46.9964052039304,0,0
"pgaptmp_002412",15.1894424364467,2.93560307472458,1.18820671027447,2.47061647551752,0.0134880386820481,0.0187672822334889
"pgaptmp_002413",362.287324808861,0.69422686169378,0.203084170048642,3.41841937521522,0.000629859753814264,0.000987089685767028
"sinI",200.271816848507,1.24735531168771,0.243122273720244,5.13056781100615,2.88869470014586e-07,5.50805413624124e-07
"sinR",3410.94879895913,-0.732084421757719,0.0907628249999259,-8.06590607727687,7.26946823173254e-16,1.96777896425516e-15
"tasA",14144.0518741068,1.06235957332863,0.140366413820973,7.56847414142526,3.77633470461491e-14,9.6934605314322e-14
"sipW",2119.58658251317,-2.56916962554217,0.183313603459865,-14.0151607794054,1.25912805663215e-44,6.8616026746484e-44
"tapA",2097.98876607271,-4.37374291563906,0.166083363910361,-26.3346238458878,7.69984331479573e-153,1.41176437525467e-151
"pgaptmp_002419",21.9555841424628,-0.742905506386054,0.778578421591522,-0.954181988331312,0.339991530272003,0.393607612961865
"pgaptmp_002420",10.2123240276827,-0.106454705911581,1.18957980357581,-0.0894893353027553,0.928693028773814,0.941338631017466
"comGG",26.4006481402672,0.360839560690821,0.645943332504167,0.558624174185579,0.576418238210564,0.626402535071451
"comGF",44.0048746547488,-0.186516784817426,0.50458662390177,-0.369642745134949,0.711648697386156,0.751207161563038
"comGE",18.9700297983814,0.0892059644964167,0.820974014126504,0.108658694381855,0.913473204913229,0.930727420938144
"comGD",63.4477623759199,-0.371518695615369,0.477462790907668,-0.778110258412185,0.436504015599857,0.490984571188476
"comGC",62.9149893453664,-0.598912183648667,0.600483251138797,-0.997383661430772,0.31857831888405,0.371010169864341
"comGB",212.588230588642,-0.790276099058883,0.282250542244088,-2.79990994091859,0.00511168655722436,0.00742321395473627
"comGA",337.240639895173,-1.42139907490061,0.234419031438614,-6.06349691907511,1.33193334454706e-09,2.86227246443659e-09
"pgaptmp_002428",22.8309691602743,1.31869922321692,0.837553156476408,1.57446630463993,0.115379685529614,0.144544998162647
"pgaptmp_002429",46.2208521408408,-0.496320628721398,0.663133277006993,-0.748447779549697,0.454190112118074,0.509338836186644
"pgaptmp_002430",31.2414323212507,1.87192541075531,0.640282303216983,2.92359386063017,0.0034601588824538,0.00512687554159754
"pgaptmp_002432",98.6359285289402,2.48700331091966,0.394450245064055,6.3049860965755,2.88219768693548e-10,6.34390289223765e-10
"pgaptmp_002433",428.66110739759,2.63855000175636,0.275883412910039,9.56400377219034,1.13287243440439e-21,3.65702619328113e-21
"pgaptmp_002434",2254.06498763115,2.15994353689812,0.122955278417154,17.5669037125029,4.41627129173082e-69,3.48988572140597e-68
"pgaptmp_002435",4300.61076250027,1.91719983738272,0.159098357451184,12.0504062272986,1.92996423496573e-33,8.4509728029911e-33
"pgaptmp_002436",1527.83431597484,0.0324678823101666,0.126003103656426,0.257675258529323,0.796657542278517,0.831508517207134
"pgaptmp_002437",6769.58976082542,-0.493500664694285,0.117007789025861,-4.2176736164565,2.46835752606571e-05,4.19699712746304e-05
"pgaptmp_002438",1400.74301384584,0.804785044028547,0.116182740977646,6.92688980528864,4.30193409140593e-12,1.02377229464277e-11
"glcK",2365.07062967259,1.12373878353722,0.132511984597706,8.4802803833086,2.24651901341084e-17,6.37798914410004e-17
"pgaptmp_002440",112.138088050112,0.0708108656515631,0.351028248292428,0.201724123332016,0.840132402580756,0.870295798053319
"pgaptmp_002442",160.177259664634,0.135963335735395,0.291831177588795,0.465897224754287,0.641289067742401,0.68766289545872
"pgaptmp_002443",505.088146379947,0.0297155742022921,0.201469296880397,0.147494306390184,0.882741873424954,0.905363806251771
"pgaptmp_002445",3762.18910709083,-1.02078225133661,0.111704061251663,-9.13827339757,6.34573390136659e-20,1.94714110312337e-19
"pgaptmp_002446",5137.95396749444,-0.912039079297252,0.104770109198529,-8.70514583094526,3.17166679762294e-18,9.24427863802082e-18
"pstB",909.972643854108,-1.48583908005824,0.165158438516256,-8.99644664485004,2.33141274263033e-19,7.00364667318005e-19
"pstA",373.136713459486,-1.52706551776777,0.211450428875126,-7.22186058402175,5.12810336949202e-13,1.25902379559692e-12
"pstC",336.414525094739,-1.33955364899002,0.225193206184039,-5.94846386216143,2.7067062882565e-09,5.72081817427069e-09
"pgaptmp_002451",369.522525718393,-0.893928816957224,0.244149891393812,-3.66139346552206,0.000250847168039414,0.0004031317614174
"pbpA",8003.18107614596,-0.319066881202048,0.0844442105849261,-3.77843405713599,0.000157817629461773,0.000257179166749876
"pgaptmp_002453",141.40539709505,-1.37921455739585,0.305741291158839,-4.51105100056412,6.45072073370739e-06,1.13843445096533e-05
"sodA",47524.5532352265,0.402711095740264,0.0814197656812359,4.94610973601799,7.57112892080196e-07,1.40617474267589e-06
"pgaptmp_002455",40.5362706930223,0.146194431762654,0.559491969649693,0.261298534551244,0.793862296584816,0.829521467683517
"pgaptmp_002456",1007.43283977953,1.10548798202457,0.129163815224161,8.55880557651554,1.14042852616288e-17,3.25761701794185e-17
"pgaptmp_002457",140.413855594103,-3.46737750751792,0.394403136681996,-8.79145520161935,1.47635093088201e-18,4.33699934075994e-18
"ispG",11123.6120402446,-0.391655728562228,0.100075691136997,-3.91359504103826,9.09320862556169e-05,0.000150288288207552
"pgaptmp_002459",59.6941752945583,0.858435061338853,0.45876124424221,1.87120222580447,0.0613170563851336,0.0797143150071489
"pgaptmp_002460",1658.50002761359,-0.557436875863773,0.126660680812541,-4.40102541915738,1.07740500723309e-05,1.87300394064528e-05
"pgaptmp_002461",497.668616342221,-0.495463953004293,0.206734965911025,-2.3966141906422,0.0165473365887441,0.0227939255304609
"pgaptmp_002462",2002.96712119404,-1.38271158100732,0.189575767565947,-7.29371479678341,3.01523382240456e-13,7.48679138558358e-13
"pgaptmp_002463",5.63409625330026,1.39374757088658,1.50726727478025,0.92468508685016,0.355129738980392,0.409731211557662
"pgaptmp_002464",13968.4892932031,-0.160388800783607,0.103464142420448,-1.55018731157926,0.121096564379273,0.151299567848156
"pgaptmp_002465",11130.2249903457,-0.511810664161165,0.10607268139894,-4.82509405259818,1.39937215097029e-06,2.56700992898542e-06
"vrrA",10.2849719176901,0.191164665088571,1.14545569427792,0.166889619601637,0.867456900960246,0.892757498154753
"pgaptmp_002467",2143.00857221906,0.283644764136745,0.114125248738521,2.48538134437384,0.012941272119098,0.0180605229948566
"pgaptmp_002468",6794.41923351624,1.72151547047633,0.108956123999674,15.800079952197,3.10722244578072e-56,2.06519320414212e-55
"pgaptmp_002469",3320.78659943663,1.15204880031301,0.134281750150021,8.5793400743283,9.54189830681935e-18,2.73612831263341e-17
"cccA",3124.53492385537,1.75417196181788,0.11884068081937,14.7607027301039,2.6253101041419e-49,1.56342467321859e-48
"rpoD",26797.1066163191,1.87536868257907,0.0731852175989449,25.6249655887627,8.04082887814372e-145,1.37284243506656e-143
"dnaG",23069.0170787561,0.576982371496236,0.0753318094968256,7.65921295864464,1.87075969006254e-14,4.85562591800053e-14
"pgaptmp_002473",2572.15337244069,0.735755774732191,0.102567590278233,7.17337487150009,7.31711315511094e-13,1.78001929172045e-12
"pgaptmp_002474",3590.22400323679,1.62670546402333,0.090253264807874,18.0237852612442,1.26765728633689e-72,1.05317420083614e-71
"ccpN",2042.93355703166,1.67797777785807,0.108300997439698,15.4936502666318,3.82918072806502e-54,2.47005384226309e-53
"glyS",14930.9640874811,1.56640635362319,0.0981632446544678,15.9571574792266,2.54040786329081e-57,1.72543760349788e-56
"glyQ",3103.2999305555,2.31903152668571,0.113249267796959,20.4772319662448,3.4363964770979e-93,3.62330529398254e-92
"recO",4971.25162249111,0.623113170814972,0.118225414575283,5.27055179339795,1.36014237395995e-07,2.63394896767894e-07
"pgaptmp_002479",2330.86768052507,1.187121563876,0.111139437759616,10.6813709679154,1.24420447530702e-26,4.62168568572128e-26
"era",11344.0795473521,1.60815093912918,0.0942617070816263,17.0604902978958,2.92093309005488e-65,2.18746739661655e-64
"pgaptmp_002481",3699.67869780276,1.88492086978588,0.117454161225474,16.0481403989379,5.89025958119012e-58,4.06744826738212e-57
"pgaptmp_002482",1688.71097278864,1.51179478351116,0.129702349748069,11.655878142899,2.14161131740498e-31,8.9663411961545e-31
"ybeY",539.799797217819,2.09230118022665,0.236104889452728,8.86174439282656,7.87720412626402e-19,2.33803458994854e-18
"pgaptmp_002484",8689.65733486823,0.0384485419092747,0.0809455306120935,0.474992771293667,0.634792125658448,0.681481480155968
"pgaptmp_002485",5079.17306597052,-0.481120472005956,0.0971458449703538,-4.95255841516208,7.32440587388859e-07,1.36375381003568e-06
"yqfD",138.935542250835,0.959492880581144,0.347607377176391,2.76027766837139,0.00577522527334728,0.00833154591759634
"yqfC",29.0800097187961,0.723247699356831,0.68105518136653,1.06195168782894,0.288257618269687,0.33952368835436
"pgaptmp_002488",62963.4056492006,0.939995966972333,0.0996626043894877,9.43178208848295,4.03179761173228e-21,1.27713623071213e-20
"floA",139822.43801822,0.866414591104663,0.0903237456828668,9.59232353081003,8.61232825249706e-22,2.79468925508231e-21
"pgaptmp_002490",135492.614315357,-0.184231206946748,0.0892568384729316,-2.06405705264386,0.0390123073240629,0.0518974064564069
"pgaptmp_002491",151276.080538287,-1.71804221546021,0.121988421526886,-14.0836498575526,4.78720647576457e-45,2.63579622822422e-44
"rpsU",58571.5565773864,-1.46076203138821,0.137168218639665,-10.6494204406457,1.75453978479898e-26,6.49144838868968e-26
"pgaptmp_002493",146.699345870466,-0.868377903806084,0.421886830103745,-2.05831953463099,0.0395594701921761,0.052548304088251
"mtaB",10556.6846360345,1.20163328296648,0.0793193685236394,15.1493047074417,7.65723911665143e-52,4.80611197169926e-51
"pgaptmp_002495",1592.60046851912,0.588765520365746,0.142109369963133,4.14304504001734,3.42724603429961e-05,5.77204060618241e-05
"prmA",3520.84159808792,1.05956109952804,0.122973252991385,8.61619151932387,6.92179413491459e-18,1.99557844850132e-17
"dnaJ",6566.95418117259,1.93106405397951,0.116216300149023,16.6161205571278,5.32701037485591e-62,3.84992866314829e-61
"dnaK",61592.0239958457,2.61270584468782,0.0945434117538259,27.6349858358278,4.22870354624086e-168,8.84226662871263e-167
"grpE",8127.66850630746,2.72667582273903,0.0988106401392531,27.5949616245411,1.27892962305214e-167,2.65931623296092e-166
"hrcA",6281.37322129619,0.347005444570489,0.123736019230764,2.80440123035909,0.00504101299475348,0.0073348906827492
"hemW",2946.14829257676,0.804657507240893,0.1110359318392,7.24682086161245,4.26667672887303e-13,1.05030230058634e-12
"lepA",8760.95789127144,0.959223784326204,0.0967567076270792,9.91377040259839,3.6269468966583e-23,1.23058307651433e-22
"pgaptmp_002503",77.5715517819816,0.22182864738923,0.428724462681318,0.517415418756081,0.604866198587563,0.653311663129108
"spoIIP",151.836123347442,0.499943122356567,0.328109508001911,1.52370812233108,0.127581639568899,0.158975179938213
"gpr",120.968389370255,0.766231797775593,0.329422549902172,2.32598466013677,0.0200193690387147,0.0273769656354442
"rpsT",9480.65871073643,-0.320969688735132,0.110710862085777,-2.89917071087794,0.00374151122159283,0.00551302643181652
"holA",1493.5773535663,-1.5297481688214,0.155955339016537,-9.80888617515804,1.03100252139523e-22,3.45399764593433e-22
"pgaptmp_002508",18.7790828009109,0.11460128658344,0.766428340668291,0.149526420804732,0.881138262924936,0.903968195867313
"pgaptmp_002509",461.006093438569,0.824572084846226,0.182187208596804,4.52596036350212,6.01218485128902e-06,1.06406809398468e-05
"pgaptmp_002510",915.777164874244,-1.19598036594332,0.181638573732432,-6.58439637224355,4.56737152846004e-11,1.03720297919026e-10
"pgaptmp_002511",1427.03088582023,-0.943222805611666,0.117841325206867,-8.00417683657125,1.20268455841219e-15,3.2367259048519e-15
"pgaptmp_002512",495.438018717663,0.199165061025062,0.252878019752961,0.787593406574555,0.430934572612593,0.485600508405713
"comER",11.5482184585725,1.60167415386615,1.0853896705817,1.47566740063756,0.140033201452991,0.173618779416399
"pgaptmp_002514",8778.33338419009,1.21135213590094,0.0828869304919828,14.6145131531697,2.26971041137652e-48,1.32411632463063e-47
"rsfS",4711.23093640397,1.07951809031661,0.1020557436281,10.5777298948549,3.78005778291646e-26,1.38888204027789e-25
"yqeK",3266.50489601814,1.08080995705727,0.100717947198975,10.7310562527854,7.27596918976044e-27,2.72446250747368e-26
"pgaptmp_002517",5758.90245253701,0.749469362533076,0.0864060149160361,8.67381007284462,4.17897107984135e-18,1.2113808690942e-17
"yhbY",2375.50483434668,0.932457988836949,0.116342068442502,8.01479637864424,1.10319628251928e-15,2.97112631225525e-15
"aroE",5807.42485037321,0.914816398085859,0.0806550138631402,11.3423376212937,8.09527140180493e-30,3.28220045288867e-29
"yqeH",5765.40951144659,0.474726028878222,0.0923776475305821,5.13897075286596,2.76247386895668e-07,5.27278345654192e-07
"pgaptmp_002521",705.952450092791,-0.96278162442648,0.212387505261142,-4.53313683986582,5.81141397797048e-06,1.03049465583641e-05
"pgaptmp_002522",482.053814722268,-0.360348637303133,0.169102078720749,-2.13095332729886,0.033092987428074,0.0442587492660049
"pgaptmp_002523",1053.96880978288,-0.866295510757597,0.13561481648739,-6.38791197891086,1.68166082539879e-10,3.73680095052794e-10
"pgaptmp_002524",84.8467099191578,0.0441703741983565,0.386881738382141,0.114170222619108,0.909102856438971,0.928052888553442
"pgaptmp_002525",20.3441156442733,-0.825857551583865,0.835788742835425,-0.98811758194078,0.323095065967122,0.375682547806819
"pgaptmp_002526",21.4466015142447,-1.16945668564873,0.743715203065211,-1.57245230543739,0.115845691982669,0.145031169041203
"pgaptmp_002527",10.2641028473694,0.379115968837202,1.02189420343519,0.370993364638696,0.710642473870318,0.750357812126333
"pgaptmp_002528",687.352381515532,0.0124905934932147,0.159527473305414,0.0782974445367263,0.937591450188524,0.948034604075438
"pgaptmp_002529",136.675103388956,-0.097516440151563,0.297403943929798,-0.327892222487075,0.742993154501385,0.780971624132775
"pgaptmp_002530",195.010961246346,-0.489692676842417,0.333836801153572,-1.46686247636655,0.142413469939976,0.176276333593812
"sigK",32.8455760485511,0.123368093012222,0.61895858083753,0.199315587232492,0.842015886940977,0.871519224470055
"pgaptmp_002532",1861.04991616987,-0.542497780811163,0.123955605395934,-4.37654899976761,1.20573095572779e-05,2.08537668086378e-05
"pgaptmp_002533",3567.23101295182,-0.285344679046225,0.101014284199355,-2.82479533768796,0.00473108247864124,0.00691094544172005
"pgaptmp_002534",8880.23531097489,-5.2258163140659,0.128718338758637,-40.5988483417654,0,0
"pgaptmp_002536",718.669576727136,1.83112582889968,0.234069514633566,7.82300006801951,5.1579076923959e-15,1.36444438031965e-14
"pgaptmp_002537",307.640382603834,1.62160407944501,0.204596960229836,7.92584639392183,2.26597556303431e-15,6.04585021190948e-15
"pgaptmp_002538",15.0374342041149,3.56079708313326,1.15194834910915,3.09110828266473,0.00199410899420073,0.00301465218375918
"pgaptmp_002539",26.7878401812059,1.81229105740354,0.925694632369297,1.95776338549681,0.0502577836445888,0.0660754047068738
"pgaptmp_002540",1073.32150758681,0.376851813107601,0.139938680297118,2.69297818378357,0.00708169027000822,0.0101299197482593
"pgaptmp_002541",1184.84059062789,1.26117470696496,0.177059044628575,7.122904732772,1.05675867415118e-12,2.55738347541656e-12
"pgaptmp_002542",646.692336757027,0.97963612736275,0.156841443100412,6.24602852407813,4.21020321511252e-10,9.21244936310923e-10
"pgaptmp_002543",2719.9733952955,-0.217222841079615,0.101729832908806,-2.13529143682308,0.0327372119609792,0.0438144203231803
"pgaptmp_002544",657.721084446523,0.0386180247336295,0.164830988465534,0.234288619470995,0.814760920432516,0.847788690480801
"pgaptmp_002545",1863.77116369095,-0.524551034561428,0.114643961342663,-4.57547897349414,4.75131687369138e-06,8.46954090224106e-06
"pgaptmp_002546",668.848603670822,-0.73420180043529,0.153715161629468,-4.77637854751824,1.78480266467189e-06,3.2563899597592e-06
"pgaptmp_002547",362.677903199861,0.49863127957612,0.222848568023395,2.23753414257423,0.0252514504140623,0.0341518526312282
"pgaptmp_002548",180.504895291591,0.467907762450829,0.254882178580497,1.83578061462251,0.0663901096217262,0.0860090456011364
"pgaptmp_002549",281.916385135788,-0.462729657991139,0.235280498386746,-1.96671488357067,0.0492160900403959,0.0647974132049358
"pgaptmp_002550",1751.31876988359,-0.31847872787247,0.11302869100084,-2.81768040532385,0.00483719316571769,0.00706040508345147
"ybaK",901.745721512241,-0.854412589960055,0.139096407461845,-6.14259279266019,8.11852210659909e-10,1.75987998140721e-09
"pgaptmp_002552",714.921109957969,-1.67835534288695,0.171603830012163,-9.78040724829971,1.36659548860007e-22,4.55776739119129e-22
"pgaptmp_002553",6192.45911960503,-2.49793169830621,0.100790231163265,-24.78347027759,1.35147729330747e-135,2.07859441557455e-134
"pgaptmp_002554",198.041162769813,-2.32307981926175,0.318123132699002,-7.3024548688189,2.82564104188972e-13,7.02071826295964e-13
"pgaptmp_002555",715.32824664704,-2.29021686901111,0.175245734009691,-13.0686026792781,4.97713687005605e-39,2.4732848371627e-38
"pgaptmp_002556",963.483412438299,-1.0820860236711,0.196574484891312,-5.50471249750139,3.69771207529242e-08,7.40736509377738e-08
"pgaptmp_002557",1157.87140878129,-2.32658858853645,0.15348183164067,-15.1587231118237,6.63466811077908e-52,4.17132343045941e-51
"pgaptmp_002558",286.930913205087,-1.1688852844513,0.268611325050854,-4.35158601086534,1.35156281011022e-05,2.33326381225893e-05
"pgaptmp_002559",542.268220323004,-0.638716773368947,0.169160267506642,-3.77580848495566,0.000159489501592042,0.00025978990149916
"pgaptmp_002561",1679.54412027581,-1.38259346358917,0.148140980167329,-9.33295744383148,1.02957176295189e-20,3.23381105629279e-20
"pgaptmp_002562",1161.84959672707,-1.68076398195078,0.134093879688132,-12.5342333733636,4.85028976774508e-36,2.23702336004302e-35
"pgaptmp_002563",5689.42835343094,-1.69343789628831,0.098747744274809,-17.1491299241791,6.38005622685314e-66,4.82653847080232e-65
"pgaptmp_002564",2343.72524600973,-1.21468710117005,0.117269920851176,-10.358044862259,3.84745922490672e-25,1.36774051911202e-24
"mtnN",7835.42846463366,-0.704206642985746,0.103378468198957,-6.8119276214314,9.6299557676577e-12,2.26236353680295e-11
"pgaptmp_002566",2115.88898348283,-1.42780635538074,0.11516814672154,-12.3975803729218,2.6933409878268e-35,1.2195395567751e-34
"pgaptmp_002567",172.86975697142,-1.28982837359369,0.275394357452324,-4.6835686305482,2.81922999026622e-06,5.10368386370179e-06
"pgaptmp_002568",4130.9016810739,-1.91267813726756,0.137523136771857,-13.9080461816442,5.66046674018378e-44,3.06670410581718e-43
"pgaptmp_002569",1468.25592412865,-2.58559587470329,0.141015787237602,-18.3355064376355,4.30983808874541e-75,3.71324476072001e-74
"greA",5294.28110533002,2.03828775465846,0.0973077808192915,20.9468116269523,2.00621787082193e-97,2.25593441546804e-96
"udk",5092.42252219895,0.612674404382711,0.094249633206819,6.50054948265182,8.00271599736979e-11,1.799764890768e-10
"pgaptmp_002572",7960.89096200001,0.32615582143288,0.0940038490656914,3.46960070970027,0.000521232615358312,0.000820307735460312
"pgaptmp_002573",3735.28682534138,-0.156630194188494,0.0946205114308769,-1.65535138015944,0.0978532422597271,0.123965203434549
"pgaptmp_002574",1987.10977973065,-1.45200115941494,0.113098810510283,-12.8383415604792,9.99936220107596e-38,4.79608583922741e-37
"mltG",13268.9314695134,-1.55896198513296,0.0872238250079135,-17.8731210766269,1.91002724139693e-71,1.55560643161474e-70
"pgaptmp_002576",4878.46804516938,0.19201326073304,0.105466865433909,1.8206027072395,0.0686672710146328,0.0887121078502128
"ruvX",6035.52368851718,0.540620770040414,0.112579471293155,4.80212567913601,1.56990103946236e-06,2.87198998970048e-06
"pgaptmp_002578",4734.55480251962,0.210134664066729,0.118029457354363,1.78035779183358,0.0750174247201296,0.0962477955216555
"alaS",11480.3499263642,2.01933612053894,0.0840184505591061,24.0344365684102,1.21437981655733e-127,1.77251830479466e-126
"pgaptmp_002580",163.549340212315,0.288422225730838,0.312375719615951,0.923318323477371,0.355841341703482,0.410170787804385
"pgaptmp_002581",25.3669490093142,2.01861669907321,0.72785043307075,2.77339492752213,0.00554747518014695,0.00801541250796078
"pgaptmp_002582",49.8321192393939,2.98690907151007,1.68461629312053,1.77305009081755,0.0762204070210229,0.0976229714150885
"pgaptmp_002583",12.6102088423835,1.15040862096245,0.963864696633465,1.19353745912734,0.232658950796885,0.278711494968139
"pgaptmp_002584",19.5485975799718,2.22574162485225,0.873034194018173,2.54943235912466,0.0107898439691539,0.0151947783780517
"pgaptmp_002585",7.77523715745369,-0.562250270706168,1.25582974710244,-0.447712177549099,0.654360931955391,0.699583931689597
"pgaptmp_002586",43.2625351784965,-0.536782909394656,0.612057585417919,-0.87701373560812,0.380479177519,0.435148244099767
"pgaptmp_002587",124.14429930136,-0.571024954694195,0.363889215799457,-1.56922747336622,0.116594944796045,0.14592010239774
"pgaptmp_002588",6399.77756194867,0.755189968053631,0.0871858486708767,8.66184110800417,4.64205096240398e-18,1.34456915813756e-17
"pgaptmp_002589",1880.31286943466,0.214778889689477,0.105471494126896,2.03636908216233,0.0417133076468879,0.0552909298652837
"mnmA",7288.29638458483,1.09794221181401,0.094415013651254,11.6288942759627,2.93879556028117e-31,1.22488209130644e-30
"pgaptmp_002591",3679.235268674,0.858203247978686,0.111626163498474,7.68819084237739,1.49230103139232e-14,3.88959694596794e-14
"cymR",650.308014249481,0.933970983845928,0.176529226400571,5.29074421776828,1.21819635718922e-07,2.36769025663619e-07
"pgaptmp_002593",2737.59938780593,-0.246926504686046,0.119879347480315,-2.05979186470458,0.0394184426421238,0.0523824663478011
"pgaptmp_002594",5037.85057342951,0.312067787491607,0.0919734398142226,3.39302072556984,0.000691264078377069,0.00107923024317091
"aspS",33648.5379236895,1.69526796135891,0.0782311406046079,21.6699890639082,3.93849506989298e-104,4.71353011258575e-103
"hisS",4774.20898806579,2.20690246198401,0.120096925233971,18.3760113565318,2.04461203788899e-75,1.76977814070298e-74
"pgaptmp_002598",13.5829135856437,0.781447035536307,1.10041579508138,0.710137966965946,0.477618584216983,0.532722915929161
"pgaptmp_002599",6683.21702124575,-0.899406416533532,0.0920759759547057,-9.76808996274958,1.54334153356754e-22,5.11971228871512e-22
"dtd",3179.15459722647,0.361224634961293,0.0952253327102834,3.79336700308829,0.000148618247517416,0.000242825775794479
"relA",17340.5495148531,0.0912089415107833,0.0767423061609679,1.18850926006148,0.234632833756182,0.280804954096626
"pgaptmp_002602",2210.6263932632,-0.274165846506837,0.10470858588721,-2.61837025286697,0.00883508833178932,0.0125560132764108
"recJ",5719.86679385715,0.370555333244078,0.103935530700622,3.56524213371686,0.000363520424043389,0.000578462171137022
"pgaptmp_002604",773.940774362801,0.659960118985282,0.179038990193516,3.68612511873508,0.000227694439464146,0.000366715146553678
"pgaptmp_002605",1051.32763537153,0.132309750123426,0.152981255659443,0.864875566310985,0.387107089685243,0.441425425186419
"secDF",31542.4602291698,0.792597945973954,0.084975566474244,9.3273628980654,1.08537715362456e-20,3.40621734046427e-20
"pgaptmp_002607",658.85229654519,1.13478755839338,0.183460430705845,6.18546219491254,6.19207739695216e-10,1.34619813501495e-09
"spoVB",42.6320019657559,-0.735625389268153,0.536111707175717,-1.37214945956598,0.170016915129636,0.20822736364347
"pgaptmp_002609",70.9631422301638,0.0365315134678119,0.471234176861768,0.077523055969958,0.938207450451745,0.948399818191579
"pgaptmp_002610",55.9717456929341,0.063502999651422,0.630041775403878,0.10079172862897,0.919715793000932,0.933764915861831
"yajC",3063.91990153887,-0.0468802686803467,0.120608552522926,-0.388697714214218,0.69749977345762,0.739865577079596
"tgt",10395.9525518126,0.26405082594759,0.080139485996172,3.29489043591074,0.000984600605962722,0.0015231435807952
"queA",6422.00516752941,-0.494459661861252,0.0826103081313196,-5.98544749494513,2.15795728453866e-09,4.58966686460164e-09
"pgaptmp_002614",837.746744701643,-0.981119329601793,0.143420172892212,-6.84087398457645,7.87114741855195e-12,1.85303040429161e-11
"ruvB",5647.05148804612,-1.21577783870726,0.0954380077207566,-12.7389272653775,3.59301144814234e-37,1.70576385331451e-36
"ruvA",1658.07839400992,-1.96253904577527,0.134645055646056,-14.5756488150166,4.01291865094989e-48,2.32649271321425e-47
"pgaptmp_002617",4.72765457880938,0.994948164301321,1.72427072061196,0.577025493971274,0.563922233674331,0.61479746740945
"pgaptmp_002618",31.7002040907123,0.436496895860581,0.623370792226263,0.700220320399848,0.483789723233806,0.538315500710382
"safA",211.795809188568,1.12114395176179,0.254512947548725,4.40505664862946,1.05756237435584e-05,1.84022775004789e-05
"nadA",221.490123874493,1.17991561173305,0.251281360752819,4.69559544009995,2.65831211041754e-06,4.8170582643496e-06
"nadC",44.4336409789475,1.08101677552613,0.644071026547685,1.67841236597854,0.0932666251941621,0.11851771217913
"nadB",113.262112531207,0.0824955900860258,0.38199351516337,0.215960708261616,0.829018375091533,0.86117956798512
"pgaptmp_002623",54.3192072354147,1.43423608648986,0.481053747094737,2.98144665778357,0.00286890021337418,0.00428321163023614
"pgaptmp_002624",160.802138579556,-0.132043178135417,0.319234219845114,-0.413624761779867,0.679148935913105,0.722845964960988
"pheA",7878.78635013001,0.383272596319859,0.0884296778922779,4.33420776209034,1.46285972285063e-05,2.52049878743587e-05
"thrR",3839.59873049275,0.324939089696493,0.112428531864481,2.89018351754489,0.00385016989834008,0.00566640267363455
"obgE",14705.8773431337,0.0725947417607883,0.0826198078396659,0.878660259070894,0.379585512437044,0.434713008397131
"pgaptmp_002628",3866.00977007231,-0.54451716677227,0.100244234877582,-5.43190506104651,5.57555856901297e-08,1.10678554633953e-07
"rpmA",72611.9619283995,-2.36696320280609,0.109658439871143,-21.5848703080898,2.49186777766502e-103,2.93504173052823e-102
"pgaptmp_002630",91283.2672041832,-3.28805071507889,0.0718616478455339,-45.75529247738,0,0
"rplU",96837.0677615131,-3.44149425879088,0.0895994188095259,-38.4097832833821,0,0
"pgaptmp_002632",191.01335659993,-1.6053573122863,0.26042371264362,-6.16440529163014,7.07485253979202e-10,1.53453386673111e-09
"pgaptmp_002633",173.0059509556,-1.0645376698622,0.351250568994892,-3.03070731787962,0.00243981625138955,0.00365874137295404
"minD",12557.5120369526,-0.0694153313141082,0.099293588435768,-0.699091778307642,0.48449467629546,0.538938788156516
"minC",10629.7418924279,0.0753721396438035,0.0813565874752839,0.926441754537719,0.354216453294992,0.408804229198127
"mreD",5581.74366060876,-0.31956166915406,0.0909294133413102,-3.51439272960622,0.000440760648052736,0.000697496229614066
"mreC",9777.38968874706,0.50676338788268,0.0813290636353456,6.23102449764884,4.63394628815795e-10,1.01158639791929e-09
"mreB",9101.97507582255,0.362488028109073,0.0908135081118218,3.99156508371782,6.56386686043695e-05,0.000109358605436644
"radC",8293.19024440089,-2.36078893628886,0.108402729739967,-21.7779473077093,3.75524531446651e-105,4.53799450014427e-104
"pgaptmp_002640",5293.62490306132,-1.98099232796418,0.0851554917620665,-23.2632363101053,1.04502339114284e-119,1.40926705138901e-118
"pgaptmp_002641",81.5017801158985,1.34855395399713,0.450293492902373,2.99483331483429,0.00274594854864162,0.00410788605226853
"pgaptmp_002642",76.4858694231751,-1.30975893806045,0.470959886931707,-2.78104138888239,0.00541848285538938,0.00784731252441995
"pgaptmp_002643",4136.8896029072,1.21500954094313,0.115654422828285,10.505517309503,8.14748561967453e-26,2.9556473173907e-25
"pgaptmp_002644",11823.1194711726,1.31041367390822,0.093023651661376,14.0868870497406,4.57278648588139e-45,2.52146834080749e-44
"pgaptmp_002645",0.579648722010571,3.47901271061761,4.86026311579235,0.715807483614072,0.474110230846396,0.529444428205906
"ysxE",542.295928026496,-0.275193648168635,0.228807190990425,-1.20273164045859,0.22908018567953,0.274955321218707
"pgaptmp_002647",480.130794471997,0.397525339350712,0.180504198144331,2.20230522856234,0.0276437551142673,0.03726550399685
"hemL",36703.0271241898,1.33103635239511,0.110701887840752,12.023610241497,2.67043502134393e-33,1.16522381587832e-32
"hemB",14429.3813395239,1.35017436054029,0.111983537255769,12.056900448291,1.7837016443235e-33,7.81971439360668e-33
"pgaptmp_002650",6564.62368056331,0.798887429247625,0.0980931886664975,8.14416821501976,3.81897999679189e-16,1.04439702777806e-15
"hemC",10405.0736886853,0.64476309093111,0.0969775136123715,6.64858343871643,2.95927207072233e-11,6.76976683910787e-11
"pgaptmp_002652",7211.26114216533,-0.150773412895471,0.0953513056728447,-1.58124119886499,0.113822898627081,0.142738823682613
"hemA",17840.2683928543,-0.0268210985763087,0.110866065296573,-0.241923428098225,0.808839496256885,0.842569438865974
"pgaptmp_002654",1159.84472008239,-1.46235543707106,0.154602514675351,-9.45880757594305,3.11474781200139e-21,9.92559191461401e-21
"yihA",5674.64346727242,0.77332323295132,0.116664714432504,6.62859577304948,3.38895213910086e-11,7.73845390290392e-11
"lon",16099.6140352605,0.56652117968605,0.110376086883453,5.13264417757664,2.85699718364788e-07,5.45040672349432e-07
"lonB",537.558752406511,-0.29094603514686,0.162293288671029,-1.79271760113638,0.0730180906688262,0.0938767991258622
"clpX",50795.506789535,-0.0547655679674487,0.0821813264803131,-0.666399172573201,0.505155991240335,0.558417166437935
"tig",44956.4337224515,1.45604673219339,0.128809173321246,11.3039055732626,1.25509203770769e-29,5.05568459345024e-29
"ddcA",1405.69897938204,-0.809491758521078,0.177908397505665,-4.55004805771072,5.36336647799868e-06,9.52861576664014e-06
"leuD",13377.1260647757,-3.04074806714745,0.120580437362098,-25.2175902963116,2.56917115269824e-140,4.12174785790639e-139
"leuC",28198.8707119357,-2.57707783730863,0.0846188104687725,-30.455141392701,1.02412011057646e-203,2.52435433878514e-202
"leuB",17380.4529655886,-2.54069288063321,0.107470101481558,-23.6409275287526,1.46328971785042e-123,2.05523182258085e-122
"pgaptmp_002664",22463.5204714559,-2.13203132002948,0.0740183921941416,-28.8040749985141,1.9071476729322e-182,4.27614677027328e-181
"ilvC",14587.5354518073,-1.5141552590595,0.0775652148075621,-19.5210606045003,7.27131310894701e-85,7.02956555623396e-84
"ilvN",3906.45013675346,-0.9105929678898,0.0940940960719709,-9.67747187021494,3.75896065536411e-22,1.23267414619077e-21
"ilvB",8178.6015354386,-1.10492729578815,0.0862912847539523,-12.8046221462422,1.54475902687904e-37,7.37127320262024e-37
"pgaptmp_002668",2.89202678319742,-4.25515485965756,2.45032685274087,-1.73656622784746,0.0824637649869577,0.105293356185748
"pgaptmp_002669",553.342321573846,-2.1080796861012,0.242551828288661,-8.69125457010521,3.58458812452093e-18,1.04233101558335e-17
"pgaptmp_002672",3127.7085646281,0.717267267063532,0.119886122106352,5.9829048972594,2.19192762339795e-09,4.65925449131191e-09
"pgaptmp_002673",3432.06887925464,1.1666247312201,0.0984814884693183,11.8461321955299,2.25354130660907e-32,9.68554358337062e-32
"rph",2387.64218329551,1.46271932530249,0.119570762915775,12.2330851592276,2.06927263511411e-34,9.24589765653629e-34
"pgaptmp_002675",217.189021141803,-1.67012835309753,0.266304806093548,-6.2714915949014,3.5760560681137e-10,7.84330034503193e-10
"racE",5627.58957480625,-2.10062075440866,0.103194611291396,-20.3559151793016,4.11494437477607e-92,4.29014648821192e-91
"pgaptmp_002677",5220.70548580508,-2.69044796318426,0.106297833602302,-25.3104684452007,2.44985117090617e-141,3.99927458689157e-140
"gerE",595.894084196468,1.16931204372222,0.160047798509527,7.30601766854425,2.75176005701259e-13,6.84171738957974e-13
"pgaptmp_002679",2286.65057017042,0.45790514962797,0.11277959096022,4.0601774286403,4.90354390912565e-05,8.22487175744285e-05
"sdhB",41909.0381815316,1.2790290553209,0.088283396786205,14.4877644254935,1.44778631323731e-47,8.32868726100351e-47
"sdhA",77092.868258255,0.741697835398136,0.0919380769888359,8.06736294351905,7.18327709427771e-16,1.94586297997828e-15
"sdhC",8729.38810742839,-1.06364164142169,0.0933678005842874,-11.3919534868072,4.58591468188921e-30,1.86748079277808e-29
"pgaptmp_002683",1133.14644035025,0.457998498153598,0.135097637171163,3.39012959622184,0.000698595898172413,0.0010893501461261
"pgaptmp_002684",1671.42568437576,-2.36014155822396,0.143379762993595,-16.4607717919675,7.01996385022996e-61,5.03435557814179e-60
"uvrC",6731.57739055099,-0.712097189058775,0.11530677580061,-6.17567514237103,6.58813269689872e-10,1.43063184934989e-09
"trxA",6674.09098511513,1.28923117304273,0.127055959028798,10.1469555847477,3.41861722631242e-24,1.18253655356272e-23
"pgaptmp_002687",1720.80093870861,-0.254106731093949,0.109567595050306,-2.31917777311148,0.0203853991325259,0.0278438369068849
"pgaptmp_002688",19576.5552423349,4.62905527825493,0.127707010577983,36.2474640765963,1.08945248176179e-287,3.89898282415134e-286
"pgaptmp_002689",17412.2708405244,4.40352828401506,0.114127304595584,38.5843536708343,0,0
"pgaptmp_002690",10088.3870123606,4.23397966702261,0.145126233254774,29.1744612401654,4.09006780290011e-187,9.39705701382358e-186
"pgaptmp_002691",10544.8801271493,3.82712774279117,0.116833866426278,32.7570066784194,2.41310805496801e-235,7.07211667763065e-234
"pgaptmp_002692",9939.38982205428,2.29452679955913,0.08569573197032,26.7752751135124,6.27206541797192e-158,1.20333131369544e-156
"pgaptmp_002693",1172.25717424324,1.11606130805188,0.150210150797199,7.429999251906,1.08598293519317e-13,2.74407907996537e-13
"pgaptmp_002694",2296.15340896112,-0.894530394433253,0.108940060968036,-8.21121620902819,2.18959201813872e-16,6.02340095455455e-16
"pgaptmp_002695",14913.6369829393,-0.340478634762271,0.0935427617824262,-3.63981807116407,0.000272830736280997,0.000437516587866382
"polX",10516.8524402128,-0.523532547839555,0.084125578391407,-6.22322672664122,4.87032766759949e-10,1.06256503978929e-09
"pgaptmp_002697",1979.97842560267,-2.10248143646822,0.110412039599712,-19.0421392820072,7.63446989821386e-81,7.05099180177468e-80
"zapA",606.27468434085,-2.96599612796859,0.205524101783587,-14.4313786180257,3.28449673282295e-47,1.8749841778477e-46
"rnhC",2747.38655504578,-0.147945258389119,0.125365750133078,-1.18010906672734,0.237956839002521,0.284052390881136
"pgaptmp_002700",619.254711555182,-3.44073338251108,0.197139850161076,-17.4532616297505,3.25125594564425e-68,2.54226357766553e-67
"pheT",19707.9735091291,0.876460956317075,0.0777203579827096,11.2771091007077,1.70249051182547e-29,6.80630471000471e-29
"pheS",2469.91363497568,1.25409200938075,0.138680224172617,9.04304861679318,1.52362072706595e-19,4.61050109442234e-19
"pgaptmp_002703",1553.5846161795,-0.97610218746187,0.117449578969555,-8.31081895759618,9.5043835124194e-17,2.64389502490471e-16
"sspI",7.49703437011004,-0.281856681585114,1.30285366580969,-0.216337942611496,0.828724335333882,0.861114454526161
"pgaptmp_002705",3194.47663804495,0.997185408925862,0.12954042333805,7.69787054287757,1.38352430207715e-14,3.61113425829675e-14
"glcD",10082.3818303123,2.51238948982864,0.128375360624295,19.5706518572629,2.75139851759178e-85,2.68081290117188e-84
"pgaptmp_002707",8920.66559714935,2.59808597225884,0.100399772576151,25.8774089382347,1.1962749116017e-147,2.13039962726389e-146
"cstA",3121.01550813584,1.06769569131871,0.134365873985758,7.94618201517356,1.92347745952986e-15,5.14309131061073e-15
"pgaptmp_002709",887.81641075204,4.50632503999098,0.213491292813759,21.1077696921444,6.74828865460819e-99,7.6576616989182e-98
"pgaptmp_002710",467.60117362549,3.66483339122755,0.193354384292176,18.9539709929186,4.09484957207574e-80,3.74472484208007e-79
"pgaptmp_002711",628.185467810037,3.97586292305274,0.256512590406979,15.499679437741,3.48627189183113e-54,2.25276110788116e-53
"pgaptmp_002712",995.038449919873,3.48939646496913,0.171955088805059,20.2924873536309,1.49820240539653e-91,1.54897482024608e-90
"pgaptmp_002713",995.277948272785,2.77201963412645,0.158015804128308,17.5426733383933,6.76678638848903e-69,5.33601248685512e-68
"pgaptmp_002714",672.796330852858,2.61809527342702,0.217039237752492,12.0627739967123,1.66092750934975e-33,7.29006154457519e-33
"araD",584.557130314691,2.19020527166383,0.207579341626637,10.5511716845275,5.01675329864305e-26,1.83783029306589e-25
"araB",1159.73909758104,1.76847711963075,0.138936745717161,12.7286493612777,4.09867939970801e-37,1.94334837270232e-36
"araA",912.750984407174,0.776090709829709,0.154873506913915,5.01112633977541,5.41123720784746e-07,1.01771727577606e-06
"pgaptmp_002718",2635.54477682065,0.736585972755297,0.119115383825674,6.18380220168117,6.25757671066408e-10,1.35964392977768e-09
"pgaptmp_002719",13600.3566757774,0.946181720536169,0.077632338564046,12.1879842606516,3.60221486352238e-34,1.60376121076918e-33
"pgaptmp_002720",466.826825555599,-0.992781807698748,0.207072017421496,-4.79437936646908,1.63179221295246e-06,2.98307004745042e-06
"pgaptmp_002721",270.797358385648,-1.75686674642074,0.241969591670991,-7.26069228074563,3.85114166595128e-13,9.50527140628029e-13
"rplT",31737.3532110033,-1.03224650272583,0.0973947314341431,-10.5985866743091,3.02517294368887e-26,1.11482115806039e-25
"rpmI",16339.8646626517,-1.41523889969335,0.0995431606177627,-14.2173394024302,7.15208040371419e-46,4.00301402445477e-45
"infC",40221.4730580057,-2.02429390682383,0.0746348229151454,-27.1226463433203,5.32438689180059e-162,1.07120908169091e-160
"lrgB",78713.1400053902,-4.96369697443245,0.114394021464237,-43.3912271891258,0,0
"lrgA",52579.7966103246,-6.01894344169792,0.0963649331672212,-62.4598932814419,0,0
"pgaptmp_002727",2176.12758961729,-2.21611317671401,0.117816456982482,-18.8098779531583,6.26819144215723e-79,5.64896090743565e-78
"pgaptmp_002728",11540.5383862235,-3.19062523149361,0.0844327374998444,-37.7889587140236,0,0
"pgaptmp_002729",2526.24764829063,-1.11647225107857,0.113016006615502,-9.87888604909727,5.14011087958995e-23,1.73449616444549e-22
"ytxC",1167.56249626652,0.854555099371022,0.150214170247517,5.6889113587814,1.27851808962867e-08,2.61751613289214e-08
"pgaptmp_002732",1842.16469166201,0.472457004704032,0.159787034208265,2.95679187641869,0.00310857863227834,0.00462250486190171
"dnaI",3065.06039243399,-0.388074120429207,0.0972273613018877,-3.99140854213095,6.56820184073411e-05,0.000109381866895805
"pgaptmp_002734",3407.27271395781,-0.969041801259296,0.124712980724143,-7.77017593222916,7.83771881724585e-15,2.06162469525011e-14
"nrdR",1257.72183145043,-1.12998218615563,0.129958773704759,-8.69492804481773,3.47049648152076e-18,1.01073457779501e-17
"speD",19875.1310349083,2.7649069667982,0.117911874779531,23.448927192176,1.35564376877922e-121,1.85503901007215e-120
"pgaptmp_002737",32362.287750376,5.79806048668859,0.107227678374097,54.0724239730365,0,0
"pgaptmp_002738",120.35074355783,-1.84616290065852,0.35014671483197,-5.27254097341588,1.34547785967303e-07,2.60826489255365e-07
"pgaptmp_002739",73.6121749352786,-2.23886416178922,0.512088884069854,-4.37202257544769,1.23100792844474e-05,2.12810567100387e-05
"pgaptmp_002740",203.389943582178,-0.224360179019056,0.295352995524896,-0.759634005473102,0.447473386628906,0.502412049783646
"coaE",2684.64316312766,1.02134961780113,0.115133959705428,8.87096752699438,7.2513098956619e-19,2.15742409525608e-18
"mutM",5286.68376228119,0.774251306017825,0.107758920810151,7.18503210868169,6.71913941750642e-13,1.64314302969506e-12
"polA",10073.3084243785,0.170165210268679,0.0748724239667166,2.27273542451789,0.0230421285456358,0.0313002928638162
"pnpS",7404.19044402503,1.62205412279506,0.0904408434131062,17.9349734210904,6.28937602614482e-72,5.16756237733135e-71
"pgaptmp_002746",2616.60211587471,2.06722741588439,0.144810949442328,14.2753529608455,3.11705623237269e-46,1.75252013548205e-45
"mdh",170565.577407727,2.62360217921555,0.102023516605801,25.7156611191186,7.81005596854518e-146,1.36474311337677e-144
"icd",199065.917254105,2.88785288356457,0.0953946338937793,30.2726973802337,2.62314649418942e-201,6.42325740221909e-200
"citZ",128819.700107069,3.51190793043989,0.0940718382498389,37.3321920329956,4.93231656358353e-305,2.06270587074808e-303
"pgaptmp_002750",342.202372882925,-1.87004188959913,0.222359129729944,-8.41000723410954,4.09985435086024e-17,1.15080376273769e-16
"ytvI",22.231053719326,-1.16407666345813,0.959938214312098,-1.21265790454265,0.225260640394784,0.270720085098284
"pgaptmp_002752",2998.12135986461,-0.529628614499399,0.1338910401662,-3.95566883222333,7.63208258397316e-05,0.000126702102486834
"pyk",72264.4382695879,0.00268800430230121,0.0912332921145595,0.0294629760693711,0.976495346930251,0.980975892381753
"pfkA",10928.8518367182,-0.308474550426482,0.100444521550122,-3.07109383036438,0.0021327611671886,0.00321382067379594
"accA",9664.05542522421,-1.00850366154327,0.0771618103704583,-13.0699844482833,4.88755184089858e-39,2.4320144320621e-38
"accD",13821.3471588783,-1.02907920675961,0.119851188942496,-8.58630786928077,8.9808806052412e-18,2.58122298167627e-17
"maeB",43715.1913152988,-0.782987254543692,0.0980723281554843,-7.98377349931308,1.41926344928879e-15,3.81407838141002e-15
"dnaE",30154.3655559289,-2.20880823748751,0.104426467927989,-21.1518045311145,2.65585697922703e-99,3.02296626198257e-98
"pgaptmp_002759",5.32039448851037,-1.39065137135132,1.50452397457614,-0.924313201285542,0.35532327148828,0.409827460948056
"ytrI",5.35569898699157,0.0781486502594837,2.20307146148415,0.0354725898028006,0.971702902783794,0.97668868597388
"pgaptmp_002761",3729.71248621562,1.27585516181155,0.10987782164643,11.6115804144448,3.59901316070223e-31,1.49543968531207e-30
"pgaptmp_002762",3216.43229751914,-0.0893362639592224,0.112079389875211,-0.797080213040858,0.425404447266543,0.480485146182672
"pgaptmp_002763",772.080702981713,1.53629938416107,0.202348563127757,7.59234145483454,3.14175785283033e-14,8.08687602229219e-14
"pgaptmp_002764",1845.1026808756,0.386029737736654,0.121668049827787,3.17281108954285,0.00150970722584615,0.00230292225188499
"pgaptmp_002765",9220.10901850427,0.689787134289337,0.0954655307844162,7.22550986331432,4.99225234941353e-13,1.22647942208034e-12
"pgaptmp_002766",5251.87685609419,-0.260837484923608,0.101569626259947,-2.56806581384919,0.0102267737538633,0.0144400803914564
"pgaptmp_002767",68.222459983013,-0.411460925845953,0.435594770729225,-0.944595650579392,0.34486534839284,0.398877820608499
"argH",1211.79287580253,-0.352022009415532,0.120798257945301,-2.91413150655644,0.00356679619710149,0.00527707654386143
"pgaptmp_002769",531.526559214681,-0.632248425807162,0.174955069091916,-3.61377597739107,0.000301769824663739,0.000482054629784736
"pgaptmp_002770",200.334780886668,0.60026503386618,0.371801583723642,1.61447680737249,0.106424043505018,0.133956810931917
"pgaptmp_002771",3896.44130236366,-0.00465187654683677,0.0949527375495504,-0.0489914947887545,0.960926073977387,0.967162479000496
"pgaptmp_002772",5498.04702784172,1.08742507369649,0.11352570853007,9.5786680195742,9.83044984991559e-22,3.18164646446833e-21
"tpx",8597.55145642512,2.55268964064824,0.0962418887340132,26.5236860396952,5.16798525209263e-155,9.66595030567275e-154
"ytfJ",25.2755631042846,-0.188015635173684,0.73891470912856,-0.254448358993178,0.799149194908868,0.832941277919577
"pgaptmp_002775",68.9188514481615,0.370865152519312,0.431146147155456,0.86018431329178,0.389687450343248,0.444095741021913
"pgaptmp_002776",17761.8865840375,1.82920034966237,0.0965666174248335,18.9423674396196,5.10492159315743e-80,4.65698974748333e-79
"sppA",30637.6586398183,1.46665399460965,0.0800447409702084,18.3229276131397,5.43110486234966e-75,4.64702811440585e-74
"pgaptmp_002778",16975.8876852985,0.491961364163293,0.107698388517571,4.56795473855238,4.92506344998297e-06,8.76246948414753e-06
"pgaptmp_002779",19528.1481741801,-0.536006316608688,0.0904310630574496,-5.92723670922867,3.08074740301993e-09,6.48927098700632e-09
"pgaptmp_002780",5718.60104521749,-0.094000171891816,0.0921748104566863,-1.01980325672584,0.30782177834125,0.360513737881099
"pgaptmp_002781",3005.99257212513,-0.643572302118898,0.129056467638298,-4.98674970651308,6.14035296455899e-07,1.15019596044734e-06
"thiI",8857.6597146592,-0.912861928352705,0.0902807518816973,-10.1113682521044,4.91923972907212e-24,1.69374748118468e-23
"pgaptmp_002783",5512.86108308419,-2.14357815894364,0.103866950712478,-20.6377307145316,1.25833273764171e-94,1.36148675857629e-93
"brnQ",5175.1604139652,-3.38749038155259,0.109902763651552,-30.8226132719706,1.30455903152651e-208,3.34866807954597e-207
"ezrA",11374.4626665345,1.30782289874592,0.120595131825322,10.8447404049466,2.11234672523886e-27,8.03080133946785e-27
"hisJ",1143.79312485059,0.142204114306744,0.128546814570873,1.10624378193628,0.268621017370095,0.317802742101556
"refZ",165.300823002643,0.647971803127288,0.281675591669018,2.30041871675088,0.0214245094526914,0.0291561331564598
"pgaptmp_002788",2783.08436550096,-0.926610358251014,0.12752243345204,-7.26625373408908,3.69594068007568e-13,9.13432351344069e-13
"pgaptmp_002789",3311.27653923446,0.63724156402673,0.110663457000932,5.75837391399548,8.49280675258875e-09,1.75320170455548e-08
"rpsD",41463.4772361737,-0.709260944514745,0.141267852152015,-5.0206818728406,5.14883733463759e-07,9.69346108220593e-07
"pgaptmp_002791",1690.23064458071,0.163701875920762,0.12337593838592,1.32685415051274,0.184556933643399,0.224044653300956
"pgaptmp_002792",292.356183490343,0.285137220186153,0.243384840170851,1.17154881128172,0.24137824986886,0.287491150723807
"pgaptmp_002793",64686.2055718879,1.76455307232846,0.116532791216216,15.1421162568267,8.54200921241099e-52,5.34342156110818e-51
"pgaptmp_002794",11016.8983216701,1.81825206838625,0.13702431169386,13.2695581237335,3.47624497537451e-40,1.76998410374062e-39
"pgaptmp_002795",36.7234984321713,-2.81220751051184,0.751003867983291,-3.74459790475328,0.000180682910656108,0.000293274555743883
"pgaptmp_002796",1.79224839267566,0.520777926193161,4.69289044318574,0.110971677796005,0.911638805831279,0.929621817891513
"pgaptmp_002797",2266.47591532645,-0.0968712125403411,0.13903096163198,-0.696759997940336,0.485953003954862,0.540238076678613
"pgaptmp_002798",70.9756163604564,-0.137728905179269,0.514463935910681,-0.267713430554597,0.788919910974262,0.82505195522512
"pgaptmp_002799",456.23567816605,-0.201980076802739,0.313652375626202,-0.643961571786246,0.519600353351679,0.572853233167935
"hmpA",121.818790147407,-1.26574991021961,0.348832087298708,-3.62853635404171,0.000285032617254904,0.000456493718340256
"pgaptmp_002801",21.261465110834,0.85776328349943,1.05303786860434,0.814560719109066,0.415323802836936,0.470287555265919
"pgaptmp_002802",2045.10275691586,1.03386691902165,0.111495437075523,9.27272851822039,1.81443807006339e-20,5.68462836428951e-20
"pgaptmp_002803",111.221002134519,-2.35022568359758,0.385011857645885,-6.10429428840917,1.03255882445064e-09,2.23051883029906e-09
"pgaptmp_002804",2396.03990759508,1.88975085329421,0.120273591653642,15.7121012793583,1.24967531431497e-55,8.24697077992967e-55
"pgaptmp_002805",6.16901589139671,6.06384862742441,1.98005996101276,3.06245707040249,0.00219527961800823,0.00330668989810871
"pgaptmp_002806",3585.6880517904,-3.26506544961453,0.212701441792232,-15.3504622352483,3.51671691649238e-53,2.23747356635635e-52
"pgaptmp_002807",495.824979408958,-0.175521230332656,0.165910054997745,-1.05793003525339,0.290087340780985,0.341570731536484
"pgaptmp_002808",237.374748712208,-0.746290164309247,0.294118158983779,-2.53738214222403,0.0111684966793365,0.0157161227374255
"pgaptmp_002809",119.099092174086,-0.173391558396559,0.31515731321939,-0.550174630648207,0.582199602313819,0.631762950382517
"pgaptmp_002810",8.23890032830036,0.392083350972791,1.2038777796177,0.325683684515963,0.744663689657105,0.78250656490789
"tyrS",16503.3272365703,2.70570363549541,0.143125982176978,18.904349820634,1.05026131299127e-79,9.55763473582768e-79
"acsA",21861.4970427416,2.24776731018601,0.0947132001532812,23.7323552213239,1.67164974345151e-124,2.3838622011979e-123
"pgaptmp_002813",2608.8837099372,0.54562935259256,0.121234764292731,4.50060142217208,6.77614629113021e-06,1.19247359317195e-05
"pgaptmp_002814",3928.61503781186,2.21815516581319,0.10743826707482,20.6458576278829,1.06358115610146e-94,1.15412509125646e-93
"pgaptmp_002815",6536.00551658239,2.90209732472838,0.0915504371917326,31.6994370944462,1.58167027527375e-220,4.32865938571243e-219
"motS",140.369008616868,2.04531874358905,0.382928282462691,5.34125797769542,9.2303788516662e-08,1.81008799188101e-07
"motP",572.834561731204,0.420938464395884,0.162719739653643,2.5868924402895,0.00968458179305048,0.0137161390539322
"ccpA",12246.3264014176,0.0738040305863717,0.11767289838282,0.627196504893323,0.530530433991621,0.582831840412283
"pgaptmp_002819",19565.9163191883,0.75275695057726,0.0966750666384013,7.78646425342364,6.8910405042609e-15,1.81646265983421e-14
"ytxJ",10291.2868512543,2.45445074679108,0.0931233599061233,26.356982278833,4.2686724790442e-153,7.86534602326857e-152
"pgaptmp_002821",9277.13412135023,1.95528330731822,0.138599440093792,14.1074401598957,3.41760000838322e-45,1.89572387946384e-44
"pgaptmp_002822",9002.70517482899,1.59808135951282,0.117932782844033,13.5507813940615,7.83911896710956e-42,4.08072738399745e-41
"murC",19422.83447607,-1.61466965337217,0.0881772721757841,-18.3116308038343,6.68377203610103e-75,5.70573383448808e-74
"pgaptmp_002824",8088.25118257293,0.574333174568445,0.0845772314521857,6.79063578586318,1.11640444070542e-11,2.61172679340387e-11
"ytpR",16812.0456128641,0.631943226745988,0.0882862967590832,7.15788576420238,8.19307818881777e-13,1.99051155475064e-12
"pgaptmp_002826",11178.2791097497,0.891874559596138,0.0871713772088502,10.231277606861,1.43612102710677e-24,5.02372411925882e-24
"pgaptmp_002827",2552.0171519744,0.755919706398878,0.151367733897007,4.99392893675224,5.91631746320241e-07,1.10934678075765e-06
"pgaptmp_002828",1237.94045239138,2.08477005103118,0.133483654917289,15.6181672754088,5.47570503632552e-55,3.58812925091613e-54
"pgaptmp_002829",2639.7096098335,0.816919214035035,0.119493867118327,6.83649490752603,8.11542417705458e-12,1.90812437062521e-11
"pgaptmp_002830",4187.54783244866,0.348594448676189,0.330583291097836,1.05448296409217,0.29166185619503,0.343269390754892
"pgaptmp_002831",2795.39242566154,1.47124484878149,0.127469779016128,11.5419110328523,8.11030790532443e-31,3.35779377348359e-30
"pgaptmp_002832",743.292238376761,1.35704940120559,0.167273691478726,8.1127485691806,4.94874013429056e-16,1.34939273112304e-15
"trmB",2007.09158359344,-1.252972563912,0.115857850462449,-10.8147402952043,2.93121712912592e-27,1.10986675021431e-26
"pgaptmp_002834",16.9710509731124,-1.68623811932532,0.870283010383501,-1.9375744432633,0.0526751629622604,0.0690827894804556
"pgaptmp_002835",3690.28132536093,-1.67035175802925,0.113207438852227,-14.7547879800514,2.86590617008034e-49,1.70126040909714e-48
"pgaptmp_002836",5297.72239188778,-0.322645381535798,0.087343361527357,-3.69398859734454,0.0002207637056054,0.000356169272762591
"pgaptmp_002837",4715.28142916322,-0.49224957644621,0.0967889554856478,-5.0858031681022,3.66073557549046e-07,6.93750397758426e-07
"thpR",427.233847421384,1.09653427891617,0.18088403064987,6.0620845023002,1.34368582261326e-09,2.88419759617449e-09
"pepV",10133.4175731266,0.508800915233344,0.0778623301983674,6.53462224848765,6.37702885497656e-11,1.44112333929707e-10
"pgaptmp_002841",213.676517627099,-2.70324239881958,0.306255363914485,-8.82675935620313,1.0775229906417e-18,3.18044454493927e-18
"pgaptmp_002842",43834.2210804417,-0.342811840522615,0.10315774171146,-3.32318093470372,0.000889971686969523,0.00138192516433065
"pgaptmp_002843",20779.9156790982,-0.179110522395446,0.105283012601936,-1.70122907740724,0.0888999797396332,0.113239467690252
"pgaptmp_002844",1083.20133615356,-0.275505002547398,0.124412534420878,-2.21444731296435,0.026798023276279,0.0361647000124403
"pgaptmp_002845",925.383639980361,-1.061754090097,0.154717667402064,-6.86252648404934,6.7653190799754e-12,1.59673542268031e-11
"pgaptmp_002846",8525.67207599744,-1.80945185532336,0.0991003446025031,-18.2587846952618,1.76168819997628e-74,1.49362266066326e-73
"pgaptmp_002847",9108.1012781138,-1.35125154459077,0.0836323650402724,-16.1570409247674,1.01309268810575e-58,7.03494586777908e-58
"pgaptmp_002848",5122.08194228199,-1.15885727101186,0.114137437270942,-10.1531740918708,3.20757947929499e-24,1.11160249738696e-23
"pgaptmp_002849",198.976274570682,0.831969778241654,0.255794180032981,3.2524969025268,0.00114395842679136,0.00176088224339017
"pgaptmp_002850",24.2480510034942,-0.221472235210945,0.865885166948068,-0.255775527361849,0.798124171804231,0.83233907746017
"pgaptmp_002851",572.088567113925,0.484516868807346,0.19510513568008,2.4833629679632,0.0130148397940483,0.0181563844503177
"pgaptmp_002852",247.961115675432,0.222105290207,0.253122079330485,0.87746312291079,0.380235140453895,0.435148244099767
"leuS",31178.7271469496,0.640959867250784,0.0708706832731311,9.0440763041689,1.50935829442236e-19,4.57105904950367e-19
"pgaptmp_002854",1098.66207350618,-3.63822305543959,0.163801237406702,-22.2112061730415,2.67655406471831e-109,3.34299806338307e-108
"pgaptmp_002855",3858.27255222235,-0.185482990569352,0.138742334105577,-1.33688820910428,0.181259130148091,0.220472706670325
"pgaptmp_002856",1638.45735560183,-1.77226348723608,0.181292069218583,-9.77573643940965,1.43112705265641e-22,4.76444981215311e-22
"pgaptmp_002857",14.2736517882655,-2.4755109608599,1.00047309951466,-2.47434035164043,0.0133482464557668,0.0185866716454784
"pgaptmp_002858",1254.72951824713,-1.59547995587993,0.163486936681767,-9.75906692157055,1.68700163424615e-22,5.59129125793782e-22
"pgaptmp_002859",406.726055717037,-1.68763933959562,0.232703985522957,-7.25230096855876,4.09750112458381e-13,1.01006067278864e-12
"pgaptmp_002860",646.914114032055,-1.52876024790367,0.193875871772179,-7.88525273377027,3.13899561629622e-15,8.35718289259979e-15
"pgaptmp_002861",523.317939488424,-1.29639924617212,0.186759060377466,-6.94156012325142,3.87793119796466e-12,9.25828089725751e-12
"pgaptmp_002862",6211.88373012807,-0.0952752697163214,0.0833876993734863,-1.14255784045069,0.253222218257454,0.300731683584634
"pgaptmp_002863",2020.15886673529,-0.64915221901073,0.12263063392351,-5.29355674223811,1.19959997016179e-07,2.33276441428536e-07
"pgaptmp_002864",2392.43261568609,-1.35198113824343,0.158848273701856,-8.5111478188361,1.72219913931216e-17,4.9006308841895e-17
"pgaptmp_002865",2728.68662693419,-0.624849816830501,0.12292358111976,-5.08323798524657,3.71054310311216e-07,7.02831624925367e-07
"pgaptmp_002866",2225.5033267131,-0.43138424602637,0.120557946549119,-3.57823153408317,0.000345926946426175,0.000551172985701294
"pgaptmp_002867",645.059637124538,0.778807537609968,0.168556799678961,4.62044568414511,3.82916583782922e-06,6.85859251607332e-06
"pgaptmp_002868",52.4785333866906,-0.67203743373616,0.485489488112077,-1.3842471365333,0.166282794666659,0.203855257493183
"pgaptmp_002869",15.4482580528425,-2.02411879286583,0.980657517382057,-2.06404249902593,0.039013687067444,0.0518974064564069
"pgaptmp_002870",166.04643212613,-2.24787157376664,0.351089675036242,-6.40255676426427,1.52796291041384e-10,3.40543589973672e-10
"pgaptmp_002871",1430.93478625052,-0.238303343587759,0.11244071161339,-2.11936886709795,0.0340593057499856,0.0455020588662765
"pgaptmp_002872",887.180813193047,0.322554074463021,0.19684142545638,1.63864935297626,0.101286307607679,0.127965932422193
"pgaptmp_002873",601.49262661106,0.189250621427066,0.203129121926886,0.931676460922152,0.35150375496293,0.406051202970834
"pgaptmp_002874",947.550775395054,-0.19547187797616,0.164355020923266,-1.18932708522134,0.234310981045383,0.280509961869062
"pgaptmp_002875",3289.12671771392,1.2010810648537,0.114809009953054,10.46155754975,1.2970574953268e-25,4.68249078332332e-25
"pgaptmp_002876",4328.20936832574,-0.315089021940705,0.111909415483368,-2.81557204619243,0.00486904782134293,0.00709854915434327
"pgaptmp_002877",492.940877487346,1.53671094408242,0.186256256675251,8.25051985642431,1.57706969783009e-16,4.36420328276848e-16
"alaP",39198.4214867106,0.35650033974364,0.105013791564721,3.39479543050233,0.000686798970120911,0.00107270909223249
"metK",46314.5674000911,-0.707694178311485,0.123101409964969,-5.74887142651637,8.98411020071781e-09,1.85154253416787e-08
"pckA",105576.287960928,5.55850303295557,0.0908578335617062,61.1780274199527,0,0
"pgaptmp_002882",460.008142898325,-2.58423592023317,0.214538179815011,-12.0455758618884,2.04642272144063e-33,8.95039408836901e-33
"pgaptmp_002883",112.253356753276,-0.390827906739033,0.403202098190718,-0.969310200747437,0.332390441252844,0.385527336348733
"pgaptmp_002884",95.165673743102,0.151910048715125,0.353206899420062,0.430087999313008,0.667131629308172,0.711816611954307
"pgaptmp_002885",6.25362790546235,0.406174566292451,1.34907500439566,0.301076341173783,0.763356281500912,0.800566942729331
"pgaptmp_002886",15.8613864305615,-0.25344939526883,0.974385900327025,-0.260111928121873,0.794777437222613,0.830011678266714
"pgaptmp_002887",14.0625516773992,-2.96826449315185,1.20671796389722,-2.45978313239454,0.0139020993158274,0.019307318527429
"ytkD",782.241689347695,-1.31092569192603,0.162277694047291,-8.07828641898248,6.56831897179452e-16,1.78447322722768e-15
"pgaptmp_002889",52.919663193286,0.414432248204822,0.490128303143361,0.845558694625317,0.397798976322785,0.452370238274796
"pgaptmp_002890",3566.97105784249,2.733523817047,0.111450138898927,24.5268767186195,7.63513205210711e-133,1.15052475700173e-131
"ytzI",59.0431082533747,2.39971007687648,0.53531840316099,4.48277149208112,7.36798141076299e-06,1.29295741682508e-05
"pgaptmp_002892",1038.05110607363,2.56102280110714,0.175272490688832,14.6116643350143,2.36664999035089e-48,1.37850880502128e-47
"pgaptmp_002893",25731.1798869699,1.19985062290184,0.106437692388346,11.2727981599233,1.78795837898514e-29,7.14032305427326e-29
"yidD",484.670618663562,-1.06893681606082,0.209849800031895,-5.09381860691955,3.50922535736729e-07,6.65715432218199e-07
"pgaptmp_002895",7472.30649390939,0.0435462171926747,0.11171898940572,0.389783486445008,0.69669665579704,0.739408312767774
"pgaptmp_002896",100.114982308765,2.97150735244504,0.545789138338404,5.44442375949708,5.19733582492488e-08,1.03335918484885e-07
"pgaptmp_002897",54.5464269236454,1.09720035882492,0.475703702399941,2.30647849341829,0.0210839104901772,0.0287136168475813
"pgaptmp_002898",45.7078050766263,0.0516998844703212,0.609254999527448,0.0848575465288275,0.932374642960157,0.943785265460349
"pgaptmp_002899",10.9823817690098,2.1951663618287,1.31602429345452,1.66802875353194,0.095310018985043,0.120949161494146
"menC",3442.94164415639,0.0790577697765824,0.129917721016272,0.608521833343123,0.542841429789728,0.59460147194743
"pgaptmp_002901",3978.88215151954,-0.0737151462800744,0.120516432020152,-0.611660543250635,0.540762372388201,0.592673012375996
"menB",24155.7360638454,0.115933181383519,0.0776403768467144,1.49320735024774,0.135382918683897,0.16813320765481
"menH",6778.61577635768,-0.548387398275807,0.0947728770394865,-5.78633270832672,7.19396611884101e-09,1.49003572032979e-08
"menD",5564.82672805574,-0.776852807810385,0.116551549410329,-6.66531514802442,2.64098026306684e-11,6.06025187369592e-11
"pgaptmp_002905",5544.37038654178,-1.19296192467805,0.120338647262812,-9.91337323306199,3.64139873007175e-23,1.23323804124905e-22
"pgaptmp_002906",14.7200319554488,1.22171834623032,1.02203824951176,1.19537438722469,0.231940788075915,0.278141770062802
"pgaptmp_002907",25.4434844829661,5.17386619343744,1.03848578502462,4.98212519424593,6.2889722800767e-07,1.17744239569645e-06
"thiT",1830.56918897288,-0.868360339642039,0.108955794365617,-7.96984083956225,1.58878854082999e-15,4.26042575574151e-15
"pgaptmp_002933",56749.850158113,1.26679609428069,0.0918490540599089,13.7921517782253,2.84155937509374e-43,1.5195810336349e-42
"pgaptmp_002934",38754.7226709022,0.778577955202491,0.0938288189778123,8.29785521851876,1.06007754393126e-16,2.94448404366579e-16
"pgaptmp_002935",3009.83747344424,-0.0732265943787795,0.172719734079103,-0.423961944876795,0.671593566857852,0.715213520985673
"pgaptmp_002936",571.66040186377,-0.715602916943747,0.16603446219014,-4.30996618114285,1.63279513941541e-05,2.80316582514029e-05
"gbsB",696.18835001292,1.62993670513915,0.181567202017647,8.9770436897559,2.78139460730892e-19,8.3285202963828e-19
"betB",590.328263608087,1.70087934788071,0.161121525895817,10.55649975026,4.7400859924632e-26,1.73818719841852e-25
"pgaptmp_002939",271.917075214758,-1.2382373522065,0.23194468099868,-5.33850290023918,9.37172079704273e-08,1.83587077929437e-07
"bslA",15078.584003097,0.0044125964032496,0.107479362770385,0.0410552899599572,0.967251817971166,0.972740142255791
"pgaptmp_002941",1579.52867246138,-4.35288460514991,0.228722026355541,-19.0313310637756,9.38386156366809e-81,8.64523087623085e-80
"pgaptmp_002942",941.656105109536,-0.78391676383436,0.170753501856071,-4.59092642501192,4.4128288695441e-06,7.88126154147943e-06
"pgaptmp_002944",51.1693227981745,-2.22275192680058,0.533771968656078,-4.16423502417518,3.12398193970959e-05,5.28040907338741e-05
"pgaptmp_002945",2580.75691824828,1.83996880316703,0.104260009082648,17.6478864653509,1.05636128420217e-69,8.45543376301178e-69
"pgaptmp_002946",44.0215485772023,-0.515351127265459,0.507579251715169,-1.01531164941047,0.309957293065743,0.362786492072545
"pgaptmp_002947",2287.30285644898,1.12989062966728,0.10304041001666,10.9655098372047,5.59841238674994e-28,2.16378929423503e-27
"pgaptmp_002948",1860.17690388415,1.37273091920597,0.155371770140891,8.8351372836982,9.99754066896909e-19,2.95324177538912e-18
"pgaptmp_002949",2588.57325677519,1.08010848598895,0.15703975502944,6.87793027814176,6.0728377212075e-12,1.43694227580002e-11
"pgaptmp_002950",1142.91118848745,1.0563703863861,0.153740930256233,6.87110702807311,6.37055730505443e-12,1.50451867318608e-11
"pgaptmp_002951",2932.57727727225,-1.0704999034314,0.113352853808103,-9.44396076029698,3.58948472108276e-21,1.14091051510419e-20
"pgaptmp_002952",53.759581453731,-2.74239679439853,0.577214741030174,-4.75108586018453,2.02327192418742e-06,3.68065400871241e-06
"pgaptmp_002954",2963.43753060297,-0.0880011021566241,0.117852538232926,-0.7467051917261,0.455241535190772,0.510210476958764
"pgaptmp_002955",4671.36960068183,0.339222034667835,0.0908520769278626,3.73378403816988,0.000188624249415589,0.000305376014060384
"pgaptmp_002956",4403.9934806873,2.12835291109487,0.117889114361896,18.0538544429238,7.35725026811141e-73,6.12610413823505e-72
"pgaptmp_002957",5143.54311481976,-0.642922475092374,0.11502477317024,-5.58942615032007,2.27821228761813e-08,4.60342352579515e-08
"pgaptmp_002958",6909.52405785732,-2.12720674104942,0.116048039529966,-18.3303979081882,4.73429006466372e-75,4.06014461305953e-74
"pgaptmp_002959",50336.0363227293,-0.310024111719605,0.0953558064873112,-3.25123475056403,0.0011490493900402,0.00176652698460539
"pgaptmp_002960",11782.3974132048,-0.798946012612633,0.0767879972438723,-10.4045689598499,2.3632317610975e-25,8.44140941919855e-25
"pgaptmp_002961",73583.8528320237,-1.57226750000148,0.0859103078629331,-18.3012672066079,8.08463992993642e-75,6.88581918060031e-74
"pgaptmp_002962",819.23395163011,-2.09519080582857,0.166855961479588,-12.5568831179273,3.64407151481242e-36,1.69328766268812e-35
"pgaptmp_002963",1128.81633324677,2.25926849953027,0.125532292087303,17.9975085451243,2.03782139089679e-72,1.68550471487064e-71
"pgaptmp_002964",5712.90974547538,2.06728812134495,0.101003090109248,20.4675730129535,4.18972435184428e-93,4.40512825919899e-92
"pgaptmp_002965",1197.7976385565,2.42237047667612,0.163285223170628,14.8352093939623,8.67328670901177e-50,5.23208640695977e-49
"pgaptmp_002966",126.003498360963,-1.8483607422966,0.419293299641212,-4.40827636377266,1.04196535061119e-05,1.81393593778056e-05
"pgaptmp_002967",1035.16167010996,-2.02518226325361,0.179857257913032,-11.2599418380595,2.06895219034989e-29,8.25363349676559e-29
"pgaptmp_002968",3489.09844089126,-0.854467599348335,0.10405852945384,-8.21141336354727,2.18599912600575e-16,6.01796504955132e-16
"pgaptmp_002969",13.2112903234533,-3.07607843759275,1.34684347972074,-2.28391679056171,0.0223764216496682,0.0304304974664453
"pgaptmp_002970",13.1488960280263,0.150694647593489,0.968369817657103,0.155616836507858,0.87633505301237,0.900032855218554
"pgaptmp_002971",107.576764684304,-0.5587629938357,0.355082330503317,-1.57361531632304,0.115576410144187,0.144742731681247
"pgaptmp_002972",293.842794429097,0.107311176140592,0.236689159506755,0.453384415087796,0.650271956810778,0.696327478066687
"pgaptmp_002973",342.254782749666,-0.0716371654199645,0.24623495392469,-0.290930122950271,0.77110476250228,0.807782698011113
"pgaptmp_002974",46891.1036033943,0.979912683024696,0.108333715690632,9.04531591829663,1.49233016140501e-19,4.52317008204353e-19
"pgaptmp_002975",7342.14301791086,4.99013719909866,0.296681010811627,16.8198739294005,1.74529716183212e-63,1.28633584878003e-62
"ycaC",6140.63254870853,4.83331398707621,0.121821030545251,39.6755302876942,0,0
"pgaptmp_002977",6247.36886570381,-0.923732087820856,0.0870496727773288,-10.6115515239643,2.63339385222336e-26,9.72370229957873e-26
"pgaptmp_002978",16373.3921483078,-0.600410367193105,0.0941321800161252,-6.37837524946572,1.7897654589709e-10,3.97227611108508e-10
"pgaptmp_002979",7.66117022506502,0.290530328910441,1.68773945508484,0.172141694048289,0.863326134871815,0.889617905313647
"yugI",3832.63102642299,0.156395207011851,0.100870663240047,1.55045284712433,0.121032862683165,0.151270757188294
"pgaptmp_002981",11592.5904006388,0.403935166503993,0.0895999018557362,4.5082099214167,6.53768751511373e-06,1.15268938565861e-05
"pgaptmp_002982",3212.13506475551,0.075010857282248,0.121821304073711,0.615744986910176,0.538062840994408,0.589888039523177
"pgaptmp_002983",197.089368743042,-1.42243179459097,0.317835898749686,-4.47536543287457,7.62807306895714e-06,1.33733810469423e-05
"pgaptmp_002984",963.573455521916,-2.26025962471,0.153083735360788,-14.7648580653132,2.46841384108284e-49,1.47234556354332e-48
"pgaptmp_002985",665.6578416696,-1.28849024378907,0.171388420837571,-7.51795388213653,5.5640120485285e-14,1.42331634670949e-13
"pgaptmp_002986",1802.39961828005,0.164354404816629,0.170522702179762,0.963827119296819,0.335132607828973,0.388586780791102
"pgaptmp_002987",430.302570325788,1.04105412327625,0.208178747459038,5.00077042437337,5.71016740662726e-07,1.07231297111335e-06
"kapD",232.274838782021,-1.0202496164959,0.264159916002485,-3.86224235658187,0.000112351026438125,0.000184867604068392
"pgaptmp_002989",1179.82713410929,-0.273198019120596,0.120146542632169,-2.27387333114527,0.0229736035871301,0.0312300045841118
"pgaptmp_002990",19752.7160072629,-1.20713815929489,0.082667661897139,-14.6023019351496,2.71520361722687e-48,1.5790606036435e-47
"pgaptmp_002991",2938.86997273594,-0.962428211535529,0.113761370318836,-8.46006169614659,2.67236104717055e-17,7.55241292146454e-17
"pgaptmp_002992",1579.6456124913,-1.35412788159426,0.149319143931806,-9.06868232657892,1.20464952653585e-19,3.67215850758922e-19
"malK",5936.28282228035,-2.10993291494105,0.101992095866394,-20.687219896971,4.51506539039496e-95,4.92817401262465e-94
"pgaptmp_002994",3842.19034157672,-0.480515853016678,0.115646663185314,-4.15503430692758,3.25238738271413e-05,5.48251170220199e-05
"pgaptmp_002995",29213.8832409155,2.14536251598918,0.0909867874122612,23.5788357519267,6.35528779211664e-123,8.79345024619262e-122
"pgaptmp_002996",5168.56115150761,0.94990040081936,0.103789138205474,9.15221397193623,5.57784725135545e-20,1.71860492297558e-19
"pgaptmp_002997",2899.97472539155,0.819225138507125,0.105294441399872,7.7803265549032,7.23375796932535e-15,1.90410517410389e-14
"nupQ",2823.30921743662,1.78741671376731,0.132546335033723,13.4852217023771,1.91090223359161e-41,9.83731412645641e-41
"pgaptmp_002999",4.95928272301515,-0.96133752891156,1.45443501250764,-0.660969737832483,0.508631721005303,0.561925576011201
"pgaptmp_003000",7116.04345162713,0.365500067242315,0.103080570466282,3.54577070721463,0.000391466672108138,0.000621073722756389
"pgaptmp_003001",900.051270341546,0.851107294660267,0.164524257660947,5.17314167989888,2.30190333188695e-07,4.404979023796e-07
"pgaptmp_003002",1122.93385213507,1.16057949463762,0.143953319805388,8.06219332910571,7.49375612216375e-16,2.02554540934593e-15
"pgaptmp_003003",6537.71381307659,0.825882996081708,0.11856282902081,6.96578348292237,3.2658108751041e-12,7.81694410105302e-12
"pgaptmp_003004",1403.18840618263,0.49484016579618,0.141775969699654,3.49029646451706,0.000482484981118132,0.000761581467227178
"pgaptmp_003005",720.665447211293,0.435779660183031,0.161118538862991,2.70471457386789,0.00683631018385204,0.00979397478995277
"mnhG",1047.95836257405,0.832292825988067,0.128822203891789,6.46078704481095,1.04159813310368e-10,2.33122564727113e-10
"pgaptmp_003007",816.628451535476,1.05439454459459,0.156177410782793,6.75126152565691,1.46565134524455e-11,3.40947144187514e-11
"pgaptmp_003008",1572.49231770855,0.939192095219081,0.179974146865276,5.2184833854061,1.80394157152759e-07,3.46096419032252e-07
"pgaptmp_003009",12819.5527846652,-1.64607585812798,0.0887323075107924,-18.5510317978349,8.00014799346767e-77,7.03937371907486e-76
"comX",1902.05742584321,-1.21902707360643,0.147565555501896,-8.26091881306789,1.44555385532556e-16,4.00621850299458e-16
"pgaptmp_003011",13837.2795289922,-1.74981680501425,0.0843473208677907,-20.7453750399136,1.34967813126015e-95,1.48185899839241e-94
"degQ",217.509019211196,-2.0033020631862,0.317884859918602,-6.30197381435269,2.93878826195038e-10,6.46082097517974e-10
"pgaptmp_003013",26.9372537355506,0.0475139935863724,0.936667288253795,0.0507266498811457,0.959543340447764,0.966554888537639
"pgaptmp_003014",14796.6850365277,-2.43288807220569,0.13801533896264,-17.6276643631927,1.51080468880925e-69,1.2066985089588e-68
"pgaptmp_003015",10228.99785527,0.690951631659303,0.106947863327956,6.46063988712424,1.04261162308433e-10,2.33209162326916e-10
"pgaptmp_003016",3576.99883187848,0.0454345983073624,0.137805280443935,0.329701432056857,0.741625571571337,0.779754343895061
"pgaptmp_003017",1353.31374892239,-0.466697437283001,0.167397349598045,-2.78796192653967,0.00530407770198799,0.00769359984676512
"pgaptmp_003018",246.614532812611,-0.833515246275919,0.299567419940847,-2.78239618460681,0.00539591254318468,0.00782071124833855
"pgaptmp_003019",432.367393135744,0.689015823178169,0.183778250041358,3.74916957269488,0.000177421093271008,0.000288367383910345
"pgaptmp_003020",3094.93741041035,-0.189868521190508,0.133623623978268,-1.42092030988014,0.155339927870163,0.191448745540645
"pgaptmp_003021",222.491314618783,-0.740656443134324,0.266560812484631,-2.7785646218235,0.00545996517802904,0.00790124043259101
"pgaptmp_003022",2401.14255881144,-2.74426005438977,0.181909856232757,-15.0858238867411,2.00752971061408e-51,1.23914188771237e-50
"pgaptmp_003023",3524.8720964563,1.65596531650968,0.0973704655920804,17.0068542492865,7.30566063863212e-65,5.44923224388552e-64
"essA",1627.57124416459,1.87138086505681,0.173470022508881,10.7879208060921,3.92570534200088e-27,1.48189404492163e-26
"esaA",8023.21697471532,1.90456941071961,0.100923598617911,18.8713981348422,1.96042490959732e-79,1.77968329598079e-78
"essC",6909.58651347617,1.13259271022274,0.091086705530313,12.4342263080952,1.70382480694935e-35,7.75261116316072e-35
"essB",646.89137261946,0.397810189929352,0.183796493870007,2.16440575961535,0.030433222188517,0.0408041977614049
"pgaptmp_003028",317.360676260056,-0.569847470153336,0.244538073624062,-2.33030162423453,0.0197902149821415,0.0270905407000849
"pgaptmp_003029",28823.42541358,0.323200182636939,0.0978426819569411,3.30326373084473,0.000955664635720037,0.00148084253711489
"pgaptmp_003030",1231.94284296263,-0.361337764133824,0.145271673230107,-2.48732430830801,0.0128708009158925,0.017982402781138
"ald",24821.9638364852,3.59600970215873,0.112943805076148,31.8389282150913,1.87339183446947e-222,5.20355552828013e-221
"pgaptmp_003032",1960.77915295399,0.778469377977691,0.138954039050735,5.60235156383943,2.11463104521727e-08,4.28451646722846e-08
"pgaptmp_003033",31.0836175338481,0.39421218642848,0.730846303795861,0.539391366394036,0.589616837035877,0.638880310756196
"pgaptmp_003034",2434.11519632532,0.43407438608255,0.168249797490072,2.57994002107588,0.00988174765841348,0.0139794240914538
"pgaptmp_003035",364.165344536103,0.701821286713148,0.20321593703299,3.45357405014555,0.000553210399741731,0.000867698739080793
"pgaptmp_003036",472.248038893162,0.2595539637917,0.169949735901525,1.52723958301468,0.126701446785893,0.157931274258906
"dhbC",311.099665037172,-0.591108315445614,0.298086542311762,-1.98300906462052,0.0473664170274128,0.0624947905622227
"pgaptmp_003038",331.904590075768,-1.64042809346808,0.209384912639565,-7.834509529786,4.70676377620226e-15,1.24776173611288e-14
"pgaptmp_003039",683.282937792002,-3.56380389787426,0.232261317469261,-15.3439407676912,3.88854686689917e-53,2.46982447757657e-52
"pgaptmp_003040",349.302703777655,-2.65461199093619,0.282795678469818,-9.38703167353918,6.17149618538259e-21,1.94334253823976e-20
"pgaptmp_003041",951.19371788535,-1.57027418501215,0.180727886444695,-8.68861035174375,3.66899715971169e-18,1.06604273446112e-17
"pgaptmp_003042",4314.95230854359,-4.97933746065386,0.181942416258954,-27.3676560036825,6.65759853157105e-165,1.36903766488991e-163
"pgaptmp_003043",5515.49835782769,0.633071292083933,0.116445989383027,5.43660881270515,5.43041812091729e-08,1.07912526674074e-07
"pgaptmp_003044",553.54099194779,-2.56984074023741,0.201012677750002,-12.7844709547798,2.00220603313027e-37,9.5296814006533e-37
"pgaptmp_003045",10258.1950693528,1.61735934366254,0.0882321449744568,18.3307267904545,4.70575086225793e-75,4.04498954025959e-74
"pgaptmp_003046",8870.65439730328,1.28459859902393,0.114631954694984,11.2062871338278,3.79792680304605e-29,1.50702383378863e-28
"pgaptmp_003047",66.320909403187,1.28895135195836,0.444065571176088,2.90261491910896,0.00370061359318913,0.00546141308241472
"pgaptmp_003048",412.886147468559,-0.491448340924948,0.185641636804343,-2.6472958835356,0.00811383257599213,0.0115530546472237
"yumC",5866.4148972929,-0.726116057357604,0.0845552256001479,-8.58747702704177,8.88998904657306e-18,2.55707412916112e-17
"pgaptmp_003050",217.652621688944,-1.16172842126094,0.271954361077796,-4.27177713443108,1.93921332932444e-05,3.30937735522492e-05
"guaC",1084.40529649822,-1.09629393370734,0.162699444814562,-6.73815411574916,1.60411377946893e-11,3.71994485182765e-11
"pgaptmp_003052",1672.10482434548,-0.878101048907769,0.126925683253372,-6.9182298365484,4.57321917998311e-12,1.08694264290531e-11
"pgaptmp_003053",1910.95548834398,0.0554531548251705,0.103639722472843,0.535056959841829,0.592610470616023,0.64137719442653
"pgaptmp_003054",995.036087877701,2.15047742825022,0.165651510587428,12.9819367213994,1.54913182839122e-38,7.56675677857234e-38
"pgaptmp_003055",1270.75164113,1.17015454666497,0.172097440771527,6.79937215462976,1.0507606198894e-11,2.45970504857129e-11
"pgaptmp_003056",165279.790764912,3.06822330729523,0.119504200657133,25.6746063353724,2.24639825301555e-145,3.87087698968698e-144
"pgaptmp_003057",1068.78910343961,1.02377844719859,0.150895928547678,6.78466580942314,1.16355533181156e-11,2.72032220163481e-11
"pgaptmp_003058",48.8062562120352,0.850089412803476,0.549981307669441,1.54566964540259,0.122184371740659,0.15255626689659
"pgaptmp_003059",2054.83946284939,-0.119452870274107,0.117881177545551,-1.01333285568808,0.310901199026147,0.363647125155916
"pgaptmp_003060",4432.12733974578,0.18071299834947,0.116935505857691,1.54540741944877,0.12224774680803,0.152584209798621
"dapF",2299.5396417474,-0.0497841089854594,0.130149021633239,-0.382516198437139,0.702078516164761,0.743847491364999
"pgaptmp_003062",5089.7563880625,-6.90264036066428,0.16279906986541,-42.3997530598355,0,0
"pgaptmp_003063",413.181093990825,0.70655378788621,0.23232563760961,3.04122177455711,0.00235620211923254,0.00353905742041303
"pgaptmp_003064",3331.73854878055,0.543771433461939,0.0901118681245653,6.03440417759692,1.5955027079647e-09,3.41487123579334e-09
"pgaptmp_003065",873.915849253652,1.53070711908776,0.146551073133372,10.4448714455656,1.54664792836686e-25,5.5673342257074e-25
"pgaptmp_003066",1299.35451277678,-0.526204872916022,0.154451065489003,-3.40693585537931,0.000656965645780719,0.00102827003094863
"pgaptmp_003067",3080.39866717524,2.08584674290623,0.0949572074655624,21.9661761184657,6.06661803504728e-107,7.45212948067524e-106
"thrB",15672.3764042041,0.537719188711465,0.0725988725602022,7.40671541786774,1.29465867943789e-13,3.2558916249107e-13
"thrC",13985.1277935366,0.859573357340219,0.0837009360467084,10.2695787877515,9.66256118479385e-25,3.39603897354133e-24
"pgaptmp_003070",8451.83311330005,0.774236110853804,0.080401939308409,9.62957010133746,5.99798841534062e-22,1.95315073332439e-21
"yutH",395.996030817643,0.547639218060826,0.213371735055651,2.56659682651028,0.0102701947303521,0.0144958910831894
"pgaptmp_003072",8.24395150829896,-3.06601709123966,1.60209656553336,-1.91375298917699,0.0556517248636377,0.0727302387438411
"pgaptmp_003073",5036.12055250979,1.69588458161477,0.112260224129572,15.1067272024805,1.46224069000376e-51,9.10110342507358e-51
"pgaptmp_003074",4052.77851788395,0.606245657422455,0.10215262987013,5.93470435556277,2.94375464912359e-09,6.20773643288271e-09
"pgaptmp_003075",887.548058434229,0.815710965004182,0.133713178265635,6.10045304123794,1.0576825260988e-09,2.28214165921143e-09
"lipA",19005.2173949733,1.04149148204964,0.0856622554166364,12.1581141774067,5.19439742033239e-34,2.29887600457517e-33
"lytH",37.7552515931955,-1.74911275504929,0.724765527413528,-2.41334981989465,0.0158066404546278,0.0218220755831323
"yunB",137.361081445047,-0.815650140524744,0.301808531823624,-2.70254169289491,0.00688115538343801,0.00985442875612015
"pgaptmp_003079",6164.55204794926,0.177283390863295,0.0947090287603001,1.87187423610882,0.0612240047371428,0.0796470730023824
"pgaptmp_003080",1641.09863007006,-0.367887184436537,0.129864107991755,-2.83286267565088,0.00461332000039068,0.00674421721973845
"pgaptmp_003081",1999.74650773108,-0.990408600685078,0.10745628983159,-9.2168508910673,3.0595356661685e-20,9.50550229505773e-20
"pgaptmp_003082",149.086029741269,-1.06056003521483,0.32722322419031,-3.24109035304295,0.00119073436495077,0.00182910165346544
"pgaptmp_003083",231.910927300774,0.113206974220302,0.32733267729176,0.345846846568873,0.729457816586026,0.76826315600826
"pucR",738.429624842849,0.948526409192168,0.15175198968393,6.25050393848387,4.09130416343796e-10,8.95754946842123e-10
"pgaptmp_003085",233.485910699189,1.93449370397653,0.26092935200755,7.41386007014094,1.22675355927286e-13,3.08929414588199e-13
"pgaptmp_003086",184.519147099445,1.88988573074067,0.285136354716098,6.62800691487542,3.40249535868005e-11,7.7646154046641e-11
"pucL",218.484359908484,2.26523588396484,0.246207708868289,9.20050754859442,3.56262970004636e-20,1.10593058745392e-19
"uraH",70.7749154863725,3.6140591610552,0.487150931037248,7.41876681495835,1.18215831415848e-13,2.98304626799854e-13
"pgaptmp_003089",457.74860884895,0.0274608147404708,0.178091645526493,0.154194850967255,0.877456101971769,0.900935616976255
"pucE",35.2671771131531,0.95135370027979,0.590750461725691,1.61041550014318,0.107307178990043,0.134885957514671
"pucD",118.902816670615,0.690575083563176,0.366227552988749,1.88564480724472,0.0593428350572076,0.0773368459674113
"pucC",36.4373478850833,-0.234159924262232,0.62849204386865,-0.372574206064523,0.709465373360708,0.749540198594537
"pucB",13.3308792121717,-0.98706217187477,1.27545419051852,-0.773890727877488,0.438995413213687,0.493339652168279
"pgaptmp_003094",20.5664039021424,0.372520783199749,1.2622012177981,0.295135813487495,0.767890132354553,0.80486822659072
"pucG",351.346202149481,0.752715996641775,0.207774819701012,3.6227488861496,0.000291488769700333,0.000466231715008439
"allC",211.537422033581,-0.616327095184998,0.246168575203764,-2.50367901213564,0.0122909485853714,0.0171916236883699
"pgaptmp_003097",679.489729662518,1.06744484997275,0.171247536246092,6.23334427678289,4.56581211306915e-10,9.97883305040716e-10
"pgaptmp_003098",204.646721145612,1.39303701873072,0.298668988568935,4.66415018648378,3.09894999988964e-06,5.58561351069697e-06
"pgaptmp_003099",138.686577900567,0.0259193458135745,0.299396926490857,0.0865718500098433,0.931011842307575,0.942918660426883
"pgaptmp_003100",143.605752585373,0.568657619814211,0.301234505800602,1.88775724183014,0.0590585478163357,0.0769933152267606
"pgaptmp_003101",378.410530179828,0.313373068369924,0.234237266397604,1.33784462732754,0.180947090736653,0.22038124074667
"pgaptmp_003102",153.749430511299,-0.08178199684202,0.315480665528522,-0.259229822230187,0.795457922538074,0.830489309309035
"pgaptmp_003103",1067.13091314421,-0.46668758033536,0.160895412851372,-2.90056485803274,0.00372490743441695,0.00549073483996036
"frlR",1249.01686564974,-1.43080334442732,0.125569253397463,-11.394535730004,4.45196766207897e-30,1.81492044230645e-29
"pgaptmp_003105",242.179185062244,-0.711347295446548,0.225447779220011,-3.1552641498959,0.00160352853919451,0.00244103608297831
"pgaptmp_003106",132.025817455196,-0.755229385092251,0.350140206887858,-2.15693419446152,0.0310107921537041,0.0415636184357532
"pgaptmp_003107",74.4262221474489,-1.92320254067285,0.447451551327579,-4.29812464604659,1.72249294572523e-05,2.95035377081882e-05
"pgaptmp_003108",26.0316914675657,-0.521636536588323,0.927203963352105,-0.562590926275228,0.573713472130975,0.623645310534897
"frlB",96.7274295500209,-0.787488860872524,0.352326842957273,-2.23510889565694,0.0254102005158982,0.034343654664923
"pgaptmp_003110",1226.77686383948,1.05226331827082,0.156029548514472,6.74400027616069,1.54084245713195e-11,3.57990987855502e-11
"pgaptmp_003111",357.886493459121,2.72095027330389,0.244464783891308,11.1302340974955,8.94004109191952e-29,3.5137099201821e-28
"pgaptmp_003112",225.014376933171,2.14928864395485,0.317176415455561,6.7763192318944,1.23276131930231e-11,2.87670070874181e-11
"pgaptmp_003113",39.1273504978339,2.33041911661744,0.582331722238589,4.00187561079257,6.28423356404411e-05,0.000104840507957742
"pgaptmp_003114",188.378057848932,1.19638537751974,0.267907109473312,4.4656723738006,7.98176771745589e-06,1.39737250443889e-05
"pgaptmp_003115",233.494952485635,-0.573415283961117,0.266600066240467,-2.15084449170358,0.0314884760317999,0.0421886637114324
"pgaptmp_003116",1086.41136436201,-0.867633318995712,0.129079354363198,-6.72170482472666,1.79610526158569e-11,4.14966094576161e-11
"pgaptmp_003117",253.244673466747,-1.61602895452834,0.296709410022582,-5.44650388541888,5.13694815960798e-08,1.0218985061497e-07
"pgaptmp_003118",699.754123376885,0.716246109867638,0.1910951969526,3.74811152394007,0.000178171033304745,0.000289459880384226
"csn",2440.2717244762,1.30601801416187,0.129964994622072,10.0489983318944,9.28059279343145e-24,3.18069671981141e-23
"sufB",100429.125726163,1.39536977133063,0.119852679866901,11.6423743956349,2.50931065143098e-31,1.04939935332878e-30
"sufU",14010.4574076727,1.11930548960779,0.0955760981649918,11.7111444293901,1.11760815202106e-31,4.70558545455021e-31
"sufS",72728.0689615772,0.733160370056285,0.116623116157317,6.28657846071699,3.24539030405128e-10,7.12225395735782e-10
"sufD",68234.0662258487,0.618579223377333,0.109295941224492,5.65967241278228,1.51662214514896e-08,3.09307815027092e-08
"sufC",22603.0974132184,-0.0145667053842131,0.0820047969827193,-0.177632357132506,0.859011711326648,0.886153433912912
"pgaptmp_003125",143.045103330273,-0.392425669246874,0.29323394613916,-1.33826821353296,0.180809019714062,0.220285162479784
"pgaptmp_003126",100.347665087694,-1.09866566328146,0.406152762345141,-2.70505525294896,0.00682930291229716,0.00978770328824414
"metQ",14441.7851389157,-0.516062422023996,0.117902231576474,-4.37703693241179,1.2030359561396e-05,2.0816828585549e-05
"pgaptmp_003128",6545.49213053961,-2.10095078984918,0.131474026566596,-15.9799683991954,1.76235244681139e-57,1.20578599393971e-56
"metN",5771.72344023761,-1.79867443128482,0.125770271574959,-14.3012685649868,2.14856982002097e-46,1.21350180123187e-45
"pgaptmp_003130",1261.18156154324,1.8734932522712,0.15126965983725,12.3851223985489,3.14604545214147e-35,1.42106567631924e-34
"pgaptmp_003131",516.103068175229,2.12567971917638,0.174703041011517,12.167388196959,4.63682802096323e-34,2.05455641595537e-33
"pgaptmp_003132",362.163150472041,1.57005930091726,0.216061271537519,7.26673174578919,3.68289134852769e-13,9.1081206639336e-13
"pgaptmp_003133",5335.46604626448,1.41377003680724,0.108498300733862,13.0303426620027,8.22374998087848e-39,4.03809992464772e-38
"gcvH",13724.5635532143,1.55726614343759,0.115575051111361,13.4740683950648,2.22273113283085e-41,1.14268028679509e-40
"pgaptmp_003135",3392.03508835836,1.81594988116357,0.14204165271595,12.7846293424581,1.99813137676634e-37,9.52246476866109e-37
"pgaptmp_003136",33116.5088308223,5.55465342987931,0.150718826147079,36.8544101083882,2.48556218811061e-297,1.00557200697257e-295
"pgaptmp_003137",19351.9313991819,5.28410198093363,0.127959014716033,41.2952693693378,0,0
"pgaptmp_003138",43767.8431252973,4.65865862883558,0.12398597975656,37.5740760203904,0,0
"pgaptmp_003139",1.0753490356054,0.520774137853382,4.99745499510467,0.104207869478267,0.917004389035634,0.932793204698177
"pgaptmp_003140",67.9309308877055,-1.47298479288126,0.445130839106751,-3.30910524158945,0.000935946484957037,0.00145149700708754
"pgaptmp_003141",4.31587557944248,0.669858473061086,1.85560007428453,0.360992911319733,0.718104746231092,0.757807163445456
"pgaptmp_003142",4.02993715103515,0.499042628142625,1.75711599945315,0.284012340845988,0.776400923280834,0.812644610925553
"pgaptmp_003143",711.444187714531,-0.932572614795177,0.204490862923316,-4.56046104683362,5.10414303685475e-06,9.07674170242397e-06
"pgaptmp_003144",7665.4178510781,0.13939891169148,0.0878700126857135,1.58642189105026,0.112643637797252,0.141355232596551
"pgaptmp_003145",66.8725549100235,-1.16337027617114,0.473807446401424,-2.45536511721578,0.0140741558786239,0.0195389810444752
"pgaptmp_003146",430.770516568263,-1.32574163335897,0.218492783785629,-6.06766782128466,1.29780978462965e-09,2.79055344794428e-09
"pgaptmp_003147",336.643923638106,-1.09188642270244,0.231066991407558,-4.72541065277716,2.29650792180699e-06,4.17159711320919e-06
"pgaptmp_003148",1024.18862092396,-1.33038600576985,0.187582997956082,-7.09225260426494,1.31946381907713e-12,3.18072819598773e-12
"pgaptmp_003149",3021.30502173165,0.164118876269699,0.119631722007532,1.37186754077958,0.17010467672776,0.208266318019974
"pgaptmp_003150",6441.33257082953,0.269640931579553,0.0995186301052589,2.70945180107844,0.00673944965087151,0.00967009699327053
"pgaptmp_003151",390.539067635236,2.46747624327939,0.190977064902379,12.920275241117,3.45901887416745e-38,1.67854866357904e-37
"pgaptmp_003152",9628.64383360354,2.32957247036906,0.100540803084726,23.170418366421,9.05177274794566e-119,1.20755190565784e-117
"pgaptmp_003153",531.708762608128,0.751278195159511,0.185366141442046,4.05294186583904,5.05775739075715e-05,8.47589959855836e-05
"pgaptmp_003154",40189.5911532219,-1.4429951846709,0.139512294986386,-10.3431398989724,4.49561506563257e-25,1.59207224303372e-24
"pgaptmp_003155",6057.45866380271,-0.732580916995871,0.0952539430937068,-7.69081985692906,1.46195154759149e-14,3.81316304144046e-14
"pgaptmp_003156",5679.58599914133,-2.57353922712507,0.111279651161985,-23.1267729567096,2.49075018602741e-118,3.31091864014072e-117
"pgaptmp_003157",8780.86519875909,-1.83104109410131,0.108944501059781,-16.8070997277463,2.16508188410622e-63,1.59257604202438e-62
"spxO",1450.38432175373,0.424156207180448,0.165427252073197,2.56400443013326,0.0103472223860496,0.0145990757092026
"pgaptmp_003159",705.622730233523,-0.31361892814364,0.142770508774145,-2.19666463919217,0.0280444060585307,0.0377645728472689
"fumC",45673.2614943027,1.42408766356496,0.0834096269199864,17.0734208526201,2.34073595752317e-65,1.75649581328654e-64
"pgaptmp_003161",540.344027621738,0.82274264144042,0.187404754226198,4.39019087235838,1.13251207853359e-05,1.96513284676085e-05
"pgaptmp_003162",24.5329669874423,-0.644476109911959,0.829263203844887,-0.777167136952223,0.437060168210764,0.491461615130049
"pgaptmp_003163",34.392667471682,-0.771497545972809,0.652464144925272,-1.18243669322422,0.237032470980448,0.28322146291789
"pgaptmp_003164",162.841326060884,-0.94635491972024,0.387241789631517,-2.44383469206862,0.0145320834302373,0.0201371610302842
"pgaptmp_003165",2946.2430933907,-0.764340876220528,0.110292253576132,-6.93014107008814,4.20421162645901e-12,1.00243918473289e-11
"liaS",5522.67359847554,-1.2317504174589,0.108322273977905,-11.3711646942543,5.82056778579737e-30,2.36766702718446e-29
"liaF",4749.43389648827,-1.6370656435704,0.0900886736881024,-18.1717143404521,8.64544413605415e-74,7.28016811637863e-73
"pgaptmp_003168",6851.15711366288,-2.14947295959289,0.0864480731277569,-24.8643246960091,1.8101594723698e-136,2.85483625261033e-135
"liaH",7235.63017087103,-2.47615042490326,0.119188496375872,-20.7750789731795,7.27443823995694e-96,8.03426086917499e-95
"pgaptmp_003170",2714.63040178501,-2.27787378740175,0.168571645494044,-13.5127932145756,1.31438226695202e-41,6.79462610777143e-41
"pgaptmp_003171",654.664490175768,1.07185666289805,0.150435513665027,7.12502411687671,1.04062465487486e-12,2.51997720588433e-12
"pgaptmp_003172",1302.32479116499,0.449113346127744,0.151213338481876,2.97006435170779,0.0029773737203957,0.00444159718930372
"pgaptmp_003173",3640.60672585819,0.195365663050588,0.121267186693171,1.61103484279635,0.107172128384698,0.134761710083731
"pgaptmp_003174",3281.53584117596,0.165587244423756,0.116720910250344,1.41865963920777,0.155998269429434,0.192196477595615
"pgaptmp_003175",1132.39920276963,0.000902428221688399,0.13271418458632,0.00679978726088197,0.99457459653699,0.995912469279171
"pgaptmp_003176",1300.01225304345,-0.663279629566317,0.147674121856926,-4.49150887932102,7.07203519082654e-06,1.24278163268444e-05
"pgaptmp_003177",4777.06030313784,0.864498632164584,0.116823566322793,7.40003630582469,1.36147269348672e-13,3.41929916677299e-13
"pgaptmp_003178",8767.05436350278,0.604612430976624,0.0804869516395928,7.51193104795394,5.82614756548372e-14,1.48730598345202e-13
"pgaptmp_003179",1391.57375290008,-0.310314392750135,0.128935115987303,-2.40674846704053,0.0160952511848686,0.0222122821320285
"rsoA",5.91911506592734,-3.74892483081481,2.07828452417431,-1.80385543327097,0.0712539730933002,0.0916720663163717
"pgaptmp_003181",19.8511432862336,-3.62025666911782,1.10346125679161,-3.28081901094015,0.00103506139907262,0.00159921067967966
"pgaptmp_003182",10.7560651285332,4.45219297961644,1.4314132559716,3.11034773573787,0.00186867211113913,0.0028307682530158
"pgaptmp_003183",487.520979172216,0.451542908308015,0.171024147143111,2.6402289726384,0.00828500304503909,0.0117877604486374
"pgaptmp_003184",8.6170583168066,-1.0535784226244,1.14759508557802,-0.918075056145549,0.358579572771181,0.412908864631911
"pgaptmp_003185",2193.84567691662,-0.509490318368457,0.109341979848046,-4.65960392409668,3.16818411007987e-06,5.70763855649432e-06
"pgaptmp_003186",1769.77247832769,-0.966265139468032,0.163912702786355,-5.89499851471224,3.74684751689242e-09,7.87007136448847e-09
"pgaptmp_003187",1036.14820227511,-1.64277093232906,0.18243339493237,-9.00477093537646,2.16116495882786e-19,6.50271299657016e-19
"pgaptmp_003188",11695.7059301894,-5.05754795312767,0.0987695624105858,-51.20553164044,0,0
"pgaptmp_003189",644.688037806919,-1.75559867775736,0.158242749555382,-11.0943388097724,1.3364458381393e-28,5.230548275031e-28
"pgaptmp_003190",1234.0142540231,-6.00369358931504,0.273721893651054,-21.9335527357145,1.24330752380995e-106,1.522233751191e-105
"sspJ",5.76609455441658,1.73862329628705,1.73477402936837,1.00221888664086,0.316237887978387,0.368630572832934
"pgaptmp_003192",476.053058175278,-1.29414104707036,0.18361098133482,-7.04827694761051,1.81146832168668e-12,4.34986135052762e-12
"pgaptmp_003193",3210.96610230404,-0.0777489337390188,0.101049605635368,-0.769413529623974,0.441647859302182,0.496020921038841
"pgaptmp_003194",1703.71638423243,-1.26670929237917,0.159284200444644,-7.95251059956438,1.82769188980208e-15,4.89048829176372e-15
"modA",4643.52113280554,-1.58237506849849,0.107866247347539,-14.6697888116953,1.00657857111395e-48,5.93737787905884e-48
"modB",2463.59228507006,-1.46834575770417,0.153832226617975,-9.54511151522655,1.35961249015531e-21,4.37757585498101e-21
"pgaptmp_003197",295.99281323399,-0.26445116080997,0.237501157248423,-1.11347314629443,0.26550527525845,0.314516433644796
"pgaptmp_003198",1209.03929882504,-0.365464229834886,0.147367101342971,-2.4799580537608,0.0131397839286769,0.0183238200758844
"pgaptmp_003199",91.0368508484042,1.77037423514276,0.363509865376969,4.87022335227914,1.11472171930525e-06,2.05803285677288e-06
"pgaptmp_003200",216.78692454046,1.07877377820813,0.243448059176251,4.43122767894866,9.36980911391296e-06,1.63499435171046e-05
"pgaptmp_003201",253.510404898537,0.698012029097666,0.291752262930958,2.39248197112647,0.0167348502521248,0.0230266590160475
"pgaptmp_003202",23596.4723776519,1.43585936287614,0.101012380454783,14.214686916708,7.42829111143428e-46,4.15136629380756e-45
"pgaptmp_003203",5.87841862961505,2.75413291905505,1.54379335112584,1.78400361489221,0.0744230777660264,0.0956170850690888
"pgaptmp_003204",4481.87871312851,-3.37749337344576,0.126637276329033,-26.6706097237141,1.03231980761263e-156,1.95040321011889e-155
"cysI",48296.3318985986,0.954394218745723,0.0741405492870114,12.8727697315957,6.40629712994907e-38,3.08863185462052e-37
"pgaptmp_003206",25156.9464547104,1.14558944734323,0.0745780640798431,15.3609437503871,2.99187390752824e-53,1.90680730887331e-52
"helD",2478.95226022509,1.46897263681707,0.107555820039716,13.6577698563838,1.81456239324444e-42,9.55275986938586e-42
"pgaptmp_003208",543.563277110291,-1.50410148837721,0.165861259140683,-9.06843162875926,1.20742398568637e-19,3.67760398913638e-19
"pgaptmp_003209",256.347770530596,5.20452781804278,1.00015902022162,5.20370032446393,1.95358948397133e-07,3.74228515663474e-07
"pgaptmp_003210",4451.24939471422,-0.80466358223294,0.120172915458714,-6.69588134032901,2.14375626966672e-11,4.93448412844745e-11
"pgaptmp_003211",12412.5902532944,-1.02097009523568,0.0808751942164092,-12.6240203207886,1.55666659996249e-36,7.29711975448411e-36
"pgaptmp_003212",123555.36793574,-6.36643240452403,0.109122369542516,-58.3421385662228,0,0
"pgaptmp_003213",19592.0552788529,-1.52193598078834,0.136173424823515,-11.1764537226028,5.31725337252144e-29,2.10316865595375e-28
"copZ",693.826578004071,-1.23328225299,0.21292714709524,-5.79203859073152,6.95371589185274e-09,1.44107631121803e-08
"csoR",399.173179508381,-1.12266793932635,0.209633100080499,-5.35539444341208,8.53699739870806e-08,1.67765070316744e-07
"pgaptmp_003216",68.3559371541552,3.07670355111499,0.443683305491511,6.93445868490955,4.07779555221738e-12,9.72920195214941e-12
"azoRB",2699.62590964871,2.34843603741177,0.114250424014097,20.5551625534624,6.91981145204078e-94,7.37981037951168e-93
"pgaptmp_003218",1073.59281527233,-1.78533852444072,0.145007966414945,-12.312003047694,7.80614473537905e-35,3.50899404650734e-34
"pgaptmp_003219",147.586427335637,-1.43944935237318,0.333772027705344,-4.31267222202316,1.61293152798749e-05,2.77034201530661e-05
"pgaptmp_003220",325.317321672149,-1.59131348173163,0.254109548208446,-6.26231282118639,3.79309047579529e-10,8.31441858121913e-10
"pgaptmp_003221",206.062081311417,-1.37081107836939,0.329604130404409,-4.15896207577092,3.19696967721815e-05,5.39642682022945e-05
"pgaptmp_003222",171.144275845307,-1.83830536748211,0.31778495839435,-5.78474631640965,7.2621839761427e-09,1.50249298272391e-08
"pgaptmp_003223",122.509379122655,-1.61687588869103,0.33487646858337,-4.82827561915865,1.3772039458287e-06,2.52759027927733e-06
"pgaptmp_003224",103.601523140121,-1.18979098201322,0.375769913801928,-3.16627526130358,0.00154404606789172,0.00235337406416584
"pgaptmp_003225",35.0950641040881,-0.533563576793199,0.614926635967302,-0.86768655898908,0.385565945970601,0.439802773797909
"pgaptmp_003226",4.99342878650132,-3.27699448897895,1.83766561853036,-1.78323763362329,0.0745476287511798,0.0957440559737374
"pgaptmp_003227",413.435087552565,-0.570110249779176,0.2314054518821,-2.46368547128979,0.0137516727033215,0.0191055340805386
"pgaptmp_003228",380.604043555647,0.273656440925262,0.194142340740618,1.4095659910214,0.158667874995206,0.194969240915206
"pgaptmp_003229",41.1061057407015,-1.20364768417684,0.653143029189196,-1.84285467406892,0.0653502316076037,0.0847503700500003
"smpB",2261.00146093177,-2.24978518607717,0.125600564447294,-17.9122219392673,9.46794467908508e-72,7.74498683418784e-71
"rnr",14254.2873065291,0.167777653402327,0.0872007754958483,1.9240385472296,0.0543497519157752,0.0711786687651355
"pgaptmp_003233",1709.25808507461,0.5102452657278,0.136265365324287,3.74449710323315,0.000180755462352624,0.000293274555743883
"secG",1665.11911439538,0.202866945296188,0.15231390627621,1.33190035142493,0.182892935562217,0.222169551619638
"pgaptmp_003235",23.2910814225726,-1.08915751349702,0.74030537650418,-1.47122734491023,0.14122964441517,0.174927366560154
"pgaptmp_003236",1880.82071730983,-0.614370286525335,0.134784740528094,-4.55815906250366,5.16039500277271e-06,9.17239264580708e-06
"pgaptmp_003237",2783.80523834749,-0.373642321787438,0.114970701788197,-3.24989163305078,0.00115448992572608,0.00177415834168145
"pgaptmp_003238",2322.41613999914,-1.19382098593968,0.115925890016902,-10.2981394903729,7.18372077881306e-25,2.52720309439908e-24
"pgaptmp_003239",1898.65434824199,-1.51408596631665,0.109577919993505,-13.8174366369283,2.00068143970229e-43,1.07144407461467e-42
"pgaptmp_003240",338.356343278447,-2.1314691566465,0.250383154776691,-8.51282970113339,1.69739275861431e-17,4.83373821542653e-17
"pgaptmp_003241",42.3273746813413,-0.84079539426847,0.594736890874739,-1.41372665319588,0.15744217643803,0.193718935769371
"pgaptmp_003242",46.5299408359102,-1.1829752900071,0.608265644717417,-1.94483331465593,0.0517950430911993,0.067976428203612
"pgaptmp_003243",34.6512472557425,-0.190279272808123,0.625712272478237,-0.304100272884997,0.761051498947118,0.798374768624908
"pgaptmp_003244",93.76787747793,1.65244486672228,0.395378810634986,4.17939662489354,2.92283542911649e-05,4.95165838287282e-05
"pgaptmp_003245",87.4080376725722,2.11360464720917,0.379436822566127,5.57037304106358,2.54194488961061e-08,5.12797771226596e-08
"pgaptmp_003246",69.6005037092061,0.948321436334758,0.451556253833032,2.1001180435105,0.0357184584564493,0.0476704778241077
"pgaptmp_003247",59.0577158720963,1.40013349651058,0.473215690986727,2.95876388543053,0.0030887566207917,0.00459854085703468
"pgaptmp_003248",1081.57443231972,-4.09824694243369,0.19310701367308,-21.2226726750163,5.89746198581962e-100,6.77480046642612e-99
"opuCD",4261.67904447067,-0.498883960153187,0.114726953396899,-4.34844598746812,1.37105574584792e-05,2.36472172662001e-05
"opuCC",4970.01950332235,-0.431954468735353,0.0932239089656422,-4.63351594594205,3.5950705379378e-06,6.46105868768928e-06
"pgaptmp_003251",2330.47532573785,-0.868312965549845,0.112027747579583,-7.75087408530649,9.1262146825838e-15,2.39716097731665e-14
"opuCA",2278.75912974489,0.721703604373885,0.116353924196023,6.20265804836991,5.55173835423776e-10,1.20981089897383e-09
"pgaptmp_003253",414.896246545276,0.41008759648708,0.22644688184042,1.81096596762182,0.0701461198824821,0.090340435364221
"pgaptmp_003254",7.38003019390044,-0.364668047484373,1.70197020840167,-0.214262297708979,0.830342517350425,0.862314411154654
"pgaptmp_003255",1287.12145606689,-2.1811610719587,0.15893783998145,-13.723359221525,7.35759376311337e-43,3.90099202084159e-42
"pgaptmp_003256",4789.33270850101,0.943940041400887,0.137693941835606,6.85534910844418,7.11385752837923e-12,1.67687002663885e-11
"pgaptmp_003257",2540.64401730767,1.28140580970815,0.116009372533862,11.0457093398563,2.29944342207933e-28,8.97120379138287e-28
"pgaptmp_003258",1840.15101716377,0.100794931810043,0.169896755628857,0.593271669237942,0.552999355583319,0.604660282456262
"pgaptmp_003259",644.529091719655,1.05128783491369,0.211018716281501,4.98196488652343,6.29418581381425e-07,1.17782602307776e-06
"pgaptmp_003260",366.127572649673,1.69918249514345,0.236035382221845,7.19884654219523,6.07240451375723e-13,1.48694010527661e-12
"pgaptmp_003261",249.010410573136,2.44658572221939,0.266228117273823,9.1898096537377,3.93537115112114e-20,1.21858996875814e-19
"pgaptmp_003262",232.218391646267,2.24967213642363,0.243540935016682,9.23734704504412,2.52684420764091e-20,7.88341503842369e-20
"pgaptmp_003263",400.354363670811,2.13489236971472,0.206602363524244,10.3333395286361,4.97961251843189e-25,1.75845519863411e-24
"pgaptmp_003264",277.425706348578,2.42087231953525,0.232599613265023,10.4078948608436,2.28212269462821e-25,8.15952033564476e-25
"pgaptmp_003265",300.335152154959,2.28332103363564,0.341588205609441,6.68442585586901,2.31831739070805e-11,5.32969569377108e-11
"pgaptmp_003266",358.107122069041,1.01542801814101,0.209099197781553,4.85620236191359,1.19658418614019e-06,2.20588724161158e-06
"pgaptmp_003267",565.171870794485,1.55262823530382,0.268995899069999,5.77194016961498,7.83639430320319e-09,1.61949248176137e-08
"eno",247828.202354463,-1.31351134280263,0.096436807300302,-13.6204358021972,3.02755678109711e-42,1.58712201961175e-41
"gpmI",243763.881915431,-1.42989012219247,0.0902621244215056,-15.8415296710188,1.60859622508365e-56,1.07490038595356e-55
"tpiA",76960.1562000143,-1.42356220403852,0.108090586691955,-13.1700849038362,1.30450888713863e-39,6.60596201078909e-39
"pgk",133514.38112118,-1.28580460776554,0.0981039107174716,-13.1065581215056,3.01995732308582e-39,1.51282384340853e-38
"gap",222945.729085445,-2.35790680389306,0.0980095908276736,-24.0579190667052,6.89765198224916e-128,1.010750420391e-126
"cggR",47111.1680683285,-3.99751740071344,0.119436587425834,-33.469789173236,1.32661272640158e-245,4.11471047305556e-244
"pgaptmp_003274",2508.12619280821,1.49967418681353,0.165613646021987,9.05525735852972,1.36246114801961e-19,4.13290985568786e-19
"pgaptmp_003275",1236.19991273417,-1.18728754418028,0.121949974362199,-9.73585726761991,2.12022331763771e-22,6.98978847497568e-22
"pgaptmp_003276",2639.67238470964,-1.30006229600638,0.104512327001541,-12.4393201577763,1.59858699322044e-35,7.30054084511223e-35
"pgaptmp_003277",31991.6031858248,1.54686728111962,0.0896513758791759,17.2542503218729,1.03962280388907e-66,7.97830118778372e-66
"pgaptmp_003278",340.286750740926,-2.87004005994665,0.249455439961343,-11.5052213749735,1.24170332223614e-30,5.10676217167172e-30
"pgaptmp_003279",1556.2935251364,-1.28066620531583,0.123479130419259,-10.3715194702738,3.34168349962344e-25,1.19021492685153e-24
"pgaptmp_003280",662.23764684268,-1.74611243821591,0.191186376632915,-9.13303797565302,6.660348912623e-20,2.04199494668722e-19
"pgaptmp_003281",934.146340669878,-4.37577729376436,0.206426393152879,-21.1977607462418,1.00149487828055e-99,1.14694274983391e-98
"pgaptmp_003282",6202.92158549233,-1.68631972413094,0.122458662650081,-13.7705221307986,3.83431889525834e-43,2.04167881661682e-42
"gntK",136860.211153475,-6.65134972820878,0.115975048402375,-57.3515581138793,0,0
"pgaptmp_003284",97034.2269841399,-6.05870280872984,0.141063619340379,-42.9501443182918,0,0
"pgaptmp_003285",30116.8417251074,-1.46719620098175,0.072302340469272,-20.2925132362112,1.49741382198979e-91,1.54897482024608e-90
"pgaptmp_003286",32357.6909203135,-0.8903519994686,0.0765551802134237,-11.6301992495666,2.89421223502997e-31,1.20765223528941e-30
"pgaptmp_003287",2866.42297348482,-0.13163229190169,0.0987290419684283,-1.33326819826514,0.18244380599431,0.221841178017257
"pgaptmp_003288",5923.37261915621,-0.109137551525215,0.088067909413307,-1.23924312785748,0.21525547328417,0.259197952624938
"pgaptmp_003289",1620.06226118989,0.36587818828146,0.145240301484329,2.51912302950526,0.0117647541317818,0.0165114686570482
"lutP",7064.75853778866,-0.161719190334004,0.105704929240268,-1.52991153294672,0.126038628268571,0.157157713372068
"rpoN",17002.4750449089,0.0439744308820433,0.102867279590078,0.42748705961001,0.669024608440481,0.712885654914249
"yvfG",593.927074352611,-1.28228010494711,0.190236257454123,-6.74046116185995,1.57884704311669e-11,3.66591933529653e-11
"pgaptmp_003293",1997.43053467821,-0.782579171242031,0.198548798492166,-3.94149537637675,8.09751962293379e-05,0.000134249300831
"pgaptmp_003294",2775.46083575911,-1.1670792875907,0.196001397003198,-5.95444372047845,2.60957908170569e-09,5.52494501826427e-09
"pgaptmp_003295",1286.92356070375,-1.06047509807893,0.167752356378636,-6.32167035368084,2.58750909616586e-10,5.71216420873626e-10
"pgaptmp_003296",1151.96703125013,-0.846345905620418,0.182818287486948,-4.62943788203267,3.66659693117023e-06,6.58007414552343e-06
"pgaptmp_003297",1939.50015035604,-1.21139788900539,0.196475155817211,-6.16565429846207,7.01922855457901e-10,1.52335677435237e-09
"pgaptmp_003298",1548.49018629248,-0.892244256472494,0.18886453327721,-4.72425521610711,2.30960220325395e-06,4.19129176036625e-06
"pgaptmp_003299",731.532080736136,-0.560020217555789,0.190649641640209,-2.93743126259136,0.00330943527611619,0.00491137085235425
"pgaptmp_003300",689.109373902664,-1.44180674635371,0.194975376729801,-7.39481451728022,1.41605798754736e-13,3.55159557254128e-13
"pgaptmp_003301",1035.95488124969,-1.4952540988225,0.200329525601104,-7.4639726437522,8.39520388242556e-14,2.12998969668629e-13
"pgaptmp_003302",1162.1497195774,-1.20699204054648,0.177248108002636,-6.80961875501953,9.78577254411423e-12,2.2965097988142e-11
"pgaptmp_003303",1681.57667847066,-1.35464304388229,0.166573048835878,-8.13242630395149,4.2078201271538e-16,1.14904669943261e-15
"pgaptmp_003304",2165.53316226743,-1.5971265500104,0.135362815556679,-11.79885734086,3.95647338000664e-32,1.67913271612141e-31
"pgaptmp_003305",2810.34209907323,-1.9986100642705,0.153094676089622,-13.0547326355131,5.971931998129e-39,2.95972448695554e-38
"pgaptmp_003306",3640.15767884609,-3.98651533536095,0.180221261955605,-22.1201166394172,2.02404456797758e-108,2.51956317124166e-107
"pgaptmp_003307",2122.56239103996,-5.31258115386675,0.214012941635276,-24.8236443706312,4.9813876201743e-136,7.69324677273392e-135
"slrR",395.816127590702,-3.10157591172675,0.271146700825028,-11.4387374151685,2.67753648600281e-30,1.0927402193972e-29
"pgaptmp_003309",13404.2296107597,0.491402082809317,0.105260509668623,4.66843723592379,3.03499464025114e-06,5.47298936580172e-06
"pgaptmp_003310",127.169398990193,0.845944874059158,0.388509516880965,2.1774109443974,0.0294499198280455,0.0395856271578134
"pgaptmp_003311",2.58233998065206,-1.01949911013341,2.62672056708904,-0.388126214454259,0.697922633295664,0.739865577079596
"pgaptmp_003312",28.300406099268,-1.36029925819027,0.695825988962911,-1.95494172360207,0.0505899491121973,0.0664886266227396
"pgaptmp_003313",113.537965764249,-0.315926023818592,0.373850943350839,-0.84505878462399,0.398078018598615,0.452549292982298
"pgaptmp_003314",738.196057728309,0.373231248643378,0.200551461496466,1.86102482554062,0.0627406709663194,0.0815365842655869
"pgaptmp_003315",223.641380320165,-0.336391078658623,0.246426467208412,-1.36507690293724,0.172228880610586,0.210589978197307
"pgaptmp_003316",67.4434035138232,1.58998101505443,0.546722312525707,2.90820582702973,0.0036350899794386,0.00536897019978987
"pgaptmp_003317",1626.64331944217,0.643344799444434,0.107734638914165,5.97156871669664,2.34983046738725e-09,4.98635632817295e-09
"pgaptmp_003318",351.16236450195,1.842630221232,0.210191179144273,8.76644885258117,1.84389817904943e-18,5.40818677889834e-18
"pgaptmp_003319",71.2138152243585,1.27810204115088,0.488439954216046,2.61670248332215,0.00887836888502461,0.0126089052248863
"pgaptmp_003320",1889.9753118455,3.50467395494003,0.113200730981409,30.9598173488438,1.87423825278756e-210,4.91261604005303e-209
"pgaptmp_003322",462.199001877873,-1.14158753671052,0.197486374797049,-5.78058885269269,7.44396101134126e-09,1.53924571578957e-08
"pgaptmp_003323",513.520473547089,-2.58671730423096,0.206362804639049,-12.5348039766925,4.81550658903439e-36,2.22373641741762e-35
"pgaptmp_003324",505.8836549733,-0.73940053001314,0.213045492766232,-3.47062273138282,0.000519252986389343,0.000817537908350734
"clpP",20562.5768209977,1.31229654907379,0.0840027395082453,15.6220684796236,5.15071748736596e-55,3.38112354285293e-54
"pgaptmp_003326",363.979929584814,0.98297031852215,0.213024832525583,4.61434616269022,3.94334724406398e-06,7.0563165588491e-06
"pgaptmp_003327",40.400411769781,-0.803686576056191,0.546814989897036,-1.4697595912788,0.141626876855324,0.175361023172161
"pgaptmp_003328",210.948212033853,0.510612446583166,0.25654734669598,1.99032441052008,0.0465552106831224,0.0614462745257382
"pgaptmp_003329",8.6091514973694,0.636733399515896,1.17925951511041,0.539943406313138,0.589236062071752,0.638653646776663
"pgaptmp_003330",944.294615055846,1.39999198071533,0.213169351085395,6.56751063690437,5.11633583898443e-11,1.15903846577602e-10
"pgaptmp_003331",207.736651883324,-0.474191306868241,0.249834781246908,-1.89801958118716,0.0576935026267474,0.075292853007277
"pgaptmp_003332",515.709632299557,0.287860687231861,0.159737812347309,1.8020823185307,0.0715324551357521,0.091998548035684
"pgaptmp_003333",547.78045239383,-0.0271698661430819,0.215072489822301,-0.126328877140588,0.899471598714341,0.921096449349051
"pgaptmp_003334",5750.25555121059,0.370827477584792,0.118041740648852,3.14149448785173,0.0016808797271327,0.00255669568630483
"pgaptmp_003335",3033.11254868343,0.992006880201181,0.143897136164951,6.89386117499955,5.42980154490412e-12,1.28649155012786e-11
"pgaptmp_003336",6816.55559181309,-0.0249964618966375,0.091838719471097,-0.272177813895851,0.785485300042922,0.821921924869204
"pgaptmp_003337",1339.98629203124,-0.122261882678482,0.127285261711078,-0.960534480072021,0.336786286175064,0.390261070094516
"whiA",7837.0649895408,-0.623682738095561,0.091942790074425,-6.78337842032755,1.17397594583915e-11,2.74296200277045e-11
"yvcK",16386.6185344414,-0.963908604545174,0.0898028164215187,-10.7336121845083,7.07743622178578e-27,2.65279130085465e-26
"rapZ",9214.42857397411,-1.15541035844194,0.0976913104027529,-11.827155902388,2.82554027324648e-32,1.20603909369534e-31
"pgaptmp_003341",1982.70084729003,-2.03428060654251,0.12599873586907,-16.1452461606949,1.22658198474778e-58,8.48575863797629e-58
"trxB",11282.9894808797,0.251640998255474,0.0937164402503463,2.68513184648565,0.00725011994600445,0.010362882657077
"pgaptmp_003343",10860.9980390878,1.8983383380334,0.13105364944244,14.4852001154471,1.50284339020292e-47,8.63207268261616e-47
"pgaptmp_003344",6359.4803362858,0.263498473172424,0.093977402797798,2.80384928001648,0.00504965044642835,0.00734458732380083
"pgaptmp_003345",3446.22519968702,1.08588116830451,0.0990021405402935,10.9682594980111,5.43077106129712e-28,2.10117774325861e-27
"pgaptmp_003346",1988.15389519969,1.1385365474992,0.134729715269542,8.45052292451918,2.90000963315019e-17,8.18334788065581e-17
"pgaptmp_003347",1426.59962194684,0.960101999233517,0.11453160347089,8.38285652289451,5.16584308139457e-17,1.445659244282e-16
"pgaptmp_003348",23835.5929468514,0.988822797822649,0.0797051854779265,12.4060033471284,2.42456429600207e-35,1.10051564752679e-34
"hisIE",9734.66517581154,-5.91011953049817,0.112753259594909,-52.4163962242118,0,0
"hisF",8174.33130327133,-5.60845486472873,0.118912275228885,-47.1646417826374,0,0
"hisA",5128.47097545086,-5.34489241364302,0.120341612933263,-44.414332526913,0,0
"hisH",4429.7640477784,-5.48597113174545,0.141985413735164,-38.6375683771155,0,0
"hisB",3665.82271838267,-5.35897856508129,0.146129794997188,-36.6727303298032,1.98749579481597e-294,7.62624675082993e-293
"hisD",6752.13972620877,-5.5147820139137,0.111381288979033,-49.5126431419898,0,0
"hisG",1922.20184390386,-5.85714581689394,0.189419217929543,-30.921602786221,6.12158186279845e-210,1.59332361491859e-208
"pgaptmp_003356",1536.56454955076,-5.81940683300557,0.19696603631535,-29.5452299384676,7.56230334667512e-192,1.79279573607164e-190
"pgaptmp_003357",984.248937669672,-1.69873478708136,0.155085457613482,-10.9535401527788,6.39003541438043e-28,2.46463334842735e-27
"pgaptmp_003358",4591.3212782006,0.403167163864454,0.120250984254781,3.35271404523597,0.000800233377746185,0.00124413894401474
"ppaX",5911.51117795711,0.523567598713904,0.111967136866183,4.67608276292392,2.92406635010564e-06,5.28575762753434e-06
"lgt",4213.72209312734,0.415236330392601,0.0947380980339566,4.38299204870853,1.17060387000783e-05,2.02933749611977e-05
"hprK",5580.10097369693,-0.285177976869555,0.123295858175205,-2.31295666448352,0.0207250218713327,0.0282662262385856
"nagA",1786.14487161489,-0.0533266317501541,0.111329391878975,-0.47899867995439,0.631939567742614,0.679006660259241
"nagB",2134.28771729808,0.0855818564739163,0.115052343036009,0.743851487206402,0.456966327385795,0.511989364999979
"pgaptmp_003364",3590.67048183279,0.204954448615505,0.0997833707330756,2.05399403838307,0.0399762687167333,0.0530830082638892
"pgaptmp_003365",473.946589492031,-2.33831076204336,0.191652977063422,-12.2007536635841,3.07960259809389e-34,1.37272824791682e-33
"pgaptmp_003366",1842.01348943669,-0.929888101482215,0.135206159396314,-6.87755724764388,6.0887557968885e-12,1.43979346099231e-11
"pgaptmp_003367",16793.6225384642,0.226749939236252,0.143769282732132,1.57717931763441,0.114754270523889,0.143809897269332
"pgaptmp_003368",12744.5342714175,0.20217824256699,0.100452873305289,2.01266759142414,0.0441496110021429,0.0584060860327784
"pgaptmp_003369",92505.0286825417,0.419998222263824,0.0774742730927011,5.4211314995015,5.9222973723121e-08,1.17373753033789e-07
"pgaptmp_003370",18132.4655408907,0.599692960215144,0.0835914031635023,7.17409850199742,7.27851931997539e-13,1.77294822702542e-12
"pgaptmp_003371",171.944529803094,-1.37919248713966,0.327141600491815,-4.2158884258872,2.48796754138601e-05,4.2264788630939e-05
"uvrA",31914.8293542073,0.343446341053076,0.123486677640582,2.78124205473164,0.00541513448055715,0.00784551597377724
"uvrB",9902.55887905572,-0.476454376670472,0.127071199294731,-3.74950720001765,0.000177182409984404,0.000288105255553495
"pgaptmp_003374",495.487026793103,-0.579688317981554,0.260803450185316,-2.22270187595161,0.0262359093289713,0.0354446658883598
"pgaptmp_003375",1179.66573477549,0.795778764060106,0.149227070674267,5.33267027533585,9.67789472999524e-08,1.89285991513622e-07
"pgaptmp_003376",1698.10673003303,-2.27170206276619,0.145509583286653,-15.6120443166341,6.02742962659096e-55,3.93580580178448e-54
"pgaptmp_003377",3711.56610203374,-1.6050597300774,0.145478533106049,-11.0329661415225,2.6497881866309e-28,1.03272373095709e-27
"pgaptmp_003378",9790.37963629308,1.55510001396026,0.131511655027182,11.8248075703924,2.90567800495937e-32,1.23882400165622e-31
"pgaptmp_003379",12617.820943418,1.25185792292834,0.130903899056645,9.56318285360338,1.14189752258978e-21,3.68296583975664e-21
"pgaptmp_003380",10778.7652228239,1.95800763383714,0.12983344279222,15.0809189968925,2.16238035137228e-51,1.33251319003438e-50
"pgaptmp_003381",8703.17317927615,1.53060880396189,0.168524093241893,9.08243310803588,1.06174338217535e-19,3.24184484697017e-19
"pgaptmp_003382",339540.163707983,1.50009036765807,0.0872719315394872,17.1886921854059,3.22730377620277e-66,2.45644675971916e-65
"pgaptmp_003383",581999.834435212,2.07565950648041,0.0882636460263522,23.5165846860745,2.7599327724118e-122,3.80461843663582e-121
"pgaptmp_003384",180.140880658324,-0.853864407544215,0.299750645442434,-2.84858238181241,0.00439144823808394,0.00642996472940535
"pgaptmp_003385",12121.8355181438,-0.623544100509001,0.100724437887285,-6.19059399672973,5.99379119151918e-10,1.30385101197162e-09
"swrA",4708.32684047663,-1.55988183808566,0.140522900257742,-11.1005525449915,1.24670735673388e-28,4.88446819133002e-28
"pgaptmp_003387",151.557431322345,-0.799484068013285,0.29269847375983,-2.73142547599784,0.00630610011579099,0.0090692830877025
"pgaptmp_003388",6251.6712371543,0.658563278665404,0.0868630636793298,7.58162619150305,3.41250300142955e-14,8.7655874198211e-14
"ftsX",12803.9537764516,0.094314480559819,0.0910426252155849,1.03593762082856,0.300231245025484,0.352400092710455
"ftsE",4553.93269162738,-1.03319783083234,0.116391115465252,-8.87694758059771,6.87201672010128e-19,2.0478499785602e-18
"cccB",1294.54011391715,0.59408343813435,0.161166754655864,3.68614134722067,0.000227679927943098,0.000366715146553678
"pgaptmp_003392",1199.58775569835,-0.329773753433782,0.131008183923976,-2.51719964017783,0.0118291780780182,0.0165956278953577
"prfB",30196.4002560297,0.487971466381255,0.0922328710746042,5.29064595621827,1.21885107862651e-07,2.36772636463877e-07
"secA",87847.6850516313,0.440036520089413,0.0976230590005933,4.50750595806201,6.5594089384632e-06,1.15597159417424e-05
"raiA",101830.704195015,1.1734819153438,0.117977195754836,9.94668425398386,2.60725704603183e-23,8.88663985836124e-23
"pgaptmp_003396",28804.0037920843,0.35243288422684,0.0920188646662157,3.83000687419082,0.000128139679293137,0.000210011398647757
"fliT",24494.9918768272,0.295852341042012,0.0933631131910213,3.16883543114824,0.00153051028775953,0.00233369901312617
"fliS",21594.201070813,0.580332771296924,0.0956327794151311,6.068345758077,1.29234447515534e-09,2.78040817140357e-09
"pgaptmp_003399",66705.4954768913,0.584069545893901,0.102516427840839,5.69732635242315,1.21700832175626e-08,2.49433093258634e-08
"pgaptmp_003400",2529357.53918859,-0.0493614947971451,0.109000616397732,-0.452855189525078,0.650653019765128,0.696500011379294
"csrA",685.431407041355,0.757460811264321,0.161790375882204,4.6817420822102,2.84447224973073e-06,5.14687686606601e-06
"fliW",4460.08611747595,0.664089761901903,0.11798556605418,5.62856783343266,1.81712040790489e-08,3.6978251275134e-08
"pgaptmp_003403",4616.06421242609,0.318374702821386,0.0974490623019355,3.26708841830552,0.00108659737825665,0.00167535850947442
"flgL",60837.667494223,-0.195105812297082,0.0899053628628915,-2.17012429608482,0.0299974310781002,0.0402343922424105
"flgK",66320.9674210695,-0.349588731072418,0.090509576849147,-3.86245017646121,0.000112255464333153,0.000184792055837238
"pgaptmp_003406",15387.6188243967,-0.369374504452175,0.0860512435689185,-4.29249467099616,1.76676792152845e-05,3.02479770189921e-05
"flgM",12817.4720701359,-0.506579046008841,0.0970547159415567,-5.21952015514513,1.79387293202421e-07,3.44519868575548e-07
"pgaptmp_003408",10565.7892243538,-0.702951463621295,0.107588177562338,-6.53372405359314,6.41541008296152e-11,1.44803858876791e-10
"pgaptmp_003409",2963.78058498854,-0.368068038724833,0.122499184879511,-3.00465704393756,0.00265880460171268,0.00398072032484899
"pgaptmp_003410",1719.18234150959,-0.690243856806579,0.161505828512453,-4.27380152879966,1.92168105724542e-05,3.28096187847131e-05
"pgaptmp_003411",1071.69657499336,-1.77569584361325,0.166281452822231,-10.6788569228561,1.27836008814521e-26,4.74382477375521e-26
"pgaptmp_003412",916.779443651941,0.464005359146297,0.133581868267628,3.47356542593545,0.000513592131361327,0.000809309869994436
"degU",10987.0959674633,0.636081181297715,0.103569094722514,6.14161186792183,8.16882642821063e-10,1.7697538978929e-09
"degS",5633.61466944542,0.740455908867418,0.114767102097871,6.45181324031315,1.10519727889049e-10,2.47059716037861e-10
"pgaptmp_003415",731.205963664348,-1.6462009396587,0.185761095774643,-8.8619252206382,7.86443465286865e-19,2.33610740446745e-18
"pgaptmp_003416",5404.86926831398,-0.420922989545535,0.0834965300593962,-5.04120337990222,4.62613485082077e-07,8.72263116248983e-07
"pgaptmp_003417",8723.15615161857,-1.20363441101337,0.120987693094633,-9.94840367831393,2.56260715279199e-23,8.74245996580365e-23
"pgaptmp_003418",337.457098245334,-0.354683536186764,0.241874935030627,-1.46639227475907,0.142541449720066,0.176376089048566
"pgaptmp_003419",85.8327112521877,0.167728253629468,0.411166035968856,0.40793314368547,0.683322759045729,0.726457386223423
"pgaptmp_003420",64.072909109001,0.641129935072574,0.481015512032484,1.33286748355275,0.18257529502772,0.221928559142121
"pgaptmp_003421",140.604202022617,-0.308351160729174,0.330738147600578,-0.932312050987115,0.3511752815821,0.405797701970995
"pgaptmp_003422",424.314959671069,-1.14107376757826,0.212882146451414,-5.36011960889678,8.31668697393111e-08,1.63608398081245e-07
"pgaptmp_003423",301.218584570584,-1.08112477374653,0.270754284920523,-3.99301076274334,6.52396060429037e-05,0.000108742415446345
"pgaptmp_003424",409.477699297195,-0.990138489017885,0.219520643811079,-4.51045729380242,6.468802395293e-06,1.14108447939718e-05
"pgaptmp_003425",192.292134580804,-1.08469663867432,0.312293495589518,-3.4733244655856,0.000514053494962111,0.000809694078818865
"pgaptmp_003426",8134.82410824048,-2.03255497492568,0.11251695586157,-18.0644326836067,6.07432015172602e-73,5.06919722079019e-72
"pgaptmp_003427",10563.1981700124,-3.91418726235742,0.104116719424419,-37.5942239055933,0,0
"pgaptmp_003428",1962.36512012329,-5.48895563677329,0.45644330636802,-12.0254926738868,2.61026442486381e-33,1.14030565602619e-32
"pgaptmp_003429",4097.1977739184,-0.0829189021769076,0.143382286951251,-0.578306455699785,0.563057236675169,0.61403429091854
"wecB",4688.11316340476,-1.88980260405248,0.114529479198433,-16.5005779933586,3.63397519409596e-61,2.61618098112672e-60
"tagH",11941.7632858871,-0.149798201937355,0.0838271054501969,-1.78699003303117,0.0739390994966669,0.0950280829857024
"pgaptmp_003433",6289.43170667278,-0.864502660822683,0.11183074094379,-7.7304563443536,1.07161735397286e-14,2.80884492358239e-14
"pgaptmp_003434",31519.9438835993,0.766694063801775,0.106319700573839,7.21121353487362,5.54554107138999e-13,1.35971698733291e-12
"pgaptmp_003435",19897.8453484078,0.6800527002149,0.0800253565945573,8.49796525944069,1.92942832846739e-17,5.481933006531e-17
"tagD",10334.2395060089,1.01337031734783,0.101986745337348,9.93629430957751,2.89392932526602e-23,9.83671684807316e-23
"pgaptmp_003437",14569.5230694656,-2.14335592316529,0.0849585992617829,-25.2282398931858,1.96314652979413e-140,3.16313046921808e-139
"pgaptmp_003438",9682.25047872248,-1.60699164558192,0.116616590874442,-13.7801288267132,3.35672646646868e-43,1.79250156502101e-42
"pgaptmp_003439",86864.9826306036,-2.63317532463118,0.079598761820322,-33.0806065875125,5.64915476174233e-240,1.70944341652073e-238
"manA",2225.82604361312,0.0159923078367455,0.111889546745731,0.142929418358339,0.886345924607137,0.908559496388808
"pgaptmp_003441",247.058742609292,-0.760878055399698,0.270939900028556,-2.80829089890232,0.00498052148079538,0.00724970705964818
"pgaptmp_003442",200.810182098244,-0.955040279369751,0.288587944266044,-3.30935611949652,0.00093510814264945,0.00145080137846655
"pgaptmp_003443",264.77596450031,-0.594412266725784,0.232538798395345,-2.5561853369312,0.0105826736058849,0.0149086719004935
"pgaptmp_003444",70.3643812578938,-1.25739251796009,0.42449985496016,-2.96205641360726,0.00305591787740649,0.00455329317041911
"pgaptmp_003445",130.004733357792,-1.91475540774301,0.430785948737186,-4.44479541024019,8.7975547185427e-06,1.53874523789549e-05
"pgaptmp_003446",9928.56823679107,-1.4536075238101,0.140796497578137,-10.3241738879434,5.47883911290202e-25,1.93291366618212e-24
"pgaptmp_003447",1841.52015446072,1.19094732103697,0.134560497023109,8.85064597251335,8.70141714293324e-19,2.57650553746997e-18
"pgaptmp_003448",502.772286191863,1.85065460940552,0.245853435615331,7.52747101041573,5.17324890032846e-14,1.32609038615858e-13
"pgaptmp_003449",19922.8026162332,-1.44849962737431,0.0753170384650658,-19.2320311166532,1.99653474540073e-82,1.90053767835844e-81
"pgaptmp_003450",2.69313909821015,-0.343402867306251,2.08860833101078,-0.164417072462821,0.869402824581058,0.894146812127853
"pgaptmp_003451",153.02297986928,-0.712918300721898,0.307526832096807,-2.31823121208974,0.0204367585844593,0.027903747414291
"pgsC",32.2223050252289,-0.687406452037866,0.651960595860943,-1.05436809586646,0.291714423148233,0.343269390754892
"pgsB",211.278107666989,-3.63546405673196,0.351662429851324,-10.3379370331626,4.74645051697968e-25,1.67771023971495e-24
"pgaptmp_003454",41761.7389158287,-4.99430213589622,0.105272281965594,-47.4417581023704,0,0
"rbsK",32840.2666451039,-5.42171085943001,0.104950475835182,-51.6597072694028,0,0
"rbsD",11329.1593864069,-4.83820725489878,0.119401480280214,-40.5204964255414,0,0
"pgaptmp_003457",45978.29509151,-4.40844174121812,0.113387117031722,-38.8795645980202,0,0
"rbsC",21416.7857459202,-3.41926220106327,0.121530983822926,-28.1349010228144,3.66715761037672e-174,7.88968822301858e-173
"rbsB",16766.5565158339,-3.01809760770396,0.122980834621146,-24.5412028386497,5.36931656558212e-133,8.12381961670596e-132
"pgaptmp_003460",9614.46401437543,-2.82161834323081,0.111816805469822,-25.2342957874281,1.68457179083029e-140,2.72607661107406e-139
"pgaptmp_003461",1433.76222684821,1.22954504311918,0.140855901103148,8.72909855738876,2.56710448625519e-18,7.50570534001715e-18
"pgaptmp_003462",527.331298501179,-3.05641952972578,0.234662830700923,-13.0247279494432,8.85159993082676e-39,4.34066600033428e-38
"budA",25823.4585215861,-8.202044377893,0.129552395509756,-63.310634632575,0,0
"alsS",30221.0396194296,-7.74532873836628,0.11262900446018,-68.7685092795489,0,0
"alsR",2256.93758716866,-2.08979619545868,0.128586793822057,-16.252028169787,2.16095607930097e-59,1.51756198625627e-58
"pgaptmp_003466",66.1359236557179,-0.93213107746564,0.47389555776136,-1.96695466374267,0.049188437663322,0.0647839224992514
"pgaptmp_003467",204.112380856054,-1.20714740564489,0.282238499566702,-4.27704727561311,1.89388594312754e-05,3.23647542714449e-05
"pgaptmp_003468",78.0843961478861,-1.35742790587311,0.503036042336603,-2.69847047056083,0.00696589176176466,0.00996810808815381
"pgaptmp_003469",27.9468225690175,-1.65034984695931,0.697588846977307,-2.36579161795716,0.0179915678216633,0.0247010754084215
"pgaptmp_003470",4.40249785923029,-0.680171154095028,1.73469461656787,-0.392098498259458,0.694985437075378,0.737802566113678
"pgaptmp_003471",953.565047499092,0.153825252024246,0.130512606650502,1.17862370518867,0.238548048023993,0.284575588059392
"pgaptmp_003472",703.087610136419,-0.48188374059121,0.164505718404275,-2.92928261257749,0.00339745366657256,0.00503797711035182
"pgaptmp_003474",1423.79983585167,-0.908342952851774,0.153977202901653,-5.89920414018653,3.65259096212145e-09,7.67642211237494e-09
"chrB",2123.84349334674,-1.07632129065666,0.14142420153478,-7.61058771395619,2.72852317604726e-14,7.02807146107122e-14
"pgaptmp_003476",1929.78590240113,-0.758799638897326,0.140304417568781,-5.40823768806383,6.36479202799244e-08,1.26009340043552e-07
"pgaptmp_003477",990.976235653527,0.942291346583218,0.149187306243818,6.31616301887791,2.68137202689293e-10,5.91236177967741e-10
"pgaptmp_003478",2782.07992555336,1.12467485207373,0.112543613384714,9.99323567326019,1.63166882341439e-23,5.57162510160399e-23
"pgaptmp_003479",10871.3109560997,0.60465176351288,0.106503978669826,5.67726925383102,1.36861957799663e-08,2.79890223588103e-08
"pgaptmp_003480",1408.8144019859,0.0330789083085989,0.129649717764656,0.25514061178787,0.798614498186039,0.832617132282475
"pgaptmp_003481",2301.97382281263,-0.117686980499729,0.113585530970449,-1.03610890836393,0.300151336689077,0.352400092710455
"pgaptmp_003482",2821.96986806501,0.663462287227382,0.118432586382964,5.60202480997932,2.11862221821795e-08,4.29026762579283e-08
"pgaptmp_003483",1611.1530052104,1.3318464405949,0.124520367041655,10.695812036511,1.06482798797393e-26,3.97521541749143e-26
"pgaptmp_003484",2898.16087988503,0.438814086132224,0.101706889174586,4.31449717608582,1.59966578637825e-05,2.74882551103409e-05
"pgaptmp_003485",3594.05496319808,-0.247941464217571,0.0997067151400629,-2.48670777960417,0.0128931255158798,0.0180068342101706
"pgaptmp_003486",494.667600252419,-1.53429391148342,0.235865000081807,-6.5049664467016,7.77107233538117e-11,1.74872619300415e-10
"pgaptmp_003487",1579.37243306616,-0.523310189816357,0.147626654429563,-3.54482184696561,0.000392878531794185,0.000623048101976122
"pgaptmp_003488",6208.55768193725,0.0383195635898694,0.0935119296865827,0.409782620445353,0.681965416318527,0.725428773803246
"pgaptmp_003489",1513.21268027672,0.22553824876773,0.148159186023684,1.5222697614691,0.127941501544369,0.159370237198173
"pgaptmp_003490",480.040397675792,-0.28367474123332,0.17304898845907,-1.63927419489317,0.101156167774608,0.127844908813953
"ssb",620.681348751031,-0.37388659510101,0.171261098237514,-2.18313790433882,0.0290256559515579,0.0390435458806283
"pgaptmp_003492",44.3560727982608,-0.79716349134815,0.63838164324185,-1.24872558568566,0.211765459430111,0.25526004629064
"pgaptmp_003493",2216.32988658801,-0.494282059139843,0.166237062077569,-2.97335656057975,0.00294562048334512,0.00439599015196894
"mscL",789.096760527438,-0.951661868354037,0.141771825659434,-6.71263041106721,1.91146834569681e-11,4.40798338456229e-11
"fabZ",642.229129836098,-2.23295394692781,0.197560827312667,-11.3026148822198,1.27368005277956e-29,5.1244397028914e-29
"pgaptmp_003496",1065.8176067262,-0.418542406481369,0.129155761321143,-3.24060190734095,0.0011927762945338,0.00183148241264637
"pgaptmp_003497",12453.8343610253,-0.268443013343636,0.0958647787617981,-2.800225659631,0.00510668939348544,0.00741885164814708
"pgaptmp_003498",6719.91985156515,-0.626211565573063,0.087137494177033,-7.18647663083838,6.64846632547355e-13,1.62692910344593e-12
"mbl",7359.590629134,0.0860905428961175,0.118292116844102,0.72777920619661,0.466748755348155,0.522477854858898
"spoIIID",0.658710952282962,0.506680787296003,4.79416044154304,0.105687073570888,0.915830636702653,0.932363684301771
"pgaptmp_003501",287.406588372705,-2.20927946688734,0.256076172731475,-8.62743082779521,6.27454605794657e-18,1.81037677733931e-17
"pgaptmp_003502",1038.19488856701,-1.32210229985675,0.147701652926785,-8.95116793657081,3.51740781595519e-19,1.05239484654222e-18
"pgaptmp_003503",104.489835094909,-1.43619586332375,0.355918319430787,-4.03518387483013,5.45595532830964e-05,9.13087487948223e-05
"pgaptmp_003504",2025.68379218151,-2.79986291211653,0.135926419129742,-20.5983717517347,2.83826460785943e-94,3.06203503491385e-93
"pgaptmp_003505",787.431115373993,-3.12590067487661,0.172318089749534,-18.1402932183158,1.53211584758965e-73,1.28435477133529e-72
"pgaptmp_003506",3576.70678042697,-1.53712722602768,0.138276937143548,-11.1162950075468,1.04522998412285e-28,4.10374050728402e-28
"pgaptmp_003507",4139.31606481137,-1.30344180333395,0.128357259759746,-10.1547961196249,3.15468852251982e-24,1.09429176894863e-23
"ftsW",4962.46589677408,-3.02781879443524,0.0921364232464534,-32.8623435526274,7.58985527334522e-237,2.25995530619127e-235
"pgaptmp_003509",6517.65957486414,-2.08461541681424,0.101904842971685,-20.4564901532056,5.25905758539366e-93,5.51386262896766e-92
"pgaptmp_003510",302.191466869281,-0.488327175564618,0.229059018088365,-2.13188365007412,0.0330164126324098,0.0441722098554382
"pgaptmp_003511",172.222841561517,-0.520334974450477,0.292160335208564,-1.78099116048394,0.0749138948131513,0.0961481091360514
"pgaptmp_003512",2088.5652984595,-0.834941936636805,0.117355736588402,-7.11462397074946,1.12218362777487e-12,2.7092061037371e-12
"pgaptmp_003513",1731.0048872421,-0.900976458967289,0.106018340520481,-8.49830750551352,1.92374936175804e-17,5.46997335711493e-17
"pgaptmp_003514",671.04344812958,-0.464114893658033,0.170834231336793,-2.71675582830381,0.00659252236920169,0.00946292643971025
"cls",3277.6322768138,-1.14562954486461,0.0994408942806174,-11.5207083881577,1.03754467878729e-30,4.27656843238791e-30
"pgaptmp_003516",266.269710821053,-0.527340022404147,0.261518364006414,-2.01645503713542,0.0437524153654497,0.0579318712167214
"xynA",32333.983001645,1.11858243386782,0.125270830140663,8.92931285449127,4.28663012347472e-19,1.28048453608129e-18
"pgaptmp_003518",600.806211439135,-2.14176266566391,0.202009238866129,-10.6023005565763,2.90738800483655e-26,1.0724775177405e-25
"ureC",3979.10037686024,1.62098501421655,0.097010685140973,16.7093450774106,1.12059488402245e-62,8.14619952799131e-62
"ureB",143.581576529734,2.20824670588623,0.366224912780057,6.02975556502469,1.64207852050506e-09,3.51052053608262e-09
"ureA",375.98528550948,1.73581528391865,0.2108861289624,8.23105479938009,1.85572045473722e-16,5.12008267793322e-16
"pgaptmp_003522",3.64486202458891,-3.19311353874627,2.83281415845703,-1.12718779282206,0.259663090567895,0.308086076854863
"pgaptmp_003523",33.0834419366118,-1.27763648057637,0.690841544308435,-1.84939150099223,0.0644013017779382,0.0835488481064781
"pgaptmp_003524",2935.27312543019,-0.426021433065888,0.0969875464517872,-4.39253748188861,1.12035307201209e-05,1.94584887262203e-05
"moaA",5740.98974329504,-0.397867157327276,0.101705887594058,-3.91193830307341,9.15583051080566e-05,0.000151256108127912
"fdhD",2174.35694929639,-1.38445614354808,0.103881688372083,-13.3272395283878,1.60735922978217e-40,8.21784485336432e-40
"pgaptmp_003527",10.6468807688526,-0.999834533763026,1.14005097232544,-0.877008623328128,0.380481954265253,0.435148244099767
"pgaptmp_003528",604.87149834235,0.838246506075339,0.208000273469557,4.03002598070154,5.57706883283637e-05,9.32099245434081e-05
"pgaptmp_003529",103.525575182307,-1.36593755961417,0.360895226106052,-3.78485904164546,0.000153795724299117,0.000250844735250357
"spoIID",332.738222775062,-0.651031298966442,0.220599720566989,-2.95118823039825,0.00316553940755885,0.00470532654749762
"murA",22425.1697975406,0.996823348562759,0.081329850454847,12.2565496307679,1.54958547928016e-34,6.94886404082018e-34
"pgaptmp_003532",3091.29313808906,1.11213820933916,0.16487560272715,6.74531702049104,1.5269325682612e-11,3.54980825675715e-11
"pgaptmp_003533",1874.78298778028,0.486562186217142,0.15751938823189,3.08890347835059,0.00200896696158406,0.0030346489573928
"pgaptmp_003534",110.808927537477,-2.26566653046877,0.55348761932022,-4.09343669376275,4.25026157960692e-05,7.13875162423148e-05
"pgaptmp_003535",57895.1909045747,2.28935332127915,0.0955248013344372,23.9660621042697,6.2844403723176e-127,9.13698713506489e-126
"atpD",174780.719318489,2.45349732064907,0.0739492892256935,33.1781055144558,2.22793850696252e-241,6.85321249827646e-240
"atpG",80458.4014800595,2.57028643925421,0.0698432799503038,36.8007693951811,1.79467931242526e-296,7.1061663838796e-295
"atpA",148785.392534771,2.58391826074794,0.08067984418616,32.0268127289119,4.61790792157508e-225,1.30211009728049e-223
"pgaptmp_003539",30799.143337217,2.3994147569374,0.093887182664025,25.5563612503285,4.66575807617202e-144,7.89361434523285e-143
"atpF",33394.1438475769,2.03547144514329,0.0697809051593864,29.1694617674287,4.7330837837982e-187,1.0807691928403e-185
"atpE",17368.2942113559,1.5845188385903,0.0873782454400859,18.1340198651251,1.71733606066767e-73,1.43638759950676e-72
"atpB",40134.4306033137,0.586963490748735,0.082985653699239,7.07307184535823,1.51540976291769e-12,3.64364026975429e-12
"atpI",14769.4678293697,-2.18991102454097,0.0914165951702405,-23.9552897421175,8.1387605928079e-127,1.17869521114518e-125
"upp",4859.54847161451,0.171256379082299,0.117042691688812,1.46319583573512,0.143413799953457,0.177396531547613
"glyA",59776.1093435914,0.594280710773149,0.113371812910091,5.24187357967399,1.58954265061492e-07,3.06542888372474e-07
"pgaptmp_003546",8388.7919587194,-0.997056521343773,0.133828571988075,-7.45025151604112,9.31624512516609e-14,2.35884791536518e-13
"rpiB",3598.22887944858,-0.918988808654673,0.0942877526879915,-9.74664028419161,1.90674313016646e-22,6.30835371598185e-22
"pgaptmp_003548",1007.21845178106,-0.107762302130424,0.127780659408089,-0.843338128239476,0.399039364430483,0.453365236388968
"pgaptmp_003549",1252.40415676464,-1.20242693688179,0.117864253662373,-10.2017948573805,1.94641709713887e-24,6.7769545702066e-24
"pgaptmp_003550",6552.1121475962,-1.38036771301909,0.095802181323243,-14.4085207033193,4.57402556566361e-47,2.60712452609494e-46
"pgaptmp_003551",609.22348364369,0.492617094964896,0.179203506096238,2.74892554111271,0.00597909668286179,0.00861230567090231
"spoIIR",1114.13937722423,0.211613567668572,0.119209351812674,1.77514233951295,0.0758743875507024,0.0972363374961908
"pgaptmp_003553",2411.49350970068,-2.03239639202329,0.115145064737612,-17.650746878771,1.00419363337681e-69,8.05519117118205e-69
"pgaptmp_003554",666.326343525827,-0.468649919294917,0.168710938633018,-2.77782770395421,0.00547236272076323,0.00791302799016346
"prmC",2197.15290158365,-1.25144655923347,0.120506199527664,-10.3849143375082,2.90429924293602e-25,1.03542162664826e-24
"prfA",11561.6195963811,-1.19092278873962,0.103530759145555,-11.5030817755841,1.27287947186056e-30,5.22920242192606e-30
"pgaptmp_003557",350.450918634719,-0.785894509697729,0.265690607218316,-2.95793109860284,0.00309711342957621,0.00460729663664375
"racA",1356.82178212092,0.835741557450655,0.148646805688463,5.62233109268568,1.8839774043787e-08,3.82969082419307e-08
"pgaptmp_003559",633.194394279158,-6.03172917679154,0.314758727817666,-19.1630243857308,7.53641799586252e-82,7.08347166176775e-81
"malS",2212.16863693764,-5.96439397587469,0.221471674737515,-26.9307304554571,9.593252400871e-160,1.85969194979385e-158
"pgaptmp_003561",626.338752183902,-0.887532133209521,0.186647246554859,-4.7551311342204,1.98317646744907e-06,3.61301165533307e-06
"rpmE",7001.91566843239,0.412823546143389,0.134376830934251,3.07213336758462,0.00212534742827341,0.00320394618389374
"rho",13379.4705905625,-0.0191085691814651,0.078011936379304,-0.244944172242524,0.806499658742689,0.840367225599185
"glpX",20549.4267985296,-0.244675354506339,0.0794300605121078,-3.08038736126913,0.00206731533427519,0.00312152035463377
"pgaptmp_003565",19626.2548516331,-0.889476458836984,0.083085927223725,-10.7055007816413,9.59106718422654e-27,3.58413173290072e-26
"fsa",56498.5001578139,0.177393456191576,0.0699287396832437,2.536774679411,0.0111878936375342,0.015737467920976
"pgaptmp_003567",128857.244163382,0.0111384330502037,0.0909648066379884,0.122447718649381,0.9025444487901,0.922369697527939
"spo0F",1458.3848523033,0.972176971758041,0.194340908729233,5.00243092468263,5.66118695109895e-07,1.06365158162495e-06
"pgaptmp_003569",6853.06091165715,-1.19933392086659,0.111389306093268,-10.767047241163,4.92544847307971e-27,1.8555181393525e-26
"pyrG",10146.8004115747,0.492676030177804,0.0841131729996959,5.85729931005677,4.70454797583751e-09,9.84209468431183e-09
"rpoE",1624.03703198956,1.31450532196319,0.124777983361743,10.5347537005172,5.97394536084085e-26,2.18418709558444e-25
"pgaptmp_003572",12569.8829528198,2.70185016415608,0.137493372688117,19.650766515742,5.69463712401026e-86,5.62213246036239e-85
"uvsE",26.9171417152278,-0.0402557172344693,0.698184571642569,-0.0576577009425495,0.95402128736917,0.961512924881682
"pgaptmp_003575",7.42185109133692,-1.37318539106967,1.67665328382475,-0.819003788271111,0.412784252230086,0.467838911936778
"pgaptmp_003576",1443.85554496313,-0.201727898092365,0.127899213194218,-1.57724111864579,0.114740055032096,0.143809897269332
"pgaptmp_003578",4416.57406597252,-5.52085888946808,0.146297899897025,-37.7371028111412,0,0
"narI",77892.9564079548,-10.3338532198801,0.176153506877689,-58.6639085593414,0,0
"narJ",42600.9731569968,-9.98803312855176,0.191204947845018,-52.2373152008995,0,0
"narH",138492.268221311,-10.4838311540626,0.140597739820312,-74.5661428658898,0,0
"pgaptmp_003582",175758.422840076,-9.40945490247412,0.11382628039981,-82.6650477325955,0,0
"pgaptmp_003583",2416.78983408912,-4.85804582711068,0.462313027330916,-10.5081309414051,7.92485446498262e-26,2.87768861645515e-25
"pgaptmp_003584",6953.45880302607,-6.14657999600022,0.373483334942858,-16.4574411250254,7.41703041357663e-61,5.29869236071636e-60
"fnr",11456.8571714513,-4.10068869318689,0.0861672167760321,-47.5898937741659,0,0
"narK",31994.13589493,-8.5881229550867,0.12974457777551,-66.192538465432,0,0
"argS",14258.1370963229,0.889301321431429,0.0959248865702917,9.27080920528135,1.84738973910642e-20,5.77813832685218e-20
"pgaptmp_003588",519.222833652427,-1.02443374617892,0.195658165182823,-5.23583437073372,1.64241190846606e-07,3.16410824187922e-07
"pgaptmp_003589",16.727421787981,-2.67246939302214,1.09712580184784,-2.43588236510437,0.0148555147355515,0.0205700244961766
"pgaptmp_003590",175.109568514812,-1.46657685420307,0.324520108665743,-4.51921719191107,6.20686964587839e-06,1.09643895690362e-05
"pgaptmp_003591",7657.60648537975,-0.918511731056356,0.100213056278386,-9.16558944679607,4.92769223978192e-20,1.52459439039637e-19
"pgaptmp_003592",696.29113564718,-0.41759620022443,0.157758518721403,-2.64705959214724,0.00811950433564127,0.0115567094215131
"speB",2855.66339965469,-0.0672847846719617,0.0956376116042406,-0.703538948153513,0.481719943331364,0.53665418410037
"speE",1865.7986810287,-0.134314228035137,0.157374779928791,-0.85346729695769,0.393400215690001,0.447778471803725
"pgaptmp_003595",269.683180426224,0.129588650079059,0.229526727150364,0.564590676161932,0.572352208574391,0.62252919939038
"pgaptmp_003596",415.479658669723,-1.0404749059386,0.181019723624164,-5.7478537979588,9.03833370554937e-09,1.86168666585804e-08
"pgaptmp_003597",2226.23052416327,-1.29508782847195,0.104467889157144,-12.396994319698,2.71310727158854e-35,1.22699699451428e-34
"pgaptmp_003598",4717.20663615756,-1.87662913184001,0.0861577884131701,-21.7813057461576,3.48983522116887e-105,4.23099892286337e-104
"pgaptmp_003599",4342.15808732036,-1.83533470036589,0.118176557187755,-15.5304465119082,2.1587145832067e-54,1.40222263153496e-53
"pgaptmp_003600",950.331333244943,-1.68985136325029,0.142126970909363,-11.8897303758618,1.33837939056758e-32,5.77224576094151e-32
"pgaptmp_003601",25750.6983238949,-2.29827018648849,0.0844068223767946,-27.2284884298682,2.98822517827553e-163,6.11108467777007e-162
"pgaptmp_003602",1343.1771536898,0.153179771695793,0.154092119640841,0.994079204392972,0.320184308701134,0.372647278607136
"pgaptmp_003603",5807.24828768808,-0.796246720432719,0.0900297320116964,-8.84426402967937,9.21335289168719e-19,2.72375690729624e-18
"pgaptmp_003604",155.401506657797,-1.50421636508261,0.318361817002956,-4.72486424170849,2.30269135598574e-06,4.18078889120923e-06
"pgaptmp_003605",28.7470959948923,-0.573357689842497,0.632883786297533,-0.905944665128376,0.364965141645139,0.41951830055689
"pgaptmp_003606",52.8912786769284,-2.70979554538842,0.585063613521566,-4.63162548953924,3.62805988877757e-06,6.51405639461172e-06
"pgaptmp_003607",374.754100092693,-1.11886209381801,0.225069981456502,-4.97117423912992,6.65486073921439e-07,1.24219617208405e-06
"pgaptmp_003608",525.926426125404,-0.0285545650475983,0.17998336462397,-0.158651134827133,0.873943739193355,0.898072500628843
"pgaptmp_003609",509.001595162034,0.549765660949608,0.206690411875833,2.65985081726903,0.00781752691617855,0.0111439430034533
"pgaptmp_003610",114.773642397236,0.919937419705814,0.313999032094624,2.92974603637819,0.00339239135304217,0.00503247533520245
"pgaptmp_003611",85.6775206376924,-0.666847482351031,0.438406903049855,-1.5210697589659,0.128242332415974,0.159691522667198
"pgaptmp_003612",166.829664791058,-0.329713240952418,0.317069094319184,-1.03987820591718,0.298396489046925,0.350726009864696
"pgaptmp_003613",723.254035272658,0.859616757281494,0.219762306549998,3.91157505932858,9.16961484615466e-05,0.000151416621372616
"pgaptmp_003614",2941.04097804648,-1.75344267998514,0.119488891278895,-14.6745246459144,9.38710906762957e-49,5.55466135925553e-48
"pgaptmp_003615",695.583047976094,-2.57214337093995,0.198797496916977,-12.938509844589,2.72870928447432e-38,1.32935287392846e-37
"pgaptmp_003616",357.478635444382,-1.85978366968493,0.269067912200028,-6.91194893690017,4.78039946002669e-12,1.13473512692725e-11
"pta",6870.14536923312,-2.86621170097889,0.0909051656279843,-31.5296901026332,3.40466617430572e-218,9.24975729982912e-217
"hemQ",11062.4131452368,1.13937101794961,0.108010841053904,10.5486727705508,5.15196970281379e-26,1.88550946252438e-25
"pgaptmp_003619",329.171025671794,1.31231284175611,0.225781515920715,5.81231300713271,6.16154932004388e-09,1.28047384529332e-08
"pgaptmp_003620",19.2011720292006,-0.609990585071369,0.887089330103446,-0.687631520717577,0.491684853415573,0.545632386527359
"pgaptmp_003621",299.3003535115,-1.28868716988309,0.284552290277434,-4.52882374844583,5.93129479333047e-06,1.05075103383037e-05
"pgaptmp_003622",1970.31299167395,-0.724181175724862,0.141798444550752,-5.10711649919169,3.27112088956708e-07,6.21179181171872e-07
"pgaptmp_003623",1972.36514514551,3.53553871696402,0.126967652672674,27.8459799999512,1.20490320849511e-170,2.54809644432887e-169
"pgaptmp_003624",5686.23615534679,4.48371089103721,0.119389882328253,37.555199851103,0,0
"pgaptmp_003626",18194.3710255931,5.27098006330427,0.0949193406648299,55.5311491460592,0,0
"pgaptmp_003627",197.815568650331,0.69896938089754,0.257011250087239,2.71960616766886,0.00653597095655711,0.00938537187511788
"rfbD",315.535085686002,0.690393842223647,0.249347349386134,2.76880361440906,0.00562625369239049,0.00812608313662297
"rfbB",244.355123644538,0.327282935837075,0.235129109756567,1.39192861392584,0.163944016016589,0.201186820841987
"pgaptmp_003630",89.0295038863302,-0.41823601644115,0.375996048321146,-1.11234152142984,0.265991337704443,0.314991969117383
"pgaptmp_003631",106.639893402258,0.196892214070964,0.342350394631102,0.575118992583971,0.565210823883189,0.615661307138785
"pgaptmp_003632",83.5098435940155,0.0699303714090359,0.406043358950717,0.172223901382718,0.863261508037663,0.889617905313647
"pgaptmp_003633",116.179028446693,-0.0390771760516033,0.382753871842306,-0.102094789697393,0.918681436624753,0.93322388294687
"pgaptmp_003634",71.4325992143689,-0.126682581954661,0.444889533543008,-0.284750645729485,0.775835186414193,0.812280889967265
"pgaptmp_003635",77.6044499340401,-0.187997503473787,0.50072626200236,-0.37544965730777,0.70732608013821,0.74770453572122
"pgaptmp_003636",54.4027418535029,-1.20089472282135,0.508959216027366,-2.359510713245,0.0182990524895636,0.0250954581304922
"pgaptmp_003637",11.3838779458255,-0.0768712902407352,1.20867684634785,-0.0635995390107871,0.949289098816921,0.957792877106449
"gerQ",12.3307126799979,-1.93448787935803,1.00289629319696,-1.92890121588885,0.0537431268662614,0.0704089821176433
"pgaptmp_003639",2342.56611765797,-0.458208023765146,0.154297038563587,-2.96964885412441,0.00298140329728731,0.00444404608430251
"pgaptmp_003640",4417.24169788848,-0.0425465349420512,0.106849385191036,-0.398191668262595,0.690488907041241,0.733447406394834
"pgaptmp_003641",279.673893465608,-0.620389408878874,0.275261132681495,-2.25382131808898,0.0242074111270492,0.0327994118001009
"pgaptmp_003642",1891.47401745892,2.39224980143973,0.124402580784357,19.2299049292758,2.08009104131287e-82,1.97502521830778e-81
"pgaptmp_003643",996.492626580157,2.18650284807519,0.14487078186936,15.0927800613854,1.8066677195899e-51,1.12073620871894e-50
"pgaptmp_003644",2251.10571483477,-0.551069998894104,0.132661968592105,-4.15394106345938,3.26797380073706e-05,5.50629175479554e-05
"pgaptmp_003645",123.980202490996,-0.387128530746707,0.316561314340367,-1.22291800422103,0.221360667629176,0.266463261615716
"pgaptmp_003646",1218.00284500203,-0.28892298589656,0.130424084864894,-2.2152579118792,0.0267423669315572,0.0361026803479347
"pgaptmp_003647",1433.15265809983,-0.674556258447202,0.111624177031737,-6.04310174000576,1.51179254210001e-09,3.23943111208763e-09
"pgaptmp_003648",985.446868697416,-1.04047255271553,0.165042450084482,-6.30427233831617,2.89550980387733e-10,6.36943705084599e-10
"pgaptmp_003649",20.0762131339925,1.0548416300495,0.771334353222329,1.36755432406555,0.171451622004246,0.209777428369429
"pgaptmp_003650",8278.23332603463,2.25682908131871,0.0947145252523297,23.8276977613125,1.72487170313433e-125,2.46922018425615e-124
"pgaptmp_003651",2647.96343761731,-0.883549975597342,0.126237468753634,-6.99911036177131,2.57592899191857e-12,6.17360444811393e-12
"pgaptmp_003653",11915.6481795936,-2.14786606301836,0.0888858762284935,-24.1643121962028,5.28097919355876e-129,7.79992244381973e-128
"pgaptmp_003654",188.767341397801,-1.40892779817837,0.391682425012692,-3.59711773672948,0.000321762863791126,0.000513551191694069
"ywcE",99.762570963529,-0.662690621787397,0.376940090530588,-1.75807943605728,0.0787339941979614,0.100669160565033
"qoxD",36286.4842579075,-0.169683376941801,0.139394851897642,-1.21728582248074,0.223495486577354,0.268772278203849
"qoxC",92731.9282311238,-0.193531606731464,0.113152451673444,-1.7103615862429,0.0871990298153198,0.111186978065303
"qoxB",216198.859357058,-0.735286848154949,0.106142100120727,-6.92738175821496,4.28700587825813e-12,1.02087241707465e-11
"qoxA",86053.33632007,-1.38777692122453,0.0828083627335753,-16.7588982007713,4.87576183637896e-63,3.57235936122097e-62
"pgaptmp_003660",4.09790514244772,5.50476388071114,2.34374257665983,2.34870669480955,0.0188387399866288,0.0258165648859472
"pgaptmp_003662",4830.45303175685,0.55405248683867,0.114900230611355,4.82203111247642,1.42103773894756e-06,2.60418634385171e-06
"pgaptmp_003663",575.733553129059,-0.0187181032925175,0.180671547469332,-0.103602938894929,0.917484455316221,0.933026541717753
"pgaptmp_003664",379.65588797424,-2.58242907745251,0.218098348893373,-11.8406631254006,2.40543482171629e-32,1.03026794090081e-31
"pgaptmp_003665",1087.61172193324,-2.88744361899977,0.140445222048886,-20.5592157346207,6.36535667195687e-94,6.80800503822514e-93
"pgaptmp_003666",2400.00791513268,-1.63499192994593,0.106257099528665,-15.387131186513,1.99691612759284e-53,1.27706560599666e-52
"pgaptmp_003667",1248.11020278889,-0.743118101836837,0.171050217327949,-4.34444406704307,1.3962881290224e-05,2.4071257138589e-05
"pgaptmp_003668",599.904867360365,-1.71538614889062,0.192562771978189,-8.9081920210669,5.18715001788021e-19,1.54700099090947e-18
"efeB",9901.18382450878,-1.8321459110643,0.0943898466163632,-19.4104130554513,6.30184529602897e-84,6.04522376077831e-83
"efeO",9459.66507588839,-2.76223518755101,0.0936895541456343,-29.4828512392886,4.77668546062787e-191,1.11816498644383e-189
"pgaptmp_003671",10030.3619374448,-4.09609608449207,0.0945440823528,-43.3247219980105,0,0
"thiE",3712.30470141401,0.386705492408764,0.141918674928965,2.72483866272233,0.0064332915033836,0.0092450621527389
"thiM",5144.01239244831,-0.103914712505616,0.121161056465811,-0.857657695770738,0.391081506214868,0.445302222290467
"pgaptmp_003674",3348.48805308945,-1.03423772661023,0.100204041237725,-10.3213175220807,5.64432444302697e-25,1.98941056599871e-24
"pgaptmp_003675",480.293165304522,-3.35462741205627,0.326947862895197,-10.2604353561155,1.06226734161768e-24,3.72644584872858e-24
"pgaptmp_003676",1171.87172279952,-3.92707014371616,0.173412741811112,-22.6457992803879,1.53464137150013e-113,1.99022131871898e-112
"pgaptmp_003677",56.0244346074756,0.0957561355155246,0.514898412128592,0.185970927973284,0.852467559715401,0.881111984798868
"pgaptmp_003678",3454.49510739396,-0.506517796667149,0.0955564820360946,-5.30071624524458,1.15349249259218e-07,2.24544929781804e-07
"pgaptmp_003679",2660.70016442312,-0.720106409820127,0.0993574875637132,-7.24763102889812,4.24124087400966e-13,1.04473186850192e-12
"celB",33496.3780219425,-1.14441402443909,0.124975994741397,-9.15707073832166,5.33251180794095e-20,1.6471044771084e-19
"pgaptmp_003681",21238.3105576598,-1.69595931903845,0.114560222724204,-14.8040853859141,1.37849320546727e-49,8.27540598507934e-49
"pgaptmp_003682",647.260512757474,-3.56401955073641,0.195786671228328,-18.2035862215565,4.83371784683911e-74,4.07961401948643e-73
"pgaptmp_003683",5619.02717172422,-3.49631546221383,0.135136490650723,-25.8724748983639,1.35943694899099e-147,2.4094401543545e-146
"pgaptmp_003684",10003.163796081,-1.98407693822346,0.0853943669746187,-23.2342835776648,2.05113884825205e-119,2.75607898671269e-118
"pgaptmp_003685",5236.54098825423,-1.78419058433702,0.137984435685748,-12.9303756287442,3.03333245241919e-38,1.4758252794646e-37
"dltA",111003.928057519,-0.205494769817391,0.0745098525890275,-2.75795431982445,0.00581643252959869,0.00838774191211403
"dltB",78395.7540986368,-0.611031160347766,0.0747205509703374,-8.17755158939251,2.89669425802666e-16,7.94509655738777e-16
"dltC",16222.5824760174,-0.264529993051647,0.0947546800795438,-2.79173538267008,0.00524262108445399,0.00760742131631102
"dltD",80638.0263046397,0.0852882652791249,0.0917648358716731,0.929422087109649,0.352670385707752,0.407272471487512
"pgaptmp_003690",3321.35750931723,-0.961529392348431,0.130189327230686,-7.3856237896112,1.51740284150156e-13,3.80321439465914e-13
"pgaptmp_003691",154.632356570164,0.380518074811585,0.26887582429793,1.41521862668452,0.157004404831894,0.193359046271702
"pgaptmp_003692",184.482628777742,1.09169116372511,0.260728416038663,4.18708163962928,2.82564208921332e-05,4.79136212120818e-05
"pgaptmp_003693",188.191257187313,1.32701514370133,0.287647935142556,4.61333102580302,3.96266433523944e-06,7.08747556740087e-06
"pgaptmp_003695",276.759346417413,0.629976189943428,0.220679638928983,2.85470917480593,0.00430762546667339,0.00631219763266077
"licH",39333.2627836066,-0.125480201430326,0.1241149570849,-1.01099983738859,0.312016507620822,0.364623372484992
"licA",8006.75783014963,-0.486802811499152,0.105804094218496,-4.60098274168726,4.2050227159394e-06,7.51372757980146e-06
"licB",6303.67971423008,-1.31486169273469,0.112193142612533,-11.7196261920897,1.01117184912546e-31,4.26709934517571e-31
"licR",4513.97537408071,2.11371401629805,0.0939100173187766,22.5078652591775,3.47609905531819e-112,4.46139333927389e-111
"pgaptmp_003702",8.54957980485204,0.459842332197223,1.212397596169,0.379283441051234,0.704477394797122,0.745594189350701
"pgaptmp_003703",41.6001546971981,0.110095814319243,0.703166225736454,0.156571533571504,0.875582538717973,0.899508200140297
"pgaptmp_003704",1154.20358758571,-0.860813793339053,0.171368440862084,-5.02317573182467,5.08240011538695e-07,9.57807252125075e-07
"pgaptmp_003705",2376.8996645977,-0.261534698826813,0.134406178638618,-1.94585324481257,0.0516723706209632,0.0678427736767767
"pgaptmp_003706",2373.7893211953,0.674957945762856,0.103127937961206,6.54486028816707,5.95510311947732e-11,1.34659136152458e-10
"pgaptmp_003707",101.287767797113,-1.38439396321368,0.49725726154314,-2.78405982230906,0.00536831319277974,0.00778374043768064
"pgaptmp_003708",1239.99211365322,-0.638161664828529,0.143604245704223,-4.44389134665927,8.83462331753842e-06,1.54450295856637e-05
"katX",1885.25399800108,0.196204189561835,0.123164271734729,1.59302845539832,0.111153807655664,0.139674028391081
"pgaptmp_003710",505.835490687099,1.38506229763307,0.188245529047723,7.35774339310835,1.87045159370647e-13,4.67550089440932e-13
"pgaptmp_003711",935.437660124916,1.13932467949314,0.146014389451256,7.80282466525999,6.05366318646935e-15,1.59799534610205e-14
"pgaptmp_003712",189.170194373805,-3.6890070743118,0.373631725399223,-9.87337750928437,5.43046403536396e-23,1.82915720720585e-22
"cydC",43859.1525034112,-5.49888255865533,0.122535820659549,-44.875714946516,0,0
"cydD",44818.0972444487,-5.20693536853873,0.0946135177072188,-55.0337361374891,0,0
"cydB",29018.2919150856,-4.03617637225571,0.113073998521431,-35.694999956075,4.7263097840211e-279,1.65955896378552e-277
"pgaptmp_003716",14968.7938189778,-2.26981135317438,0.122744152601556,-18.4922157599025,2.38548095253073e-76,2.09404719465079e-75
"pgaptmp_003717",8255.32222363976,-4.64373485110849,0.122981956875157,-37.7594808954169,0,0
"pgaptmp_003718",3639.58381581089,-2.21930280098392,0.115783089738038,-19.1677628054766,6.88047309054949e-82,6.48332173241144e-81
"pgaptmp_003719",8816.64383752056,-0.257386656951014,0.127284763080275,-2.02213250606191,0.0431626646605365,0.0571713302016075
"pgaptmp_003720",792.653663737579,-0.31276206383396,0.164327284527318,-1.90328748347306,0.0570030431687011,0.0744178627407595
"pgaptmp_003721",217.25002829477,-0.29261795110282,0.335984681016059,-0.870926466700528,0.383794304539346,0.438261324877534
"pgaptmp_003722",18283.7805254059,0.193968308105868,0.15268270939173,1.27040127122851,0.20394173067577,0.246451662849096
"pepT",30087.2480252946,0.555808382491492,0.0826747947814333,6.72282748280027,1.78231565691748e-11,4.12035954971855e-11
"pgaptmp_003725",8770.95716876082,-0.692874650110343,0.0928333953778296,-7.46363576696037,8.41670651948749e-14,2.13399057667115e-13
"pgaptmp_003726",4466.33354878769,1.72949153786615,0.103288311784983,16.7443102513521,6.23084938671002e-63,4.54729831712445e-62
"pgaptmp_003727",24751.7399091564,-0.691869385764031,0.0793523625009067,-8.71895131989454,2.80790250130208e-18,8.20330699359995e-18
"pgaptmp_003728",12.3559413635741,-0.135061177512624,1.62850369137333,-0.0829357515295074,0.933902626342826,0.944818041654797
"pgaptmp_003729",2953.93064974009,-2.73720272486405,0.119973078667423,-22.8151411572244,3.24405779574236e-115,4.28169614033797e-114
"pgaptmp_003730",1385.13250031656,0.529021031596305,0.151339309735535,3.49559564214194,0.000473004902499506,0.000747568682421725
"pgaptmp_003731",103.797300263549,-1.24725754246698,0.410217990254192,-3.04047499646252,0.00236205303076154,0.00354641443343867
"pgaptmp_003732",423.680893313066,1.10597408998062,0.228799248974757,4.83381870760702,1.3393857149724e-06,2.46304033158462e-06
"citH",59.7487420502129,0.564365968127143,0.557677522696292,1.01199339252282,0.311541212697449,0.364182284440925
"pgaptmp_003734",486.470627936797,1.41014405812313,0.252071663355668,5.59421887946779,2.21617231788451e-08,4.48049612556554e-08
"licT",2186.22228492217,-2.70097391662823,0.14494595264803,-18.6343520966533,1.69190582011651e-77,1.49578942101512e-76
"pgaptmp_003736",90.7325620134814,-0.837171779082869,0.450037503690073,-1.86022669714967,0.0628534594316619,0.081654651310522
"pgaptmp_003737",11851.7808453399,2.08879055535113,0.0883141901701568,23.6518112358458,1.13073553434672e-123,1.59416577986306e-122
"pgaptmp_003738",1518.78805897355,3.82704340356644,0.176324122952791,21.7045934468711,1.85657698842315e-104,2.22909017771322e-103
"pgaptmp_003739",1559.52687273569,4.19536046658373,0.158363042553222,26.4920425810446,1.1970841116885e-154,2.2277735318523e-153
"pgaptmp_003740",831.808814691928,3.97596369557434,0.262455882720557,15.1490744058027,7.68411680522886e-52,4.81486241566698e-51
"pgaptmp_003741",1426.6290999096,4.02090663449868,0.136697130894244,29.4147112539579,3.56124377762885e-190,8.2843433377091e-189
"pgaptmp_003742",2915.6348715395,3.00057496708477,0.112276075442178,26.7249719521061,2.41333996628118e-157,4.60638530999925e-156
"pgaptmp_003743",5081.64200587414,3.87696832033399,0.0952811772425597,40.6897609006687,0,0
"pgaptmp_003744",4324.97150636413,5.11318724842602,0.407755828091909,12.5398262787638,4.519852770288e-36,2.0950052317574e-35
"pgaptmp_003745",22204.601463006,4.09049954545944,0.0769997625075048,53.1235345701327,0,0
"pgaptmp_003746",16161.8889620312,4.05046414936642,0.0920205387653393,44.016957558741,0,0
"pgaptmp_003747",20115.6637586016,4.02153474522039,0.099364419650661,40.4725832381354,0,0
"pgaptmp_003748",391733.667772097,3.37492954939389,0.082535307646138,40.8907368936403,0,0
"pgaptmp_003749",968.597400744904,1.89244975926357,0.182569331158817,10.365649845194,3.55334868669902e-25,1.26439424587894e-24
"pgaptmp_003750",1360.76613313815,-0.0918491908524842,0.13263066221592,-0.692518527148389,0.488611755053942,0.542545630164311
"pgaptmp_003751",18169.1254552011,-1.26656762360401,0.120387682648795,-10.5207409573532,6.93262286272325e-26,2.52724997992712e-25
"pgaptmp_003752",3362.27457435778,1.15817919348812,0.118203085921359,9.79821452596135,1.14593247462953e-22,3.83212998254368e-22
"pgaptmp_003753",3489.28819834165,-0.0332680562736599,0.12955100111352,-0.256795053590581,0.797336988726619,0.831808737148494
"pgaptmp_003754",25.3073609937778,-5.46196856936211,1.22248889345009,-4.46790854184974,7.89880607469226e-06,1.38415048069702e-05
"pgaptmp_003755",91.4093798827794,0.415133324637991,0.410791424148647,1.0105695986676,0.312222472567828,0.364749542654569
"pgaptmp_003756",37793.5443084212,0.532853662578484,0.111499616495517,4.77897305234148,1.76192804507703e-06,3.21780970744686e-06
"pgaptmp_003757",34497.8374080588,-0.393581689126456,0.108808731411087,-3.61718847396057,0.000297820446747955,0.000475950065605792
"deoC",16203.0232619134,-0.51233307452424,0.11178450441676,-4.58322087839775,4.57867938149442e-06,8.16571377955066e-06
"pgaptmp_003759",4887.76787550329,-1.21980837665185,0.0934538018006532,-13.0525281277891,6.14730808485536e-39,3.04259051753081e-38
"yidA",3883.1420791407,0.279801963637018,0.104328166260133,2.68194078039633,0.00731964158405453,0.0104542233215084
"pgaptmp_003761",417.434058667105,0.215328916341263,0.176545381686435,1.21968025605854,0.222586109090935,0.267851761408491
"pgaptmp_003762",287.248661595026,-1.52214289688439,0.254774973770943,-5.97446002782395,2.30853526642208e-09,4.90152211159325e-09
"pgaptmp_003763",13.0270444424546,-0.547854732825251,1.04555522665544,-0.523984500156677,0.600289320532233,0.648744730261606
"pgaptmp_003764",10.2761780334092,1.17079185663985,1.22631334919204,0.954724873060567,0.339716848019826,0.393424069570427
"pgaptmp_003765",972.455401558012,-3.26176802276112,0.206463206722449,-15.798301666146,3.19611616661923e-56,2.12048919289782e-55
"pgaptmp_003766",1470.68125187287,-1.77037133601472,0.153422299493267,-11.5392048083102,8.3695345649537e-31,3.46126751675085e-30
"pgaptmp_003767",44.3723945976456,0.32208454620074,0.512163479913104,0.628870582993122,0.529433786121714,0.58179880482581
"yxdM",244.497583673819,-0.698503903855668,0.300587434847875,-2.32379608352284,0.0201364257547209,0.0275239723316457
"yxdL",112.612430156929,-0.763465621371117,0.35146324347726,-2.17224883551874,0.0298368989472117,0.0400335032017023
"yxdK",2634.32271091355,0.749751975464389,0.117926253520907,6.35780373817664,2.04658718167313e-10,4.53416517273059e-10
"yxdJ",2551.53317511752,0.242994919990894,0.0968929783388306,2.50786924044332,0.0121461605245796,0.0169954922828892
"fba",6998.70222343141,3.08710537843996,0.137112461063236,22.5151335954519,2.95048022647745e-112,3.79989183493048e-111
"iolI",7557.41671724984,2.88510367541407,0.115563369514134,24.9655551542327,1.44744393002311e-137,2.2925048117217e-136
"pgaptmp_003774",7391.5579713266,2.9185359720934,0.145949875776068,19.9968376579596,5.86770904123277e-89,5.95084824290691e-88
"pgaptmp_003775",7737.70769800906,1.95926379372011,0.123149758630231,15.9096031978672,5.43569074896285e-57,3.65852458727663e-56
"pgaptmp_003776",1021.34190789629,1.50524025537291,0.182538949700625,8.24613189591369,1.63604086174018e-16,4.52402978261289e-16
"iolE",7518.37455610099,1.42644194371862,0.11311721981621,12.6102988213137,1.85289144608537e-36,8.67479492116951e-36
"iolD",23364.4729985027,0.811344103820705,0.113623934847934,7.14060910587676,9.29182430622638e-13,2.2559797826337e-12
"iolC",11875.8982425377,-0.365370776237765,0.139022126199715,-2.62814838346584,0.00858510582258471,0.0122056262169343
"iolB",10477.0659935633,-2.19255273348824,0.0999942119200603,-21.9267964753906,1.4423128450566e-106,1.76009456042645e-105
"iolA",34862.7949052754,-1.32219232060988,0.108873226654614,-12.1443293382345,6.14846731335914e-34,2.71466136895881e-33
"pgaptmp_003782",8642.27022455194,-2.68731037539327,0.103936970688857,-25.8551924073095,2.12703354548654e-147,3.75204685132745e-146
"pgaptmp_003783",32649.1810144255,0.498014225045558,0.11307157548097,4.40441572452818,1.06069364774306e-05,1.8448139050933e-05
"pgaptmp_003784",499.355876764217,-1.35869847333505,0.190851228616557,-7.11914973345461,1.08594886267187e-12,2.62461147199006e-12
"htpG",23347.9005579138,2.38464721148941,0.111292346515705,21.4268751279577,7.50513077083388e-102,8.78430714749802e-101
"pgaptmp_003786",63.6368091763285,-0.50500533189747,0.517123463285856,-0.976566270438812,0.328783924412091,0.381582091257188
"pgaptmp_003787",10296.0443085815,-0.0809860237747467,0.0971649266536012,-0.833490299060965,0.404568266710271,0.459366408998056
"pgaptmp_003788",28252.8272912703,-0.408383514174955,0.0744596281334819,-5.48463005271604,4.14335575353089e-08,8.28226107123629e-08
"pgaptmp_003789",45091.6111544041,1.29287932599088,0.0756782551095738,17.0838944967604,1.95615435924685e-65,1.4708700050741e-64
"pgaptmp_003790",7343.55539348895,-2.73018866195606,0.146993435745567,-18.573541383724,5.26154622950668e-77,4.64063390194879e-76
"pgaptmp_003791",334.320618145751,0.448190234261519,0.27314189638499,1.64086959998916,0.10082448670489,0.127555655851665
"pgaptmp_003792",51953.5877416478,-0.0530391988276089,0.0757296259776664,-0.700375819144423,0.48369263330873,0.538315500710382
"pgaptmp_003793",935.265081293227,1.66681034192527,0.132961167897217,12.5360687506428,4.73928891343846e-36,2.1939842457485e-35
"pgaptmp_003794",28.9802206142829,-1.89322774982768,0.652337214452234,-2.90222251296428,0.00370525254705182,0.00546609194614621
"pgaptmp_003795",67.486481800251,0.351784196138062,0.423961618243609,0.829754819776933,0.406677419952824,0.461620419964749
"pgaptmp_003796",785.374353465693,-2.35581668819101,0.165002945572105,-14.2774220182726,3.02589475776036e-46,1.70383968054222e-45
"pgaptmp_003797",3087.0649151642,1.203533356309,0.182791208028268,6.58419717934616,4.57349838080443e-11,1.03796103496062e-10
"ahpC",212739.77247786,4.46157094098968,0.0822747624397224,54.2276976400679,0,0
"ahpF",478494.679781159,3.97194687281255,0.123765092379478,32.0926264138688,5.58737567427967e-226,1.5874971190587e-224
"pgaptmp_003800",1420.31224924421,-4.91781541260775,0.189599814685497,-25.9378703548064,2.49193161954063e-148,4.4591199461203e-147
"fbp",6995.72944604558,-0.48296096960212,0.090803657252158,-5.31873918096666,1.04488794628405e-07,2.03936703517003e-07
"pgaptmp_003802",63.417504696171,-1.49086833630337,0.499449591807813,-2.98502263443044,0.00283557340980098,0.00423515418590659
"pgaptmp_003803",70.157911018595,-0.662423661986211,0.548690134120921,-1.20728188970904,0.227323602762976,0.27293498370445
"pgaptmp_003804",194.482218016099,-0.330407910476828,0.278381354143895,-1.18688951525842,0.235271203506459,0.281297596996801
"pgaptmp_003805",14.9354984074203,0.672923702995537,0.948256485728267,0.709643132552611,0.477925465058563,0.532905506575186
"pgaptmp_003806",30.3222364119377,0.628262300782958,0.744055728183019,0.844375329677485,0.398459703699946,0.452844890739297
"pgaptmp_003807",196.165256645126,0.188544046656505,0.31752378304549,0.59379503748698,0.552649208590941,0.604454996877896
"pgaptmp_003808",2.80165497300258,-1.81517627788634,2.23315189364816,-0.812831533336048,0.416314653507738,0.471266161908698
"pgaptmp_003809",9903.4521245875,0.241500836207896,0.149020480747809,1.62058822382,0.105105979477594,0.132476957539995
"pgaptmp_003810",6267.54791281445,0.401099870966132,0.165988587530249,2.41643041207901,0.015673521843087,0.0216463258998033
"rlmH",446.878183745567,-0.597490720898653,0.176244787230776,-3.39011854073332,0.000698624072757391,0.0010893501461261
"pgaptmp_003812",29.7399254918413,0.166935333717514,0.614053823393821,0.271857819881126,0.785731344954999,0.821948304081649
"pgaptmp_003813",166.859066945796,0.806883871054133,0.369131211538939,2.18589988012708,0.0288229310249112,0.0387848695859434
"pgaptmp_003814",255.177256737799,2.98156797444353,0.242019603233936,12.3195308751975,7.11067241191317e-35,3.20023249300373e-34
"pgaptmp_003815",238.444833090427,2.59812702287217,0.321352383471963,8.08497822484286,6.21753049609965e-16,1.69040529630993e-15
"pgaptmp_003816",8457.20583521696,1.07708461672201,0.0982723717392942,10.9601976390617,5.93695705928048e-28,2.29225665712054e-27
"pgaptmp_003817",2168.40062234013,1.13341426150443,0.112136715402052,10.1074323199206,5.12087830746055e-24,1.76154427544992e-23
"pgaptmp_003818",6111.47753720294,1.13744182575169,0.0951872066124632,11.9495241664415,6.52980248480249e-33,2.8227554992375e-32
"rocF",41420.5188835105,4.35421246752134,0.0763527154679066,57.0276045958254,0,0
"pgaptmp_003820",47759.8018532263,4.34425881797461,0.138510215989292,31.3641761869064,6.23472485487224e-216,1.66947092876507e-214
"pgaptmp_003821",36883.3820082557,4.6431580139182,0.0966901030293765,48.0210266453797,0,0
"pgaptmp_003822",1906.0247569168,-4.3051010517746,0.170074944523195,-25.3129646100662,2.29962656604085e-141,3.77057712722645e-140
"pgaptmp_003823",361.630432119241,-4.47579512283902,0.276568185087449,-16.1833333122673,6.61160351145028e-59,4.62563689278532e-58
"pgaptmp_003824",3590.81184280677,0.14699793279577,0.0991865957366415,1.48203425779504,0.138331179836591,0.171680110487427
"pgaptmp_003825",374.879818114868,1.22827048537873,0.285663150441668,4.29971623389185,1.71016942555343e-05,2.93059419977433e-05
"pgaptmp_003826",28.763754420079,1.55948398288549,0.631785452513425,2.46837589672477,0.0135727706967871,0.018871069306478
"pgaptmp_003827",9490.75581875119,0.111258720121292,0.107020330415166,1.03960359391233,0.298524106518752,0.350728132721842
"pgaptmp_003828",6601.68031579465,0.0388796589704636,0.102526764241968,0.379214727568167,0.70452841589103,0.745594189350701
"pgaptmp_003829",5153.76464033639,-0.115825019297294,0.0993943678836463,-1.1653076704797,0.243894475339576,0.290086146016602
"yycH",11359.8826628546,-0.742603273045217,0.0858804467314302,-8.64694236358044,5.28976706116285e-18,1.52979899002705e-17
"walK",14157.1803540807,-1.34135731228961,0.0818413095181829,-16.3897342330721,2.26432403749749e-60,1.60529791763155e-59
"walR",6189.97593757237,-1.82549712686178,0.0956484291371909,-19.0854898854996,3.33337068507618e-81,3.10170142246339e-80
"pgaptmp_003837",6497.91061485305,0.0893593576908729,0.0988511297875841,0.903979123788392,0.366006471186109,0.420585392329329
"pgaptmp_003838",571.986234904407,-0.155346202395743,0.178812087143479,-0.868767905332333,0.384974091054975,0.439396984638644
"dnaB",4921.21847280176,-1.78370569257819,0.0859557129619938,-20.7514501492981,1.18949139031193e-95,1.30984821146183e-94
"pgaptmp_003840",4.95898943921466,-0.779244513885325,1.6312523895086,-0.477697086543465,0.632865818262432,0.679805649515951
"pgaptmp_003841",44.2152945641651,-1.66014396498965,0.570523189567864,-2.90986237780642,0.00361587937059518,0.00534483837067326
"pgaptmp_003842",164.334088583484,-0.644294519274811,0.344224026887543,-1.87173023655696,0.0612439341571248,0.0796470730023824
"pgaptmp_003843",313.079995305232,-0.625554036932792,0.229205842252226,-2.7292237876049,0.00634836064141116,0.00912653468803875
"pgaptmp_003844",115.528211624229,-0.025209155408016,0.420223787617799,-0.0599898343473696,0.952163731124841,0.960160771402508
"pgaptmp_003845",73.2205299406872,0.188054837179196,0.415859294255147,0.452207849570909,0.651119253848749,0.69679869546436
"pgaptmp_003846",53.6113889293765,-0.93878836716162,0.519397007299934,-1.8074581754752,0.0706908703071551,0.0910105220626881
"pgaptmp_003847",54.8672561025772,-1.05676043424346,0.553310440278565,-1.90988703143109,0.0561477601940654,0.0733527425209938
"pgaptmp_003848",49.7429725615735,-3.40867380770176,0.685215315664508,-4.97460247863271,6.5381669323917e-07,1.22102645872363e-06
"rplI",4980.17360918276,-0.3070121888615,0.13036461179677,-2.35502706317349,0.0185213567309428,0.0253909722845558
"pgaptmp_003850",12838.4878484696,-0.916621898080829,0.085219636520927,-10.7559939880257,5.55320497583052e-27,2.08989170071195e-26
"pgaptmp_003851",4870.26854431604,-1.62205021566989,0.102680725338434,-15.7970272446328,3.26137633779674e-56,2.15993642869742e-55
"pgaptmp_003852",14.4875971818084,0.454871217432946,0.917497098234207,0.495774012046883,0.62005386221839,0.667584748387865
"pgaptmp_003853",11.2538530369736,-1.34968511228763,1.36240184393331,-0.990665946539709,0.321848724504653,0.374350297689475
"pgaptmp_003854",455.654555093673,-1.77980006070899,0.185874297805628,-9.57528868552961,1.01573142278758e-21,3.28458067386218e-21
"pgaptmp_003855",14791.3891116817,1.96215364168267,0.0767287191075714,25.5726104189461,3.07779982306228e-144,5.23085431115882e-143
"pgaptmp_003856",2339.97848164465,-0.378847444823292,0.115761742706886,-3.27264807841182,0.00106545045965315,0.00164479743294443
"pgaptmp_003857",1055.05303323106,-3.77868698302469,0.17799347147915,-21.2293571872232,5.11574476297451e-100,5.894985141731e-99
"pgaptmp_003858",98.5453208570976,-0.287739680098478,0.395919712083834,-0.726762702932938,0.467371334611032,0.523017470662135
"pgaptmp_003859",650.032745977364,-1.08227966575486,0.180245742170375,-6.00446730515193,1.91961089627526e-09,4.0944365363533e-09
"pgaptmp_003860",1889.16053291821,-2.05807765939361,0.202823445123256,-10.1471388484842,3.41220543663039e-24,1.18141661722217e-23
"pgaptmp_003861",52.3556668770815,-0.318037639132526,0.50111504394236,-0.634659930842363,0.525650232083848,0.578495021826163
"pgaptmp_003862",345.55172661232,-0.780748991062783,0.204620744006952,-3.81559061791046,0.000135857585904675,0.000222268982302066
"pgaptmp_003863",410.798458707194,-1.51272502242435,0.209283336980684,-7.22811975500928,4.89726801506062e-13,1.2039386758293e-12
"pgaptmp_003864",82.3594052614432,-2.03742464840365,0.488822247083299,-4.16802766355366,3.07246653358709e-05,5.19805474455052e-05
"pgaptmp_003865",179.729814485154,0.209010614991314,0.278817522668642,0.749632279172464,0.453476204302598,0.508691510673379
"pgaptmp_003866",71.1809594897529,-0.590841245053998,0.433374422153129,-1.3633505229001,0.172772066314799,0.211115440191622
"pgaptmp_003867",857.816482992113,-0.794811127224143,0.147874317656449,-5.37490985466929,7.6621005961571e-08,1.50890679465062e-07
"pgaptmp_003868",1340.68407669624,-0.383158139605474,0.136051256042823,-2.81627785549347,0.00485836286058679,0.00708585132336115
"pgaptmp_003869",398.063904376389,-1.48358041025509,0.261038883820732,-5.68336942198213,1.32066566925458e-08,2.7023186481394e-08
"pgaptmp_003870",3098.56820559245,-0.263617568816052,0.0941982465125398,-2.7985400851486,0.00513341972539919,0.00745186747969415
"pgaptmp_003871",76.7961063549518,1.18482393202056,0.483246557497841,2.45180004624421,0.0142143624442145,0.0197115711689144
"pgaptmp_003872",98.0374744601625,-0.376997357269253,0.432913261465489,-0.870838088888867,0.383842564952212,0.438261324877534
"pgaptmp_003873",920.806780507932,-0.122734662830585,0.135278113745469,-0.907276568488493,0.364260561895732,0.418837754518355
"pgaptmp_003874",13.116171591031,-1.66541132818602,0.968415712312092,-1.71972770269273,0.0854819497340501,0.109034892703953
"pgaptmp_003875",327.887642706064,-0.59113170798653,0.235626351499975,-2.50876739474783,0.0121153233688161,0.0169587189088882
"pgaptmp_003876",2007.36726739496,-0.957806611598527,0.108182528704393,-8.8536164117195,8.4728224908712e-19,2.51081570947632e-18
"pgaptmp_003877",1325.89905257265,-0.399217306423546,0.207993970567912,-1.91936961121283,0.0549375739859242,0.0718818221846604
"pgaptmp_003878",1311.97046265579,-1.01794472540623,0.169801853398461,-5.99489761173272,2.03613689190908e-09,4.34049342020940e-09
"pgaptmp_003879",17.8150277167939,-2.26457773509079,1.06535681970828,-2.12565188789131,0.0335322557486769,0.044814023661248
"pgaptmp_003880",3313.45908613836,-0.645035270677262,0.108402260452461,-5.95038579440083,2.67511179191247e-09,5.65725345994217e-09
"pgaptmp_003881",3038.2957403499,-1.22144671579946,0.0936892544856215,-13.037212458414,7.51548728373644e-39,3.70989969099032e-38
"pgaptmp_003882",774.658241424106,-0.852791326479834,0.161728826020069,-5.27297048686923,1.34233156396637e-07,2.60462029703607e-07
"pgaptmp_003883",484.157583575869,1.75935028657534,0.218171411704905,8.06407344035986,7.37933902410472e-16,1.99606830288646e-15
"pgaptmp_003884",1164.94638855948,0.635120534953972,0.129067593677174,4.92083656988713,8.6175068375315e-07,1.59573932583544e-06
"pgaptmp_003885",967.740542091078,-0.740612742995161,0.138495308699093,-5.3475655598146,8.91451258217737e-08,1.74999028643798e-07
"pgaptmp_003886",905.88375991053,-1.04834448557406,0.137433860313133,-7.62799271726406,2.38437028960366e-14,6.16293487354502e-14
"pgaptmp_003887",926.047928626362,-1.59304345164996,0.145603214422852,-10.940990952463,7.33932732082372e-28,2.82491998842874e-27
"rpsR",10630.4329852195,-0.197591539347155,0.0873890240043101,-2.26105671276761,0.0237557454215377,0.0322226255316922
"ssbA",57786.056872216,-0.515189779173959,0.0763050844345255,-6.75170970574083,1.46113001668564e-11,3.40107937592492e-11
"rpsF",32062.0300188128,-0.285526924145494,0.0764711054091341,-3.73378837167155,0.000188621002322607,0.000305376014060384
"ychF",5595.16042402202,0.378231755040223,0.081795165839384,4.62413335994614,3.76167803198082e-06,6.747453318088e-06
"pgaptmp_003892",3662.40854961381,-0.398228858829327,0.10013011822596,-3.97711363858234,6.975683373578e-05,0.000115960221154343
"pgaptmp_003893",67.6004314603837,-0.423248031972818,0.45380542486056,-0.932664108417983,0.350993421801213,0.405713514268359
"pgaptmp_003894",114.658997349645,-1.48691782671089,0.435979592178235,-3.41052162391815,0.000648387424066188,0.00101569780823836
"pgaptmp_003895",133.662103516756,0.73562702518721,0.316246064763077,2.32612230523191,0.0200120269391437,0.0273769656354442
"yyaC",14.4034343756946,0.145014400693985,1.33058709116754,0.108985275489739,0.913214169219764,0.930718274325291
"pgaptmp_003897",10962.4279087538,-0.238947040202999,0.100100132244241,-2.38708016508885,0.01698278763513,0.0233591779667235
"soj",5357.33053417252,0.149643234924178,0.126780860709049,1.18032985489502,0.237869048494571,0.284038690566825
"noc",12165.4227315365,0.098230114445471,0.0859018323322853,1.14351593881604,0.252824440900521,0.300355113000874
"rsmG",9313.60222998253,-0.226607392686715,0.103905971790364,-2.18088901708083,0.0291916262569955,0.0392526130522172
"mnmG",31277.487083804,-0.970256472856509,0.0875200932516561,-11.0860996236216,1.46538706798936e-28,5.72917086875674e-28
"mnmE",13307.9352516487,-2.81895389216109,0.0799871891521924,-35.2425672415797,4.45943863117066e-272,1.53685468381641e-270
"jag",11775.1009220202,0.286981606753424,0.0882450519866711,3.2520985629514,0.00114556289647295,0.00176262302632175
"spoIIIJ",7152.94227124949,-0.196590748653347,0.0867353331346824,-2.26655898523017,0.0234171800066633,0.0317981554121856
"rnpA",1008.52919012963,-0.605229997705641,0.207690478675279,-2.91409602195539,0.0035672016615678,0.00527707654386143
"rpmH",9271.89561813509,-1.24399324686681,0.12196810822032,-10.1993321452497,1.99640556237331e-24,6.94450607771353e-24
