"","baseMean","log2FoldChange","lfcSE","stat","pvalue","padj"
"dnaA",9782.36597469198,-1.29783590689697,0.17829057615152,-7.27932981603026,3.35482584311908e-13,3.90208180877788e-12
"dnaN",8731.27133137932,-0.56548295630297,0.0982870029861145,-5.75338487412073,8.74740262865186e-09,5.32861417084161e-08
"rlbA",447.77882271498,-1.16834476306488,0.264183999832455,-4.42246602294552,9.75806984314036e-06,3.69476459370991e-05
"recF",7872.62564276231,-1.04186095269267,0.111667936786005,-9.3299919625921,1.05878936404348e-20,2.68082585916316e-19
"remB",1431.61495998957,-0.658930934101715,0.124632788203595,-5.2869790012666,1.24352908202672e-07,6.34029485384034e-07
"gyrB",29384.5241365557,-0.282081746941116,0.083799854953555,-3.36613645808165,0.000762289884395818,0.00205003103303558
"gyrA",52201.7844052359,0.199491863003632,0.0879749743868246,2.26759785261737,0.0233537286926957,0.0448748467703735
"pgaptmp_000013",31.2276679410508,0.463496764915404,0.684679632656045,0.676954217430689,0.498435002757102,0.600769132209175
"guaB",23517.8961019491,0.228023295559952,0.0945000331912384,2.4129440790619,0.0158242472370611,0.0319132456169583
"dacA",4913.94069163264,-1.27913350736076,0.172215731301427,-7.42750675385109,1.1066373427222e-13,1.37755992963614e-12
"pdxS",31921.1701216728,0.994429379205048,0.0924877666396799,10.7520098639554,5.79841638992397e-27,2.34583758731489e-25
"pdxT",32826.3258017097,0.987728815925839,0.106558519526091,9.26935565845574,1.87273800937481e-20,4.64688724726202e-19
"serS",12231.6126616258,-0.277806810638983,0.0839068909982284,-3.31089386502056,0.000929984741151338,0.00246895988042595
"pgaptmp_000019",5659.90820117554,0.750660228299904,0.11839470825903,6.34031908468048,2.2928977985014e-10,1.77425480374682e-09
"dck",2598.67009149201,0.838450372099629,0.119635723964223,7.00836125127951,2.41125574524511e-12,2.47236746110256e-11
"pgaptmp_000022",1933.21670811993,0.435568418620786,0.139031691288161,3.13287146682274,0.00173105228865386,0.00428674425706565
"pgaptmp_000023",967.19265278383,1.2557934748124,0.171758866481456,7.31137495570268,2.64422527305061e-13,3.11449571718176e-12
"pgaptmp_000024",1063.25058465849,1.16038119534848,0.160817849662104,7.21550000691201,5.37361578532689e-13,6.06078725848081e-12
"tadA",756.955884855243,-0.772736396865068,0.162478813162513,-4.75592098332335,1.97543731360881e-06,8.30799737994575e-06
"dnaX",9373.64369784099,-0.232632505689674,0.0827898733626788,-2.80991498405339,0.00495545880575846,0.0111445424018326
"pgaptmp_000028",1152.32021152304,0.206303906345273,0.150598510411748,1.36989340585921,0.17072017843567,0.254995523622135
"recR",3124.39732964058,-0.507585382837447,0.0959658619359682,-5.28922861315127,1.22833286143285e-07,6.28002048111686e-07
"pgaptmp_000030",396.394426364483,-0.928499133933393,0.187619310592083,-4.94884631546328,7.46546632283273e-07,3.39273084903339e-06
"pgaptmp_000031",333.960441845695,-1.07099531253815,0.266451047214971,-4.01948246678902,5.83261219359052e-05,0.000192760079691477
"pgaptmp_000037",7.857417763157,-3.37059720656075,1.70385838489788,-1.97821440821372,0.0479045239869719,0.0855980020544932
"pgaptmp_000038",1841.68037660004,0.9301050384787,0.128683488501786,7.22785066916952,4.90697848864945e-13,5.55129906831405e-12
"pgaptmp_000039",4025.04455348105,1.21602170898753,0.124056265268636,9.80217892546021,1.10182764049786e-22,3.15461729071772e-21
"pgaptmp_000040",3526.82645099253,0.286161540884001,0.0954740498209777,2.99727037263611,0.00272408995670597,0.00649939924285874
"tmk",908.895285035716,0.3130161025544,0.144872712702041,2.1606284352401,0.0307240530701499,0.0574359244234544
"darA",4128.89245621747,0.709821101353539,0.0907668678245677,7.82026656164302,5.27115965499038e-15,7.60436288212178e-14
"pgaptmp_000043",7001.50894222187,0.922390143568009,0.117905683725172,7.82311856753255,5.15305268752555e-15,7.4629035420117e-14
"holB",13493.7662439959,0.524492912629318,0.0979049236591732,5.35716584035328,8.45375198805786e-08,4.44418995756375e-07
"ricT",12489.8060123723,0.357186815355045,0.0846709554055683,4.21852822664093,2.45902190698989e-05,8.67533605480225e-05
"yabA",2342.88678578777,0.832694924023953,0.136643360088224,6.09392892187606,1.10172593391246e-09,7.63109392481509e-09
"pgaptmp_000047",1301.56031295847,0.414192657618475,0.121704270236858,3.40327136272526,0.000665841143864187,0.00182225054225184
"pgaptmp_000048",163.540014615358,0.598086300354919,0.290728134843192,2.05720131172549,0.0396668654309004,0.0722523167225755
"rsmI",1534.85715655181,0.254315545788583,0.14162960861996,1.79563827272161,0.0725520648372487,0.123136701014245
"abrB",8470.29262496307,1.18535963321476,0.110052525096386,10.7708535735695,4.72599216083362e-27,1.93298272776074e-25
"metG",14429.1872867105,0.335628164338575,0.0942084187075505,3.56261328810177,0.000367181370657588,0.00105777791144547
"pgaptmp_000052",2828.45898818181,0.393084809178794,0.112481399071477,3.49466500615808,0.000474657105033328,0.00133838920070761
"pgaptmp_000053",2499.07775050097,-1.17230401102968,0.182750473478633,-6.4147796102249,1.41026728398871e-10,1.12882039376473e-09
"rnmV",1251.44093907198,-0.493037935006109,0.149283517073403,-3.30269506420915,0.000957604594480497,0.00252601296999037
"rsmA",3538.02754098847,-0.264213116021097,0.090545081350529,-2.91802836863378,0.0035225230113269,0.00821480617052551
"yabG",110.661681776839,-0.107036627839119,0.379018293005587,-0.282404912412872,0.777633048674813,0.841625532761749
"veg",23326.8742270284,0.0945560045969152,0.155301890799228,0.608852887175441,0.542621954535147,0.642378789688237
"pgaptmp_000058",908.72232231094,-1.02474406253524,0.147577932179799,-6.94374861742041,3.81829706904812e-12,3.8203499169347e-11
"ispE",4734.75035027474,-0.690572127133749,0.108489435835019,-6.36533983072699,1.94857821133268e-10,1.53656951325852e-09
"purR",6901.37551385302,-0.659233841943161,0.10367060523141,-6.35892730125033,2.03167526661785e-10,1.59870937470436e-09
"ridA",3964.7465002905,-0.744809056910984,0.137353752944192,-5.42256065776087,5.87512681090929e-08,3.15089654037527e-07
"spoVG",9522.94298830462,-0.223454291686788,0.154039168799558,-1.45063293594862,0.146882098963255,0.223963610135697
"glmU",13610.4992248091,-0.584510192634376,0.113030342097068,-5.17126801343671,2.32510800680432e-07,1.14019130452249e-06
"pgaptmp_000064",12563.3678283361,-0.299698108423382,0.082026655724322,-3.65366728384756,0.000258521223890699,0.0007673173806389
"pgaptmp_000065",11377.9122648737,0.431174009855129,0.119852206484606,3.59754753376619,0.000321231803231203,0.00093627625029486
"pth",2689.94036443364,-0.286291539440542,0.111202362024162,-2.5745095178674,0.0100382324621422,0.0211684426198829
"pgaptmp_000067",655.073717446209,0.00661614954869875,0.192211020954853,0.0344212809225583,0.972541213803346,0.983674603353458
"mfd",13053.4711687428,-0.0367872441300148,0.0786542805021422,-0.467708100502081,0.639993347458386,0.724910298003686
"spoVT",2179.84713892144,-0.349746849628515,0.109574268445389,-3.19187026836347,0.00141354806144827,0.0035596927501424
"pgaptmp_000070",3547.63372331936,-0.80753550269756,0.107166815863248,-7.53531301823902,4.87164794911622e-14,6.31786538906292e-13
"mazG",7200.60183951244,-0.729209253781504,0.14082043053148,-5.17829160889045,2.23927020442567e-07,1.10245551598841e-06
"pgaptmp_000072",4583.35516171923,-0.367252793640833,0.118444796374139,-3.10062412941103,0.00193113253335176,0.00473808522685251
"yabP",5809.19008556521,-0.400482275193401,0.123850651257235,-3.23359038590447,0.00122244646936396,0.00313141483755861
"yabQ",9118.90121184593,-0.637363833745065,0.10199598258385,-6.24891115903602,4.13323921157618e-10,3.08294916743217e-09
"divIC",6186.25339354869,-0.0284462841386787,0.101507900142687,-0.28023714507632,0.779295570243605,0.843179683850785
"pgaptmp_000076",6191.98912103475,0.177856767264985,0.0854540307675252,2.08131513127612,0.0374050710682253,0.0686159066120919
"spoIIE",470.556793743167,-0.562927919796885,0.187346376457902,-3.00474410255476,0.00265804375431108,0.00636221148137995
"pgaptmp_000080",145.596840837574,-0.377448030202151,0.356867737696482,-1.05766924362093,0.290206261893649,0.393639834828048
"pgaptmp_000081",63.9467056015261,-1.18379212228991,0.497016898037826,-2.38179451637038,0.0172285079662056,0.0343095273676924
"tilS",9829.93551434495,-0.865868209055928,0.131946686766401,-6.56225806252238,5.29989887262727e-11,4.46294651672369e-10
"hpt",7158.08246730559,-1.18295219638922,0.137496334797044,-8.60351803657426,7.73090979215465e-18,1.52902224783327e-16
"ftsH",116013.560849282,-0.329356401058519,0.0700165980498217,-4.70397606042155,2.55143177971784e-06,1.06224038972145e-05
"pgaptmp_000085",2813.14581726443,0.0112118638358963,0.0998170991897043,0.112324080011461,0.910566449530365,0.94325864880379
"hslO",7572.70795193576,0.517265222229277,0.101321642725763,5.10517998241805,3.30479819459744e-07,1.5851259214197e-06
"pgaptmp_000087",1603.71186320215,-0.313944129896266,0.138076967294091,-2.27368934912652,0.0229846710097118,0.0442799924938651
"cysK",18456.4125668394,-0.101627057446923,0.081089631654295,-1.2532682091859,0.210108113935042,0.303462320553444
"pabB",1742.50960630737,0.21784285152819,0.108856560348764,2.00119175941484,0.045371728685386,0.0816208671662671
"pabA",6153.52588213272,0.00423716839798848,0.0951205943128298,0.0445452262845773,0.964469802371882,0.979202565310459
"pabC",4494.32262287864,0.0176620407760405,0.108322239704158,0.163050919407481,0.870478343179278,0.911370012183761
"folP",5048.02457487795,0.023122112796808,0.0901788861703883,0.256402732155285,0.797639878403722,0.857791282120385
"folB",2844.74788853148,-0.0549456468824861,0.106974379583725,-0.513633704596363,0.607508110359797,0.697884316900977
"folK",4187.13591389711,-0.181156789288031,0.0852189982802214,-2.12577937952688,0.0335216337634505,0.0620733934664492
"pgaptmp_000095",1150.90912270185,-0.729802837575519,0.1401994691375,-5.20546077717147,1.93515820236724e-07,9.66799842847096e-07
"dusB",8432.87004464453,-1.00427510214326,0.125799323460994,-7.98315185259839,1.42643243780368e-15,2.25922618447034e-14
"lysS",18423.0631527803,-0.65597103771314,0.115096564514398,-5.69931031808586,1.20293084215192e-08,7.16369375118311e-08
"ctsR",1101.9561253641,1.45646667013934,0.156045741856411,9.33358804163678,1.02346232441403e-20,2.60912792566371e-19
"pgaptmp_000114",1728.04378795329,1.36880029762553,0.128172713067861,10.6793424658244,1.27169189091673e-26,4.87962599792998e-25
"pgaptmp_000115",5662.78190121855,0.970727634342392,0.120205333419801,8.075578734533,6.71573572870721e-16,1.09631440273019e-14
"clpC",53105.2132694272,0.72429311586236,0.0879485462102764,8.23541885650555,1.78930492187294e-16,3.08323746259773e-15
"radA",15593.0787471985,-0.264229728643167,0.0829247802185587,-3.18637840156773,0.00144066033902064,0.00362061970414236
"disA",10670.1145199593,-0.337684391195483,0.0911797794442404,-3.70350085571318,0.000212644463776783,0.000640341985580248
"pgaptmp_000119",9977.46967564323,-0.504227294885799,0.0867348556848435,-5.813433260533,6.12043797683808e-09,3.79671169163189e-08
"ispD",3184.65203220606,-0.417725472804785,0.100026883815216,-4.17613202443121,2.96507770120876e-05,0.000103140366391579
"ispF",1396.88922944466,-0.912805281456471,0.141576048434126,-6.44745556577099,1.13743503403327e-10,9.18336919017754e-10
"gltX",45692.9957468246,-0.198752629294611,0.0896253719648583,-2.21759335484311,0.0265825713951293,0.0504283031257243
"cysE",1529.77887047933,0.116774836813222,0.112301578644073,1.03983254931194,0.298417704022639,0.4030154914268
"cysS",8256.36425933407,0.113250749402809,0.108650982839091,1.04233525039097,0.297256274717522,0.40188443679572
"pgaptmp_000125",603.543883050248,0.315570343279492,0.254347354778319,1.24070621278736,0.214714298363508,0.309219341636462
"rlmB",3533.43058485415,0.36338736445904,0.105299919592907,3.4509747572829,0.000558565809141342,0.00155845722760425
"rae1",3086.69837988572,0.210385737280254,0.109849403257089,1.91521966476115,0.0554644956608835,0.0975148100376988
"sigH",7079.81084231039,-0.102365745302379,0.0946085613840357,-1.08199240961772,0.279255900710676,0.38184807584318
"rpmG",2886.67915455602,-0.32238482156412,0.0928188853078973,-3.47326754134905,0.00051416254344325,0.00144213488070518
"secE",1551.43355126944,-0.401333575988245,0.19357750435144,-2.07324491207213,0.0381494925803178,0.069809445124849
"nusG",1519.45855265658,-0.100819926557526,0.142711420790767,-0.70646011369574,0.479902048775216,0.584296835309569
"rplK",75334.4334454872,-0.794325526615943,0.120881611093962,-6.57110307703054,4.99438686383303e-11,4.21521721251395e-10
"rplA",75275.4703976145,-0.861211487905423,0.113945336115347,-7.55811090884506,4.08965273316661e-14,5.34094297292846e-13
"rplJ",155475.973069681,-0.270442216237704,0.0891710931683729,-3.03284625800264,0.00242258989294194,0.00584752242641368
"rplL",110235.90804912,-0.0327108495675176,0.093350314136694,-0.35040963568284,0.726031296022877,0.800336487582192
"pgaptmp_000136",1750.51138333857,-0.970998569593549,0.179861650850786,-5.39858588532078,6.71682121098686e-08,3.59195525104786e-07
"rpoB",97575.4140182953,-0.625946364772102,0.0931902162594565,-6.71686782043049,1.85672247778065e-11,1.69380418193617e-10
"rpoC",202999.193649399,-0.167532638732218,0.100873695539427,-1.66081591277417,0.0967504242521093,0.159197647686274
"pgaptmp_000139",32009.5239934781,-1.02846899745141,0.133746465702991,-7.68969102881057,1.47490767297857e-14,2.02568500325691e-13
"rpsL",57709.9700876353,-0.708170953534277,0.102691019160052,-6.89613326780346,5.34370685125135e-12,5.20661698962239e-11
"rpsG",68131.3313668444,-0.582777620128666,0.0792026204599769,-7.35805983115367,1.86602411976461e-13,2.24043283024641e-12
"fusA",387679.528574089,-0.341733608466834,0.0992305078089771,-3.44383613479723,0.000573523187468037,0.00159659932966046
"tuf",586154.309507839,0.0927155444420786,0.0918790746999221,1.00910402879969,0.312924746038896,0.416954204127568
"pgaptmp_000144",569.922286128085,-0.37447093865503,0.205946253855945,-1.81829449015841,0.0690191344869887,0.118059807723315
"rpsJ",21539.5830142487,-0.279039399085773,0.0840840803451138,-3.31857585812304,0.000904777434099397,0.00240713481752534
"rplC",62186.8145759259,-0.26852363957487,0.069697124642695,-3.85272191573852,0.000116812027905239,0.000366898200728524
"rplD",69433.3115819677,-0.43245474817378,0.079199736883605,-5.4603053645157,4.75316325859829e-08,2.59402839420862e-07
"rplW",38636.0722072823,-0.36579717773664,0.0720038248076341,-5.08024648293206,3.76945465481101e-07,1.79410616690621e-06
"rplB",133875.207206967,-0.277684612877697,0.0749385038184443,-3.70549982623688,0.000210974274488214,0.000635826922789581
"rpsS",40566.2441827498,-0.313543456735293,0.0913186811256556,-3.43350837824578,0.000595823789391195,0.00165250085254398
"rplV",47978.7912901946,-0.340410825527928,0.0757778506374959,-4.49222065107622,7.04843400191906e-06,2.72139744347954e-05
"rpsC",93751.1390560171,-0.161165121329386,0.0729922587864346,-2.2079755306783,0.027245978946844,0.0515816549542997
"rplP",54837.4020426702,0.00675526800841097,0.0788132909395947,0.085712294561947,0.931695128451246,0.954291623093724
"rpmC",20779.7311086088,0.0617677243259527,0.0776556158625816,0.795405762221448,0.426377509147638,0.532900298538451
"rpsQ",47393.2367157611,0.0458828581345068,0.0715538470261749,0.641235377850789,0.521369767565647,0.623348937449841
"rplN",41209.8086863361,0.133721096943682,0.108927544525604,1.22761508602859,0.219591495915401,0.314595668898045
"rplX",22056.4399418026,0.419555779834676,0.0932653303498836,4.4985181338094,6.84287606090374e-06,2.65857877856824e-05
"rplE",100551.272375266,0.0507367801406627,0.101127098270996,0.501713002826407,0.61586941664089,0.705544533769941
"rpsN",43611.4557023441,0.0984549109733053,0.0794297411721299,1.23952199164223,0.215152249683012,0.309666153642757
"rpsH",75412.7361024346,0.194707814187345,0.0869780346505765,2.23858604036708,0.02518286337519,0.0480177343660128
"rplF",120111.393572466,0.0782094195987715,0.0755440385785717,1.03528247986673,0.300537009459449,0.404702875979765
"rplR",60989.3390391291,0.161074379500975,0.105182449121305,1.5313807659604,0.12567531490045,0.19687016921695
"rpsE",96913.9011763656,0.212020448973627,0.0970205666546022,2.18531447799547,0.0288657965694768,0.0543717079107249
"rpmD",41829.3529927351,0.297916652176058,0.0878768806713964,3.39015961763683,0.000698519394812617,0.00189634514040303
"rplO",136302.42989653,0.311041533908767,0.07900063578405,3.9372029202272,8.2436893558049e-05,0.000266114586143156
"secY",268772.860907698,-0.314105930760586,0.0970605618802775,-3.23618496200373,0.00121138861917694,0.00310736625815064
"pgaptmp_000167",95073.710119389,-0.637343441220332,0.0849511343500162,-7.50247122768656,6.2625763775303e-14,8.02838835538075e-13
"map",104941.129545401,-0.713897158158349,0.0862111910529932,-8.28079451679913,1.22356160353806e-16,2.15833947316049e-15
"pgaptmp_000169",27146.9719472545,-0.608500530192923,0.0962521384960587,-6.32194296875638,2.58294716740219e-10,1.97708829268225e-09
"infA",18802.8588506316,-0.674072020575315,0.0974674043193155,-6.91587126263227,4.64996536143744e-12,4.56653590376521e-11
"rpmJ",15419.1711189531,-0.519171315417629,0.139719710604063,-3.71580583135369,0.000202557093491155,0.00061095421553815
"rpsM",65185.5104693937,-0.435535121254433,0.0715097699151678,-6.09056806882626,1.12510732475082e-09,7.72629052162832e-09
"rpsK",114720.547245983,-0.564977306576726,0.0815566879117876,-6.92741847471553,4.28589376219796e-12,4.22013137113778e-11
"pgaptmp_000174",221437.50558109,-0.474216533536113,0.0779161016753987,-6.08624563266417,1.1558906372875e-09,7.89399073758548e-09
"rplQ",64314.6168218851,-0.0336591968692512,0.0921876379885802,-0.365116165286941,0.71502469452988,0.790413398586342
"pgaptmp_000176",2517.23026193466,-1.22191534046944,0.151881907849033,-8.04516718136039,8.61277638131475e-16,1.39985823979273e-14
"pgaptmp_000177",2937.57094810338,-0.519445147727778,0.100194010820548,-5.18439319350262,2.16719296152675e-07,1.07264523973438e-06
"pgaptmp_000178",4065.92657092315,-0.353108379972905,0.0894171700527149,-3.9489997252735,7.8478441728001e-05,0.000254883734826893
"truA",9400.24936883697,-0.799515321085963,0.119102561215481,-6.71283063039658,1.90884637199508e-11,1.73709686957596e-10
"rplM",45987.1583919954,0.119115354362079,0.0880502376061077,1.35281127684108,0.176115929226616,0.261782543363205
"rpsI",65356.9544909023,0.0284488980908721,0.0898657927497717,0.316570935618262,0.751569192313989,0.821056804752764
"pgaptmp_000182",879.164070918688,-0.905505625951226,0.175828579434584,-5.14993426474286,2.60577770307038e-07,1.26614942700104e-06
"pgaptmp_000183",697.483907542496,-0.263021458759911,0.184923671711557,-1.4223244451374,0.154932085579924,0.234890925673515
"pgaptmp_000184",54.5352381454694,-0.531826436436163,0.518326284196982,-1.02604566399733,0.304870060306416,0.408910401607381
"cwlD",69.3241695573187,-0.498131583916285,0.409881024630045,-1.21530774537781,0.224248738916856,0.319545867629609
"pgaptmp_000186",38194.3671016021,0.122236250798556,0.0732472695206166,1.66881648419878,0.095153754824188,0.156783576605797
"gerD",10.3230693435638,0.60859147323283,1.2236995234381,0.497337345954777,0.618951180144853,0.707324833266155
"kbaA",2464.90457772946,0.227087452915504,0.116199194606695,1.95429455155983,0.0506663928358423,0.0899787488657333
"pdaB",65.5276603665938,-0.0448181914122772,0.432872469322543,-0.103536710205708,0.917537015508576,0.947052903971969
"pgaptmp_000201",2556.76295606964,-0.0043708392557279,0.110888334189225,-0.0394165832473352,0.968558258664261,0.981746688112304
"pgaptmp_000202",1744.27268727155,-0.759414089917584,0.12452133620095,-6.09866640598892,1.06957016354919e-09,7.44100962379454e-09
"pgaptmp_000203",845.815855135208,-0.093828806758993,0.166677091531601,-0.562937629261449,0.573477355638908,0.669116839400632
"pgaptmp_000204",1345.63758520641,0.590432495977386,0.167357258034889,3.52797663459746,0.000418749117873974,0.0011970692908809
"pgaptmp_000205",243.639014186746,-0.12937447699034,0.277755541963846,-0.465785402788397,0.641369114633238,0.72624759496955
"pgaptmp_000206",976.527081322536,-0.151253899845387,0.147175235374443,-1.02771298079168,0.304084859895615,0.408593447123277
"pgaptmp_000207",2057.57038582527,0.11116243863964,0.152759694635382,0.727694820973366,0.466800421371303,0.573788364710696
"feuC",3476.31256887523,-0.282239315048265,0.0973703947810119,-2.8986152894114,0.00374814480839755,0.0086595871985448
"pgaptmp_000209",3415.87326482342,-0.564193571225288,0.110763667781817,-5.09366999598315,3.51197856120061e-07,1.68015221141243e-06
"pgaptmp_000210",9583.55787084132,0.404947029196201,0.091273048168674,4.43665504024641,9.13675348307577e-06,3.48432340819754e-05
"pgaptmp_000211",4098.31288444336,-0.118641004103006,0.107453681976501,-1.10411297147502,0.269544135075927,0.370884758134049
"pgaptmp_000212",1098.65644594075,0.22571735905173,0.199320608652587,1.13243362328455,0.257452175672271,0.357417753768068
"pgaptmp_000213",2042.91068198414,-0.233166802678575,0.158480631405755,-1.47126371601588,0.141219811832821,0.216623976639868
"pbp4b",1643.63714143077,-0.12541921326587,0.134930796393574,-0.929507692966101,0.352626040269139,0.458426169012132
"pgaptmp_000215",1550.26268471837,0.657339414864693,0.159926209515167,4.11026695910249,3.95201951654463e-05,0.000135695725466597
"murQ",3508.02037866588,1.2088238714194,0.102946865273451,11.7422115594145,7.7434677383261e-32,4.2384098414779e-30
"pgaptmp_000217",360.538363093206,1.06462793939587,0.207744256279235,5.12470456928,2.98004638477889e-07,1.44423602137331e-06
"pgaptmp_000218",351.842660206912,1.08304143240016,0.190350259848407,5.68972920374621,1.27240993230372e-08,7.55328511648235e-08
"sigW",185989.548795313,0.959964203153168,0.107516867008016,8.92849866134582,4.31829129034731e-19,9.39922817700158e-18
"rsiW",134210.982640948,1.09805069361839,0.102178629206153,10.7463830954611,6.16311820624488e-27,2.44033254932377e-25
"cdaA",11433.4276272712,-0.0737804255546085,0.0845475987512548,-0.872649568341686,0.382854113893421,0.489853218257584
"pgaptmp_000227",28243.1132218531,0.489706912221255,0.088598881020751,5.52723585873008,3.25315485680756e-08,1.80450706066136e-07
"glmM",16380.6724801922,0.585599768565153,0.0967321821145087,6.05382568411346,1.41445669315626e-09,9.58944956635267e-09
"glmS",98671.7592023687,1.4050542314102,0.0969371944386999,14.4944800553178,1.3129277645533e-47,1.35742142768538e-45
"pgaptmp_000230",154.618450101361,-1.81002903389019,0.321349472549511,-5.63258753633496,1.77525685771182e-08,1.02125286312263e-07
"pgaptmp_000231",243.569164952135,-0.27187242991604,0.277078243234497,-0.981211757164018,0.326488327480381,0.43076552813966
"pgaptmp_000232",1557.01796848858,0.228123152451202,0.132617498441144,1.72015876586937,0.0854035860223813,0.142415836548075
"pgaptmp_000233",14005.2818810059,-0.145435045890428,0.114423215627328,-1.27102743174169,0.203718889806745,0.296188167133087
"pgaptmp_000234",4686.42327741649,0.163155993897032,0.0929707427320869,1.75491761281501,0.0792734010417463,0.133027772171948
"pgaptmp_000235",670.164467417159,-0.863860469150186,0.193614675377489,-4.46175098796579,8.1292658428204e-06,3.11287319619111e-05
"pgaptmp_000236",297.516753823713,-1.71481594904408,0.222386246563631,-7.7109802226615,1.24855012952816e-14,1.74703142184354e-13
"pgaptmp_000237",281.435427296942,-1.14430432442591,0.260446696772862,-4.39362195260965,1.11477606440596e-05,4.17844563113692e-05
"pgaptmp_000238",4161.5274344918,-0.147305646142902,0.133563526903085,-1.1028882626751,0.270075691969462,0.37134160528642
"pgaptmp_000239",826.759745151297,0.61940520818408,0.148185132313398,4.1799416615838,2.91583889375833e-05,0.000101617531484724
"pgaptmp_000240",3129.12223175001,0.416848757473839,0.101874880594262,4.09177174041582,4.28089919133848e-05,0.000145777738244847
"pgaptmp_000241",1715.15150478834,0.603630075934633,0.132329561998818,4.56156634101174,5.07734285215294e-06,2.02549518710753e-05
"pgaptmp_000242",400.62586885705,-0.733251277570833,0.208059133570905,-3.52424459809137,0.000424692014054843,0.00121126718491351
"pgaptmp_000243",103.787681560269,-0.662426164538931,0.351376510064073,-1.88523178290472,0.0593985515614552,0.103551011199876
"pgaptmp_000244",54.4434796561483,-0.47172973498107,0.514952332184379,-0.916064857848177,0.359632878298206,0.465583851487277
"pgaptmp_000245",12.6812957827893,-0.512284645345539,0.994887412671288,-0.514917204520707,0.606610877957724,0.697068752009463
"pgaptmp_000246",15908.9719748716,0.61134779581436,0.118230307449671,5.17082133170127,2.33067326884131e-07,1.14141656666149e-06
"pgaptmp_000247",13269.6540285312,0.741670667244115,0.117643101149529,6.30441275346374,2.8928862227248e-10,2.19293737698202e-09
"pgaptmp_000248",934.172151906415,0.256235990541596,0.143554300655404,1.78494123388668,0.07427084944773,0.125767107208576
"pgaptmp_000249",46.670155698778,0.51973989737211,0.487702578991679,1.06569027878972,0.28656367353121,0.389693092028923
"pgaptmp_000250",20570.5807086663,-0.017578961645509,0.0805254973102814,-0.218303049750486,0.827192998406632,0.879409408760206
"pgaptmp_000251",4213.61411392934,-0.74835706355937,0.126659806520887,-5.90840207414942,3.45442058568919e-09,2.20160161300259e-08
"glpT",4799.30663972667,-1.06317116027939,0.164489264421437,-6.46346838511869,1.02329922723649e-10,8.29786432194819e-10
"pgaptmp_000253",151.259593571843,-0.449756563058694,0.298103153807752,-1.50872795981469,0.131368317294757,0.204240967824179
"hpaB",2280.38103524836,-1.89679863600418,0.198122063941849,-9.57388893627164,1.0295832987599e-21,2.79715988174039e-20
"pgaptmp_000255",1864.80120615657,-2.12298895954133,0.437758082262916,-4.84968535261964,1.23657471488887e-06,5.34972412292325e-06
"pgaptmp_000256",104299.151503586,-1.98227259782706,0.456637088392022,-4.34102408283859,1.41820176577139e-05,5.21080648785896e-05
"pgaptmp_000257",982.221993749655,-0.582966290226226,0.142425780993414,-4.09312335280917,4.25601158118639e-05,0.000145062958838606
"pgaptmp_000258",1005.37965991865,-0.803540470320661,0.196003962861863,-4.09961338836282,4.13840877445489e-05,0.000141703380483175
"pgaptmp_000259",368.948964674017,0.333862082941471,0.215823233437126,1.54692373765558,0.121881636298823,0.191977761449098
"pgaptmp_000260",2127.575729409,0.364026408907018,0.111504413482713,3.2646816169609,0.00109587181991558,0.00284437581152427
"purT",3922.55034537651,-0.406410000055882,0.100019253010926,-4.06331768956008,4.8380111763312e-05,0.000162518750887227
"pssA",5342.97110665791,-0.220470627826499,0.0939989136536303,-2.34545931710333,0.0190036523827128,0.0374637680976998
"pgaptmp_000263",4679.25198351094,-0.193413105568648,0.0891728144919977,-2.1689693957793,0.0300850074643884,0.0563828790445386
"pgaptmp_000264",6339.20046294657,-0.292040467809241,0.082549974373405,-3.53774147146588,0.000403564987103025,0.00115543760153651
"pgaptmp_000265",511.276032133027,-0.247986700858355,0.209320639260523,-1.18472168695084,0.236127504918109,0.332777952785006
"pgaptmp_000266",16004.1729789582,0.0116615700835968,0.0877147704735868,0.132948761316184,0.894233903201208,0.930483250689096
"gltP",1020.94445253619,0.312349588303364,0.174142601679088,1.7936425968814,0.0728702329532454,0.123620331381941
"pgaptmp_000268",7431.4126445315,0.176713943910932,0.0937240803931144,1.88547002189541,0.059366408102591,0.103543472801239
"pgaptmp_000269",2725.20939124176,-0.306102357581639,0.105543326144785,-2.90025308811783,0.00372861467579211,0.00863053720354368
"mmuM",1839.5956988976,-0.178998875169472,0.142768192603646,-1.25377279003881,0.209924601960385,0.303314972242451
"pgaptmp_000271",49.4075111263967,-0.161298834741378,0.502293376892649,-0.321124749323245,0.748115855498077,0.818485365715415
"pgaptmp_000272",29.9972922609131,-0.322595124206665,0.603944052839925,-0.534147364627114,0.593239582154943,0.686365472421727
"pgaptmp_000273",956.762497300675,0.0243128602478222,0.157056760334994,0.154803016412436,0.876976613126503,0.916626496505713
"pgaptmp_000274",620.152201947474,-0.141846387227111,0.159047155470052,-0.891851141932682,0.37247272543773,0.479206181845569
"pgaptmp_000275",295.801086044585,0.369560495884305,0.22726219762914,1.62614152172978,0.103919552841422,0.168682326941025
"pgaptmp_000276",5.66862752800804,1.79818189140764,1.86888532024859,0.962168128737007,0.335965155953131,0.440769231743939
"pgaptmp_000277",28.6123868771844,-1.34824362846494,0.803850072606543,-1.6772327009851,0.0934969868058406,0.154340459039012
"pgaptmp_000278",14.3505370385504,0.238984670893091,0.911121021613401,0.262297395432607,0.79309216989584,0.853993186351807
"pgaptmp_000279",70.1982007922364,-0.181946717375676,0.445694468178634,-0.408231939963752,0.683103401075765,0.762829540595259
"pgaptmp_000280",55.4602337820062,0.141610456020503,0.509976551237353,0.277680328001189,0.781257762924534,0.844811561186843
"pgaptmp_000281",49.950621968243,-0.282275707355684,0.563205611265497,-0.501194770985012,0.616234054010214,0.705730199700312
"pgaptmp_000282",49.8082660630581,0.0659935913602632,0.455999061137792,0.144723086042323,0.884929511026032,0.923124338575923
"pgaptmp_000283",12.0194777390123,0.613446516734705,0.935940524292191,0.655433225523199,0.512188865389404,0.614758773614757
"tatC",47257.7078286817,1.59992816012623,0.153738784561066,10.4067959473865,2.30861208043056e-25,7.88316895721333e-24
"pcp",1899.85374932541,0.135036487531789,0.130252629257881,1.03672753710358,0.299862854715512,0.404219048584737
"pgaptmp_000286",1409.26416582395,-0.074025251290897,0.134810346681359,-0.54910660133428,0.58293229523325,0.67675421174615
"lmr(B)",1809.90178257508,-0.440838019822173,0.128402409129882,-3.43325349430364,0.000596384228131305,0.0016528236017161
"pgaptmp_000288",205.313124381905,-0.933513683742693,0.283367122802083,-3.29436130243911,0.00098645613465127,0.00259527468357981
"pgaptmp_000289",539.644137597215,0.978405187482561,0.181653428921637,5.38610910507302,7.19992672369407e-08,3.8392732472191e-07
"pgaptmp_000290",301.146267272711,-0.295585623649697,0.26512958272891,-1.11487228474209,0.264905154932305,0.366142637978824
"pgaptmp_000291",3590.17981819509,-0.246408046441285,0.110673678316958,-2.22643766962907,0.0259848796490473,0.0494456656716534
"pgaptmp_000292",5041.39220242902,0.327873973132242,0.0886883702936833,3.69692184044557,0.000218229494221436,0.00065556915051831
"pgaptmp_000293",1034.50032771042,0.10582193477933,0.150123971866065,0.704896982566781,0.480874348107609,0.585124195672878
"pgaptmp_000294",1636.21496737408,-0.540625035983682,0.128407482654311,-4.21023000224302,2.55110838426827e-05,8.98318392265517e-05
"pgaptmp_000295",1753.30957721864,-0.844732167063307,0.172058048560284,-4.90957658843456,9.12732481639674e-07,4.06362475677377e-06
"pgaptmp_000296",213.091013345807,-0.905212813004999,0.30767064015794,-2.94214882687642,0.00325943238206907,0.00766216694096379
"pgaptmp_000297",1545.16542622531,-0.620537123514095,0.119333959880419,-5.20000445921612,1.99283745191058e-07,9.92950601875662e-07
"pgaptmp_000298",57.7321155754133,-0.229193023446413,0.485885005611376,-0.471702194551211,0.637139370490749,0.722337111473216
"pgaptmp_000299",270.512875705793,0.687634060652354,0.274079691675861,2.50888366244071,0.0121113365201391,0.0250574733340511
"pgaptmp_000300",2450.93429824246,-0.83658078912787,0.157401217353225,-5.31495755366679,1.06682191868013e-07,5.50722771335289e-07
"pgaptmp_000301",766.93722825484,-0.892791729326897,0.1830823084736,-4.87645003370512,1.08012031704234e-06,4.72965625886068e-06
"pgaptmp_000302",1525.0140409972,-0.626426421181194,0.117250418561791,-5.34263697191893,9.16041039151506e-08,4.78863026365436e-07
"pgaptmp_000303",1334.48741268189,-0.151237118310574,0.123883330843227,-1.22080280923317,0.222160689921395,0.317056015294261
"pgaptmp_000304",50009.1642802263,-0.165097084139282,0.0732957976050734,-2.25247680677199,0.0242921567839194,0.0465002161193441
"pgaptmp_000305",80119.7150761679,0.267312971910368,0.0924998761718055,2.88987383522408,0.00385396466454183,0.00887103060075739
"pgaptmp_000306",130969.233295997,0.493434082560015,0.0757714624313339,6.5121361885707,7.40894975123925e-11,6.10090950754701e-10
"pgaptmp_000307",137700.176350164,0.558273642947043,0.11270211856114,4.95353281796725,7.28780601861086e-07,3.32009963295834e-06
"pgaptmp_000308",61567.6956666937,-0.265843027993288,0.0855433555498669,-3.10769932140804,0.00188549791922422,0.00462917101276553
"pgaptmp_000309",45059.7131285112,0.132905121377131,0.0944775510008105,1.40673757913127,0.159505218104221,0.241332691782078
"pgaptmp_000310",952.492086077496,-0.0338992730369998,0.145894141610614,-0.232355272547377,0.816262085612412,0.870523633996962
"opuAA",3687.86469179777,-1.4612374685411,0.174906448587721,-8.35439447967662,6.57692102092272e-17,1.19411219706704e-15
"opuAB",9797.40279934295,-0.76924872647661,0.0966757564025705,-7.95699723592912,1.7626464816477e-15,2.73357091862197e-14
"pgaptmp_000313",8551.95709719392,-0.257665332383929,0.0861623080036257,-2.99046460516223,0.00278553409458622,0.00662476543134181
"pgaptmp_000314",3856.24347367197,0.391582850604875,0.095240184291431,4.11152974469944,3.93046225740421e-05,0.00013508015255825
"pgaptmp_000315",363.110221594437,-0.553376857134986,0.225903197971243,-2.4496194038184,0.0143007285551336,0.0291177853841396
"pgaptmp_000316",1089.29247656735,-0.211423421921617,0.120871395605602,-1.74916009583841,0.0802633496319704,0.134567651950538
"pgaptmp_000317",7105.49468070586,1.85078486074612,0.134146809392375,13.7967117453583,2.66745182080892e-43,2.15831645153279e-41
"pgaptmp_000318",9088.98136392524,-1.06223063647803,0.167141079621531,-6.35529361712461,2.08028878311101e-10,1.62323581776503e-09
"pgaptmp_000319",1285.8556535578,-0.741381989570204,0.126377369848314,-5.86641414091826,4.45320695039215e-09,2.81406388274356e-08
"pgaptmp_000320",83.3530610657342,-0.242796599856909,0.482274660005303,-0.503440508058706,0.614654597558473,0.7045717314791
"pgaptmp_000321",179.480299637633,0.0322296375577999,0.285046266690772,0.11306809218015,0.909976571485959,0.94325864880379
"pgaptmp_000322",128.998494094633,0.242438593649633,0.337782635063562,0.717735515338179,0.47292038051024,0.577875789973445
"pgaptmp_000323",45.8079185187006,0.518948179362546,0.560559492751497,0.925768247747082,0.354566431711864,0.46046624523083
"pgaptmp_000324",14.9644724993032,-0.725127304235698,0.857915578541379,-0.845219882203973,0.397988083465361,0.503898530756409
"nadE",7539.62415575785,0.812232380749266,0.0999581159342149,8.12572719241545,4.44688198839939e-16,7.42210527391145e-15
"pgaptmp_000326",1113.25361092366,1.5762302936875,0.15055309320032,10.469597536533,1.19148487642987e-25,4.22353020006854e-24
"pgaptmp_000327",71.1404682186409,0.732315304462731,0.447660317974429,1.63587272549934,0.101866227318515,0.166000918598736
"pgaptmp_000328",582.413880174452,-0.599194380979309,0.172999373547433,-3.46356387709706,0.000533070012012064,0.00149291691851686
"pgaptmp_000329",389.235045489868,-0.294086700281985,0.186290022675694,-1.57864976372863,0.114416413522915,0.182500781531809
"cah",1549.7648669452,-0.617305413749593,0.12652619762563,-4.87887429902932,1.066930313949e-06,4.67740238930293e-06
"pgaptmp_000331",479.408527739705,-0.0711910203469841,0.216148542905727,-0.329361555668843,0.741882422308566,0.813339138684089
"pgaptmp_000332",50226.5263606332,4.19922819297836,0.124881688847777,33.6256518607539,7.07741326303423e-248,1.31710660825067e-244
"pruA",285037.01880873,3.9541495838696,0.120428570934979,32.8339824442864,1.92841716938797e-236,1.79439217611551e-233
"putP",64764.9486601792,1.397796484557,0.0989930898115442,14.1201419939313,2.85415657409694e-45,2.52932637352115e-43
"pgaptmp_000335",3291.67946774215,0.245809137264135,0.0960960798229667,2.55795176782422,0.0105290694863648,0.0221157994516083
"pgaptmp_000336",2642.17604106411,0.259701502194649,0.119907907947632,2.1658413247279,0.0303233142772458,0.056772321800759
"cobA",23844.3938379826,-0.0750116649227573,0.072056874978891,-1.04100635705798,0.29787259786518,0.402425339112233
"nirD",287.262882015777,-0.244790040444563,0.251321962837107,-0.974009743045109,0.330051701619714,0.43485041891277
"nasD",1388.16094374591,-0.370921715359436,0.11859045266113,-3.12775360103683,0.00176147784006757,0.00435629270480498
"pgaptmp_000340",24.9022618730722,-1.03702185203749,0.76325404936682,-1.35868503140964,0.174246417341844,0.259314340402376
"pgaptmp_000341",1227.26279744205,-1.34168917027848,0.154243551126473,-8.69851063775332,3.36268292516388e-18,6.80212274318477e-17
"pgaptmp_000343",8637.69133039719,-0.252214297835968,0.092680827929612,-2.72132115638324,0.00650215577221086,0.0142694715708543
"pgaptmp_000344",3884.64326978955,0.400725774283475,0.10573159083173,3.79002879963495,0.000150629819352437,0.0004660897492591
"pgaptmp_000345",355.000393574293,-0.477979783126915,0.200120789025755,-2.38845641901502,0.0169193148742745,0.0337660535989542
"pgaptmp_000346",1096.38753143362,-0.218253703877533,0.133070352168324,-1.64013771904247,0.100976535336771,0.164839765141869
"pgaptmp_000347",7201.48853858609,1.88397436827713,0.138935819375061,13.5600335230419,6.9104500525958e-42,5.24912144811461e-40
"pgaptmp_000348",9110.09800258773,-1.07315175383966,0.155794601307144,-6.88824737722443,5.64839283747909e-12,5.47482243257739e-11
"pgaptmp_000349",1309.13495357113,-0.573042017667829,0.118861777765806,-4.82107897457917,1.42783811642594e-06,6.13564841654232e-06
"pgaptmp_000350",92.5208101547015,-0.12856875974978,0.378909695986453,-0.339312403751148,0.734374399499554,0.806771403464386
"pgaptmp_000351",192.296107649809,0.156088797653272,0.25305371979116,0.616820799086017,0.537352931504389,0.637690033476909
"pgaptmp_000352",125.327876727588,0.0351306500805859,0.318117043651866,0.110433096187803,0.91206590667724,0.943761274576783
"pgaptmp_000353",46.7722409788213,0.319462918746306,0.513514908618183,0.622110309525284,0.53386933638969,0.635046874414327
"pgaptmp_000354",10.7849887131674,-1.39274393739353,1.35594097587916,-1.02714200851591,0.304353600246307,0.408609721057817
"pgaptmp_000356",1101.55121082439,1.6270113741987,0.145398124624288,11.19004373958,4.5620853547259e-29,2.17693355003715e-27
"pgaptmp_000357",65.6338379430367,0.802733374892459,0.459934249186063,1.74532202442641,0.080928830260465,0.135500272707805
"pgaptmp_000358",567.689608843417,-0.533188999570787,0.16672964970783,-3.19792550698165,0.00138420032204842,0.00349287701604354
"pgaptmp_000359",392.675476071087,-0.344419857207788,0.187103372782859,-1.84079983212008,0.0656508974429762,0.112969320519074
"pgaptmp_000361",484.439869141566,-0.141441086073563,0.20114838813584,-0.70316788210127,0.48195113236801,0.585889700855678
"pgaptmp_000362",50091.8211343399,4.15749304385529,0.121704003902398,34.1606924221608,9.27765044485558e-256,3.45314149557525e-252
"pgaptmp_000365",3399.53957130841,0.260528017714074,0.0976270743255257,2.66860417065634,0.00761671550874839,0.0164630749846466
"pgaptmp_000366",2631.44112978563,0.264602161855528,0.109782991619636,2.41022910700314,0.0159425056439971,0.0320919448388087
"pgaptmp_000370",33.5415269699017,-1.11038042676096,0.753080862284157,-1.47445046391577,0.140360345763293,0.215609247598422
"pgaptmp_000371",182.60103575828,0.384930292654316,0.279841951607604,1.37552747342924,0.168967974295526,0.252874467361458
"pgaptmp_000372",360.903357915676,0.229766620383308,0.214890617826796,1.06922592855358,0.284967877948784,0.387806377230485
"pgaptmp_000373",17.345664188578,-0.530827471216439,0.803120081371113,-0.660956541281091,0.508640184211193,0.611090628029071
"pgaptmp_000374",0.99588761369226,-3.29455410216132,3.9251892793441,-0.839336365127298,0.401280582083204,0.506637152820111
"comJ",1151.13904531057,-0.760019254310279,0.192540207837458,-3.94732748471887,7.90284247209566e-05,0.000256222819522126
"pgaptmp_000376",977.713468891137,-0.960385431593694,0.22932323027777,-4.18791166699692,2.81533044388935e-05,9.83911728840953e-05
"hxlB",3342.04892637305,4.04001883343428,0.173161964036132,23.3308674680502,2.15572128813528e-120,6.68632886203293e-118
"hxlA",5862.69251770129,4.07108471127507,0.158583129944812,25.6716128171505,2.4261298384473e-145,1.00333947318898e-142
"pgaptmp_000379",145.773591889458,-0.261529930716777,0.331447483547599,-0.789053903555188,0.430080502255612,0.536447596982369
"srfAA",71705.6321601281,0.408579907376661,0.116645541270816,3.50274775122402,0.00046048532148392,0.00130336605822293
"srfAB",116080.19381245,0.40886247381434,0.115955237534118,3.52603713733964,0.000421827812629707,0.00120402079647835
"comS",632.346310015132,0.528787655414188,0.190569477434978,2.77477622613837,0.00552397018053942,0.0122747564250554
"srfAC",47296.8463694119,0.363545252547926,0.0968304855338369,3.75445037318219,0.00017372225874448,0.000528695214265704
"srfAD",11175.7551688115,0.356640946889347,0.118056327811951,3.02093884757649,0.00251992247678205,0.00605842588291687
"pgaptmp_000386",12073.489053937,-0.912559550641506,0.149797033859387,-6.09197343318637,1.11527196160909e-09,7.67290617580225e-09
"pgaptmp_000387",3367.61490669056,0.35095475763678,0.111336738479873,3.15219183199106,0.00162049773381189,0.00402636352820285
"pgaptmp_000388",965.151292183567,-0.096036694564788,0.150110403287113,-0.63977374293706,0.522319705301301,0.62368391302155
"tcyC",2173.35867309165,-0.071924982131323,0.121943252388403,-0.589823386883548,0.555309061771263,0.655106284599887
"pgaptmp_000390",2510.53105691208,-0.416352948098739,0.102381564621775,-4.06667889513954,4.76878801037403e-05,0.000160483082953094
"tcyA",4997.67366784527,-0.183258237836533,0.0993402494371772,-1.84475314763958,0.0650734557403183,0.11213120475253
"pgaptmp_000392",1079.46480860006,-0.432439465093077,0.120853281771729,-3.57821863629555,0.000345944013862517,0.00100280655731798
"pgaptmp_000393",1344.95724850766,0.00112705272795749,0.125999063217737,0.00894492942387875,0.992863074088346,0.994387453514129
"bsdC",3992.40104373413,0.115105794586477,0.0961539304672332,1.19709921401187,0.23126788629932,0.327666186831394
"pgaptmp_000395",491.939195017284,0.199786481366178,0.167216223383586,1.19477929427863,0.232173272198151,0.32832405741699
"pgaptmp_000396",892.142613657122,0.391886047733208,0.155155049992163,2.52577049701575,0.0115444870275467,0.0240047936963849
"pgaptmp_000397",1611.34622541192,-0.497549840944487,0.135129434449188,-3.6820241494578,0.000231389485955173,0.000691752342751129
"pgaptmp_000398",172.975722258431,0.283426072181828,0.365747780240994,0.774922193635944,0.438385636966208,0.544434881811219
"pgaptmp_000399",0,NA,NA,NA,NA,NA
"gerKA",70.0359875613223,0.253181773260102,0.44161635326774,0.573307060272301,0.566436805823879,0.662563730759421
"pgaptmp_000401",126.908357115239,0.442726349548534,0.382925244034691,1.1561691386124,0.247611980469716,0.346210289747665
"pgaptmp_000402",79.3591452972945,-0.690700529758831,0.41912262048178,-1.64796767343379,0.0993593049496811,0.162556190339654
"pgaptmp_000403",950.491186732396,-0.508687077419223,0.163515590369906,-3.11093930718453,0.00186493265688236,0.00458472876414541
"pgaptmp_000404",248.064249288711,-0.362137147415295,0.227713407844897,-1.5903198272012,0.11176273162539,0.178993497035156
"pgaptmp_000405",875.514350711837,-0.545381993983683,0.160388039851726,-3.40039066808144,0.000672896393113174,0.00183885490100384
"pgaptmp_000406",1431.78396812021,-0.540114057727884,0.128958679024138,-4.18827225755614,2.81086188969259e-05,9.83273303894344e-05
"pgaptmp_000407",1746.76543117428,-0.11725316804015,0.108827266006979,-1.07742454940135,0.281290641556667,0.383937978090637
"pgaptmp_000408",3001.14359021705,-0.1021811608015,0.0951774822099436,-1.07358545770425,0.283008518234644,0.385562849512938
"pgaptmp_000409",3131.33845009625,-0.0318401541668022,0.095460336516462,-0.333543284349426,0.738724221925287,0.810593028893254
"pgaptmp_000410",38.1656208708918,0.118268996356323,0.691870214385398,0.170941014510046,0.864270146352967,0.907166803363154
"pgaptmp_000411",94.935801587284,-0.219402636792083,0.378139833373547,-0.580215617155956,0.561769223328747,0.658760254955764
"pgaptmp_000412",310.670122684489,-0.300012667661931,0.220879860281511,-1.35826175949028,0.1743806397892,0.259410368223582
"pgaptmp_000413",2043.36803104527,-0.0697317191986518,0.117247632576346,-0.594738824711415,0.552018065393852,0.651636929716434
"pgaptmp_000414",1610.9582745394,0.824716454270243,0.111342896414074,7.40699659189032,1.29191780888138e-13,1.59222453134322e-12
"pgaptmp_000415",1600.28778331121,0.0723119726676889,0.18842233069323,0.383776022733845,0.701144460847124,0.777841932421162
"pgaptmp_000416",117.069899956553,0.0613458886901308,0.340232609957386,0.180305728771308,0.856912558469939,0.902498172785827
"pgaptmp_000417",1339.26118497019,-0.555582660980201,0.147382291992766,-3.76967038216144,0.000163463286378811,0.000499926336813422
"pgaptmp_000418",4110.17059285752,-1.49628466320946,0.175662580999325,-8.51794761694413,1.62405625014345e-17,3.06839460052483e-16
"pgaptmp_000419",5138.63620718454,-0.764020720803722,0.103078538531727,-7.41202515757982,1.24385153634416e-13,1.53807821205082e-12
"pgaptmp_000420",3477.25615160463,-0.549583270055992,0.0916795905522956,-5.99460868820635,2.03976005961754e-09,1.35329535506176e-08
"pgaptmp_000421",8928.46627014103,-0.183491975558991,0.0980172217147613,-1.87203812094337,0.061201329745311,0.10619643324571
"pgaptmp_000422",4741.20680320165,0.103645275687834,0.108787230697982,0.95273383670899,0.340724944696152,0.445913587960295
"pgaptmp_000423",1052.78417507576,-0.327839342201403,0.13573124705837,-2.4153564437555,0.0157198177768233,0.0317294803499654
"nfsA",26148.0072834105,0.767122159933666,0.112175241361274,6.83860494191456,7.99680739125112e-12,7.57356669471671e-11
"pgaptmp_000425",1250.16211076367,0.0624417077282196,0.148467961389846,0.420573618332785,0.674066461462649,0.755003120542877
"pgaptmp_000426",486.410792634554,0.191070020856469,0.166965772496513,1.14436640515923,0.252471714462895,0.351684027406773
"pgaptmp_000427",2442.50906251608,0.468352428255534,0.0984590256613847,4.75682574664377,1.9666078500964e-06,8.28021992993078e-06
"gabT",1315.82209336714,1.87986773563462,0.180149411120873,10.4350479079463,1.71527210631884e-25,6.02287054690445e-24
"gabD",18801.6632520841,0.657433787146752,0.106416189242016,6.17794897401928,6.49396941288642e-10,4.68421592146574e-09
"pgaptmp_000430",605.681308258287,-0.624517571296451,0.191773109120264,-3.25654401788317,0.00112777442631718,0.00291700932227418
"pgaptmp_000431",11.8428875789567,0.657072874915528,1.01533952480592,0.647145963357556,0.517537480068023,0.62014930793803
"gdh",9639.57395055306,-0.207670464863224,0.116421770539438,-1.78377689929459,0.0744599247137485,0.125972654447533
"pgaptmp_000433",9427.67386316826,0.29304169100205,0.113726825793471,2.57671564257158,0.00997439677229709,0.0210576884778728
"pgaptmp_000434",17095.5321200321,0.0389155049710601,0.0940952903128018,0.413575481213703,0.679185032774691,0.759137144740961
"pgaptmp_000435",5582.61644021943,-0.660772347263971,0.108591882223275,-6.08491476283062,1.1655330051823e-09,7.94526345290939e-09
"pgaptmp_000436",529.39239365244,-0.700367468946941,0.166533561065614,-4.20556351804064,2.60432430637393e-05,9.16190460144023e-05
"pgaptmp_000437",30157.1167677442,1.23721848576171,0.102122942271069,12.1149906010122,8.79742166603264e-34,5.19746086364659e-32
"pgaptmp_000438",12160.2456694971,1.42091204241661,0.113090693469159,12.5643587357089,3.31552292578623e-36,2.09158920843667e-34
"pgaptmp_000439",28172.005011538,1.38553262194533,0.121150414504474,11.4364662111343,2.74854017430128e-30,1.34606138536176e-28
"pgaptmp_000440",10307.700215016,1.0386329725142,0.151320949090735,6.86377516632818,6.70641549512419e-12,6.44994275784295e-11
"pgaptmp_000441",0,NA,NA,NA,NA,NA
"pgaptmp_000442",2422.33848516493,0.179933122284712,0.138982745511523,1.29464360214264,0.195443203683665,0.286075909377394
"pgaptmp_000443",2865.39900964545,1.01083023608345,0.139353082062357,7.25373433528458,4.05434981462314e-13,4.6574969166751e-12
"pgaptmp_000444",9565.19918931304,0.696838650241818,0.125204505517343,5.56560362873919,2.61246471444909e-08,1.46439663662342e-07
"pgaptmp_000445",9517.33866127085,0.646462066789273,0.129536467481375,4.99057971364104,6.01983512748286e-07,2.78679432145413e-06
"pxpB",7705.72956881386,0.641374161742292,0.129023673971383,4.97098045653659,6.66151648783241e-07,3.05346851819116e-06
"pgaptmp_000447",11810.9666029657,0.69092160644763,0.103293152490631,6.6889390999108,2.24794248942224e-11,2.03078688000718e-10
"pgaptmp_000448",9576.102613263,0.321882244692685,0.0925579631123934,3.47762887026611,0.000505869812015324,0.00142101693609135
"pgaptmp_000449",5218.3500112008,0.0212035980497182,0.110392596007944,0.192074458038766,0.847683881917585,0.89505798822617
"pgaptmp_000450",2261.92422089092,-1.12152933709649,0.17048208130139,-6.5785760505456,4.74974918226423e-11,4.03620238730308e-10
"pgaptmp_000451",393.345122002363,0.128918692885098,0.198380395965875,0.649856011514737,0.515785234565699,0.618277823849769
"pgaptmp_000452",77988.8102311778,0.378879408179265,0.0826324925972838,4.58511411516732,4.53738550104085e-06,1.81941108465898e-05
"pgaptmp_000453",38858.5412246077,0.765018340179046,0.11662931060677,6.55940034455318,5.40245830425546e-11,4.53904058881238e-10
"pgaptmp_000454",8947.89332898621,1.17058198330094,0.109998294568339,10.6418193836058,1.90375163791472e-26,7.23037101665161e-25
"pgaptmp_000455",1227.82010263261,0.670693745701269,0.136047106959653,4.92986407936022,8.22868474624348e-07,3.69893292578723e-06
"pgaptmp_000456",64.2238270244008,-0.203597361124342,0.426843967170058,-0.476983105733405,0.633374151866301,0.719383153264075
"pgaptmp_000457",59.3981455673731,0.412297303296106,0.442909921846106,0.930882969560938,0.351914104917281,0.457660481656925
"pgaptmp_000458",1452.89614001204,0.518307567380578,0.124315782542597,4.16928210384694,3.05560587678372e-05,0.00010599221876411
"pgaptmp_000459",4209.12745063169,0.655966588349183,0.106031019646851,6.18655361925178,6.14937743239489e-10,4.44426850550947e-09
"pgaptmp_000460",577.022323250415,-0.423031476541135,0.16492559646899,-2.56498375993853,0.0103180634227602,0.021733917407761
"pgaptmp_000461",2991.01025885585,0.626825940975574,0.173769988161698,3.60721634159457,0.000309499596367079,0.000903496076610408
"pgaptmp_000462",611.412074740039,0.150430459264981,0.171097150875301,0.879210778761696,0.379287001209379,0.485623054180017
"pgaptmp_000463",525.213199172883,-0.0631390655420645,0.163088391370249,-0.387146289270362,0.698647910481637,0.775765967426209
"pgaptmp_000464",15415.8309357675,0.387668137414088,0.111579754137301,3.47435912913964,0.000512075166437357,0.00143736332539958
"pgaptmp_000465",595.286992217968,-0.379753123664848,0.185368847458637,-2.04863508011822,0.0404978116810173,0.0735641069188611
"pgaptmp_000466",350.603028280884,-0.456508159771684,0.229610431634517,-1.98818562607091,0.0467911640952512,0.0839309459096506
"pgaptmp_000467",880.199458337323,-0.48158404161988,0.134931599154686,-3.56909756229739,0.000358213019114765,0.00103274117517053
"pgaptmp_000468",521.10579106638,-0.349858888852633,0.222997911573415,-1.56888863390747,0.116673890749804,0.184870251754265
"pgaptmp_000469",1934.68250845387,0.188187993223449,0.104115546970315,1.80749175987238,0.070685638339891,0.120454057355733
"pgaptmp_000470",44622.3456128434,0.378667946446148,0.108057862406665,3.5043072110854,0.000457796905459179,0.00129674283266291
"pgaptmp_000471",907.21695039263,0.403984120079969,0.200874789929958,2.01112404508715,0.0443123559799644,0.0799857366427874
"pgaptmp_000472",2464.45772450567,0.153412134883907,0.0974137057732042,1.57485164604124,0.115290692067274,0.183459579253695
"pgaptmp_000473",63.3790962745128,-0.0594816993186054,0.537525791211037,-0.110658316849493,0.911887301240493,0.943761274576783
"pgaptmp_000474",0.386432481340381,0.149016501397249,4.99745499514134,0.0298184779136834,0.976211822074788,0.985129538146577
"pgaptmp_000475",13.4304120064821,0.080273577152394,1.17301909395222,0.0684333081756843,0.945440707879172,0.965412980720515
"pgaptmp_000476",63.3684284196078,-1.05183944039241,0.599003408502222,-1.75598239586397,0.0790914145006513,0.132782248430954
"pgaptmp_000477",5004.69451625296,-0.0227440821202587,0.127874583962319,-0.177862413432843,0.858831029857536,0.903233757481653
"pgaptmp_000478",641.449769755832,0.126859934983088,0.183929792301958,0.689719340164431,0.49037070111148,0.592776794263374
"pgaptmp_000479",40612.9208276782,-0.384265786979486,0.0721275530906712,-5.32758662277683,9.9526317298873e-08,5.1766785276744e-07
"pgaptmp_000480",136.884023684205,0.835242693080812,0.430809551776096,1.9387747779439,0.0525287685988288,0.0928713649868124
"pgaptmp_000481",376.768772119663,0.370018791506965,0.2357335156145,1.56964863711643,0.116496876663517,0.184719256340183
"pgaptmp_000482",888.688415477896,0.293686922355798,0.154965335544226,1.89517817855453,0.0580688000947078,0.1015658242258
"pgaptmp_000483",595.641122503186,0.0490920629247279,0.201415776238005,0.243734943913817,0.80743610803131,0.864081999451563
"pgaptmp_000484",143.178183479422,0.0765257573398232,0.332147926771984,0.230396612989722,0.817783592812753,0.871397232307205
"gsiB",4.98397018877692,-1.4258027997072,2.08723702928003,-0.683105358761774,0.494540269512235,0.596482304413204
"pgaptmp_000486",266.856748513559,0.0700811153259787,0.230053584962739,0.304629529408679,0.760648327105744,0.828058810613507
"pgaptmp_000487",275.021294837199,0.495689888769647,0.263694143858524,1.87979103940811,0.0601365621565953,0.104592656236845
"pgaptmp_000488",1970.51430461165,0.530857662460444,0.111815445253789,4.7476237406697,2.05820469704839e-06,8.63657032966642e-06
"pgaptmp_000489",1761.0112067473,0.434651491666495,0.136533391503443,3.1834812486551,0.00145515538057576,0.00364965520653839
"pgaptmp_000490",2090.06852129373,0.225211547662817,0.109779386030872,2.05149214078756,0.0402190442174029,0.0730933996958855
"pgaptmp_000491",1089.69868803137,0.386396903137043,0.16036003521509,2.4095586074097,0.0159718305629941,0.0321162362806396
"dctP",27779.5164816496,0.821463758749572,0.100157651526908,8.20170747043608,2.36996436962315e-16,4.03725759379619e-15
"pgaptmp_000493",3966.48488184498,-0.953723844903214,0.111392939166872,-8.56179801014576,1.11120758021406e-17,2.1429609396667e-16
"pgaptmp_000494",1795.49739509845,-0.616992789107559,0.140697339411029,-4.3852484467037,1.15853472086829e-05,4.33373490559976e-05
"pgaptmp_000495",2233.61334443674,-0.479487211230958,0.102626854533591,-4.67214174506358,2.98075131721903e-06,1.22861089730778e-05
"pgaptmp_000496",3236.79329546417,-0.701602331673112,0.135208317617806,-5.18904712398195,2.11372905412826e-07,1.04897327192872e-06
"pgaptmp_000497",2235.65335646428,-0.249625317792185,0.120258665186665,-2.07573664155275,0.037918315076715,0.0694205453593375
"fbpB",7.75988694112739,-1.79913140931073,1.86750063434313,-0.963389985644397,0.33535184999826,0.440465891317766
"pgaptmp_000499",35.8865419523893,-1.39054726712287,0.626899574219723,-2.21813401110317,0.0265456964349396,0.0503840296434702
"pgaptmp_000500",895.314532010597,-0.113172516540716,0.179716313723261,-0.629728677358622,0.528872116568647,0.630311244914667
"pgaptmp_000501",5870.19018494208,0.735930245735336,0.150331090018557,4.89539619279347,9.81078698081855e-07,4.34711299316746e-06
"pgaptmp_000502",6407.10905651777,0.0557773088311042,0.0897322891064708,0.621596856455119,0.534206988577118,0.635245498876688
"murF",7526.71849906189,-0.144191718217312,0.088066600134517,-1.63730310920447,0.101567151594962,0.16565860571273
"cshA",39826.7376607337,-0.546406708101731,0.0809158880943921,-6.75277403449274,1.45044752661176e-11,1.35302398347092e-10
"pgaptmp_000505",12813.6169784225,-0.601955559919961,0.10676893709322,-5.6379278122287,1.72108623598058e-08,9.93160150437165e-08
"pgaptmp_000506",16982.968401443,-0.523841781508936,0.0880705855065662,-5.94797659736099,2.71477396302466e-09,1.75728498963092e-08
"pgaptmp_000507",1039.87960855163,-0.617058403950514,0.131658393655819,-4.68681401023035,2.77490928771948e-06,1.1501350076717e-05
"acpS",364.006792574128,-0.125839554836599,0.217775772904528,-0.577840010200613,0.563372139939481,0.659808403037995
"pgaptmp_000509",1384.33963114428,-0.0369377236789282,0.127648192561988,-0.289371301994664,0.772297253714413,0.837067669867514
"alr",5543.6990295086,-0.126386282865039,0.0904594253893344,-1.39715991253622,0.162365488562959,0.244932885510046
"endB",8682.68161993491,-0.621848548733189,0.101879747768982,-6.10375037581822,1.03608059511348e-09,7.2215205524576e-09
"ndoA",7561.94399356998,-0.422914804118899,0.109929458673161,-3.84714715439739,0.000119501199987326,0.000373767618783889
"pgaptmp_000513",7040.46457303573,0.744210499994709,0.10592772756133,7.02564396620161,2.13081173676925e-12,2.2091591321045e-11
"rsbS",3667.63943834024,0.487347793360176,0.11484477870107,4.24353461143146,2.20026418690727e-05,7.79199172566018e-05
"pgaptmp_000515",2958.09940352728,0.688271795623429,0.120569032798287,5.70852879590492,1.13956900009594e-08,6.7972368883928e-08
"pgaptmp_000516",9400.1550687224,0.206493399273215,0.0813009760327805,2.53986371811769,0.0110895671096437,0.0231884094281426
"pgaptmp_000517",3047.68401573886,0.304002596805333,0.0957219010091615,3.17589385083605,0.00149375598795379,0.00373639770642742
"rsbW",2842.51586998527,0.0693504124792411,0.0931236217884606,0.744713437335774,0.456444974124781,0.5636656249809
"sigB",5745.22626238648,-0.0773261319697547,0.0904380305118799,-0.855017867285347,0.392541256406234,0.499329650151744
"pgaptmp_000520",3909.22809832373,-0.188102429730402,0.101301167619733,-1.85686339210329,0.0633305920016967,0.10948279769174
"pgaptmp_000521",4319.53212500789,0.582327208625681,0.104806527030899,5.55621128876831,2.75693125911084e-08,1.54305235284369e-07
"cmpA",0.917430780851986,-2.0905271214621,4.80407093526139,-0.435157421618786,0.663448165949585,0.745127964292201
"pgaptmp_000523",675.111289007404,0.111134470954072,0.174167199681222,0.638090703401567,0.523414637881332,0.624607015772465
"pgaptmp_000531",659.851585181762,-0.104437032311147,0.188705433705812,-0.553439454605013,0.579962528507713,0.674568915970534
"pgaptmp_000532",2113.85124697893,-0.183090745769538,0.116352865461642,-1.57358175102182,0.11558417490231,0.18365365467575
"pgaptmp_000533",13.8114751238473,0.981526307448522,1.00123331190762,0.980317270485591,0.326929532268749,0.431194797698187
"pgaptmp_000534",0.136139235471291,-1.27663072519385,4.99449191205581,-0.255607727006684,0.79825375128614,0.858089394165145
"pgaptmp_000535",13.7995105988167,-0.872329695784913,0.941108671708199,-0.926917073457154,0.353969591840582,0.459851595403367
"pgaptmp_000536",797.608912160001,0.56096832385747,0.169635635264051,3.30690142424543,0.000943340818180534,0.00249546163842782
"pgaptmp_000537",1760.66781786432,1.10941120456824,0.143239253498928,7.74516187056603,9.54601569696476e-15,1.35096085262748e-13
"pgaptmp_000538",664.181562761819,0.826691152835107,0.181573787284647,4.55292124043837,5.29060838737253e-06,2.10156290478128e-05
"pgaptmp_000539",785.605709019374,0.557522105614383,0.156603629108129,3.5600841997693,0.000370735902970264,0.00106554365317013
"pgaptmp_000540",46.5559636412517,-0.249342151367209,0.723925095706407,-0.344430871157879,0.73052227569135,0.803325831351195
"pgaptmp_000541",283.326906909695,-0.915147260255755,0.279944010305391,-3.26903675937707,0.00107914280880855,0.00280682706805411
"pgaptmp_000542",61.6919772144731,-0.309699992575894,0.442802200010002,-0.69940933574607,0.484296255166717,0.588107883109468
"pgaptmp_000543",28.5608435382376,-1.82386888408496,0.724400089736429,-2.51776457502727,0.0118102232049766,0.0244616865714651
"pgaptmp_000544",271.502081978475,-0.520850389653732,0.270331500032209,-1.92670994535107,0.0540157877451982,0.0951025364179886
"pgaptmp_000545",874.863594873292,0.289880028425033,0.187177107396725,1.54869381441304,0.121455341545421,0.191549483572905
"pgaptmp_000546",7.43586281568634,-1.01475524829902,1.35987510727512,-0.74621209173566,0.455539304889542,0.562920747941193
"cspC",1451.4578578619,-1.22195502250954,0.239355999574528,-5.10517816424761,3.30482997050427e-07,1.5851259214197e-06
"pgaptmp_000548",8295.79315828899,-0.186004398486655,0.126973874921543,-1.46490290700813,0.142947409586596,0.218860657540646
"pgaptmp_000549",25.5801401768256,-0.611522021366421,0.724926512180113,-0.843564155940932,0.398913001104539,0.504675115605402
"pgaptmp_000550",152.277062913413,-0.891079819067278,0.283672362456243,-3.14122888585852,0.00168240493540346,0.00417460744638112
"pgaptmp_000551",304.242989224782,-0.73626305926916,0.201815813662611,-3.64819310195394,0.000264091120672951,0.000781978640528817
"pgaptmp_000552",2127.91802207675,-1.04487229192814,0.139704246538506,-7.47917345261333,7.47915067136766e-14,9.46850299279947e-13
"pgaptmp_000553",2046.8405592735,-0.81337325111155,0.117761571300014,-6.906949713157,4.95185364657478e-12,4.83748012402922e-11
"pgaptmp_000554",0,NA,NA,NA,NA,NA
"pgaptmp_000555",19.4899630307619,-1.30433679990199,0.746251712221126,-1.7478509979157,0.0804898318741562,0.134886607039896
"pgaptmp_000556",5.76422416813682,-1.72009769347672,1.40152282011475,-1.2273062334696,0.219707513621865,0.314640771720116
"pgaptmp_000557",23.1885220102156,-0.822288214005768,0.672030765599248,-1.22358715716316,0.221108006832237,0.316038403006754
"pgaptmp_000558",332.195418042458,-0.219971783932101,0.202509055196446,-1.08623184142909,0.277376433229942,0.379557016353619
"pgaptmp_000559",49.9213469408482,-0.993440773478093,0.546885458198042,-1.81654267559322,0.0692871677834326,0.118459732884674
"pgaptmp_000560",330.460734061158,-0.850666181315294,0.252314003612691,-3.37145845706246,0.000747713146468407,0.00201958514597635
"pgaptmp_000561",788.438068693566,-0.614376303274018,0.141061687165101,-4.3553732811585,1.32840347722121e-05,4.91971914648493e-05
"cotR",46.2135859285222,-1.36079297091152,0.642506774334718,-2.11794338249671,0.0341798629297327,0.0631665589992379
"pgaptmp_000563",237.779143012596,-0.0969699167223719,0.252106112525801,-0.384639292363242,0.700504678565326,0.777363868103799
"pgaptmp_000564",297.724760488667,-0.140471746596369,0.264374559218187,-0.531336097587356,0.595185895169436,0.687975745907031
"pgaptmp_000565",0,NA,NA,NA,NA,NA
"pgaptmp_000566",47.1723708543489,0.318025176210125,0.51877138700726,0.613035306447375,0.539852994812885,0.639914919329159
"pgaptmp_000567",639.452546539341,-0.183482904860137,0.165002131199869,-1.11200324217559,0.266136756335784,0.36741877117277
"pgaptmp_000568",38962.3501466362,0.664503481410574,0.0994670059380692,6.6806422405467,2.37897348085157e-11,2.13877760766414e-10
"pgaptmp_000569",93.2890546250191,-0.519194905630209,0.410423235233235,-1.26502317865888,0.20586301908356,0.298605673043261
"pgaptmp_000570",328.490967206291,-0.832425188983664,0.230670647611988,-3.60871744021757,0.000307714540403228,0.000899696401713129
"satA",1085.65210375419,-0.532255715800646,0.160204363473701,-3.32235467411611,0.000892611547792235,0.00237987118974405
"pgaptmp_000572",1261.45836483824,-0.51069335444877,0.154621485263409,-3.30286152392578,0.00095703635380928,0.00252601296999037
"pgaptmp_000573",899.284206400849,0.175313793365354,0.152381706359019,1.15049107635207,0.24994166752065,0.348685805259815
"pgaptmp_000574",6964.41772002663,0.336169227446658,0.122290374633098,2.74894265763147,0.00597878446894254,0.0131752728202511
"pgaptmp_000575",90.8693258678559,-0.382763037342375,0.342420389598507,-1.11781613761719,0.263645527784825,0.364655761581241
"pgaptmp_000576",709.380463983227,-0.892146651915075,0.162418983976608,-5.49287176949443,3.95449930185772e-08,2.16450682375212e-07
"pgaptmp_000577",765.890265207228,0.952040603362196,0.169967827795308,5.60129887938991,2.12751536958897e-08,1.20894842833743e-07
"pgaptmp_000578",392.080228293976,2.65316513135009,0.23752656909536,11.1699720223084,5.71988941768437e-29,2.694864356028e-27
"pgaptmp_000579",117.682158489983,-0.824880632199435,0.322365474224166,-2.55883678047305,0.010502303815335,0.0220845055371055
"pgaptmp_000580",84.8722860350302,-1.31544434888981,0.513793399895903,-2.56025933606062,0.0104594079163436,0.0220067361586382
"pgaptmp_000581",122.507035306218,-0.808528901802594,0.367806099814956,-2.19824766965357,0.0279314613296202,0.0527452557426922
"pgaptmp_000582",465.681402079223,-0.210863115658246,0.180289172546509,-1.16958280233856,0.242168901458529,0.339492524003257
"pgaptmp_000583",46.4187258564439,-0.192413053400862,0.649947494799781,-0.296043995769436,0.767196482688132,0.832756655749415
"pgaptmp_000584",32.9858731277048,-0.97580898620016,0.651463742216792,-1.49787152064624,0.134166634269004,0.208070088645514
"pgaptmp_000585",395.217333757985,-0.31001210409635,0.208371926305279,-1.48778249351192,0.136808263955339,0.211023770593357
"pgaptmp_000586",22.069003419663,-0.572599828460612,0.720776744943367,-0.794420508815947,0.426950668659685,0.533361747051434
"pgaptmp_000587",35.6557305252156,-0.61105615397163,0.88314201392338,-0.691911543486645,0.488992880923207,0.591303282259967
"pgaptmp_000588",15.2168848536764,0.54127009202121,0.845384759091654,0.640264786181848,0.522000469981403,0.62368391302155
"pgaptmp_000589",65.6332314789077,0.554176766102904,0.422625967501882,1.31127003240859,0.189766549179662,0.278975146661046
"pgaptmp_000590",8.31604610273682,-0.212717662536129,1.26835093516457,-0.167711992508232,0.866809861171464,0.908807409374701
"pgaptmp_000591",5.14612211505948,-2.04023495737821,1.46712014318569,-1.39063931938666,0.164334826854786,0.247136022126873
"pgaptmp_000592",361.779079918006,0.357790064927495,0.213328994086257,1.67717504345812,0.0935082576928993,0.154340459039012
"pgaptmp_000593",143.174474810112,0.0249653401401038,0.382236360309911,0.0653138809710889,0.947924090526692,0.967152813854262
"pgaptmp_000594",419.581891295355,0.105147623999627,0.179704103979269,0.585115318299891,0.558470179507856,0.656788259184685
"pgaptmp_000595",1138.20648473041,-0.387192326970872,0.136215531816035,-2.84249763451198,0.00447615632743951,0.0101586913723963
"pgaptmp_000596",783.582232688679,0.0886528654306723,0.170853745992093,0.518881602015181,0.603843308290947,0.694914198616787
"pgaptmp_000597",111.189282612468,0.0473317900739079,0.34641594412743,0.136632827894598,0.891321026926714,0.928230795249364
"pgaptmp_000598",57.8530920601887,0.685614573603474,0.520337162970184,1.3176352226888,0.187625788663552,0.276362312040523
"abc-f",904.109591249773,1.43125462249811,0.215882399208525,6.62978838360806,3.3616845697325e-11,2.93713379543295e-10
"pgaptmp_000600",357.282350543273,-0.220182073286664,0.230654703633892,-0.954596068572481,0.339782006079048,0.444835957307849
"pgaptmp_000601",226.982383696132,-1.10360587936583,0.240351087917011,-4.59164087389898,4.39774640113663e-06,1.76574024865486e-05
"pgaptmp_000602",861.644052532255,0.474988686437534,0.159372118932335,2.98037504690015,0.002878956646721,0.0068300890597782
"pgaptmp_000603",2823.78683538286,0.0184857091376744,0.120282320475863,0.153686003600038,0.877857321172375,0.917031981308891
"fabF",63330.4722283102,0.712746881852557,0.100085275235593,7.12139603128242,1.06839312720936e-12,1.14598248399805e-11
"pgaptmp_000605",348.91128156818,0.0932550092213483,0.204127563762507,0.456846726147411,0.647781217788779,0.731505367903469
"pgaptmp_000606",853.848820630997,-0.135107499751425,0.177195158402623,-0.762478506576537,0.445774466406106,0.55195361409299
"pgaptmp_000607",156.510553921336,-0.681597996443897,0.282820143575268,-2.41000512844482,0.0159522962829701,0.0320942955487647
"pgaptmp_000608",708.832012090506,0.513217005575901,0.190032053069255,2.70068652780837,0.00691965233725381,0.0150550412247587
"pgaptmp_000609",6429.51474851383,0.843626697027729,0.117686862797815,7.16840161231139,7.5878434562316e-13,8.40534325717084e-12
"pgaptmp_000610",3411.04614554432,0.61789627002871,0.126276455253981,4.89320252762819,9.92082209376773e-07,4.38022536571809e-06
"pgaptmp_000611",2203.07946209198,-0.0358266119098555,0.119602385551016,-0.299547636485677,0.764522230889759,0.831237558763991
"pgaptmp_000612",6698.01096354649,-0.0623562289829487,0.0858297808614138,-0.726510406494372,0.467525930268117,0.574300829194036
"pgaptmp_000613",145.751627996258,-1.02432406076877,0.403688924426834,-2.53740937337611,0.0111676278585053,0.0233254269861709
"pgaptmp_000614",235.064061576354,0.00112434592629072,0.306505331425254,0.00366827526641215,0.997073146364232,0.997609207195611
"pgaptmp_000615",13940.8534564889,0.113581572518651,0.0768722507767051,1.47753671020479,0.139531825396908,0.214602253771608
"pgaptmp_000616",97.4684482015512,-0.532751248092658,0.405749958836909,-1.31300382536033,0.189181659163559,0.278313887512556
"pgaptmp_000617",15471.2798603679,0.135959727926415,0.107962095717469,1.25932835059273,0.207911757146422,0.300990882963431
"pgaptmp_000618",4023.72687299369,-0.291425420228515,0.126005394427891,-2.31280114277401,0.020733574935263,0.0404704259026883
"pgaptmp_000619",7.8987812818954,-0.131922653543758,1.20530464763133,-0.109451708995741,0.912844222212801,0.944041732446803
"pgaptmp_000620",709.911624236021,0.547081778560398,0.140499687418211,3.8938291508931,9.86741584088784e-05,0.000314170417106797
"pgaptmp_000621",3022.38824149182,0.714194502474684,0.12547812458637,5.69178496115538,1.25718124181193e-08,7.47480604157192e-08
"pgaptmp_000622",920.711412825984,-0.487247919395209,0.14276206469079,-3.41300695286626,0.000642503029198067,0.00176878422683077
"pgaptmp_000623",1740.49463202367,-0.549751665219468,0.131932406537355,-4.1669191038656,3.08743999421946e-05,0.000106996756596693
"pgaptmp_000624",4440.05066497228,-0.727333815020913,0.125147839149751,-5.81179683135073,6.18058234731048e-09,3.82764184637098e-08
"pgaptmp_000625",515.217348822799,-0.109676518608511,0.166960735181153,-0.656900069884764,0.511245173295681,0.614022115200557
"pgaptmp_000626",242.20694691293,-0.406330736230978,0.28086503932953,-1.44671169185369,0.147977688479398,0.225357183518953
"pgaptmp_000627",452.036252700941,0.763308749694576,0.204289749439617,3.73640259380802,0.000186671712577944,0.000566714611920969
"pgaptmp_000628",5912.22530040472,0.354833162116599,0.101322229953014,3.50202677419501,0.000461733216193741,0.0013059050385054
"pgaptmp_000629",4738.04502100914,0.22560691532169,0.114752296210537,1.96603399471647,0.0492946838995366,0.087786992092859
"thiL",801.386291840145,-0.713178545060604,0.147234426245534,-4.84383009630694,1.27359851257328e-06,5.49922698816445e-06
"tsaE",124.254026820781,0.135281648389765,0.418589441829,0.323184569105853,0.746555466463214,0.817018361122047
"tsaB",641.089723582102,-0.0535281955813316,0.225391755840158,-0.237489589545114,0.812276994560604,0.867765491892815
"rimI",404.282000566757,-0.0191828495071048,0.223301334564614,-0.0859056643996638,0.93154140861996,0.954291623093724
"tsaD",3938.52152134011,-0.0361896797286391,0.0969211740857039,-0.373392915119227,0.708856031759941,0.785079628512947
"pgaptmp_000642",3939.62977724271,0.622005524178831,0.0983199443830967,6.32634129404336,2.51042240806102e-10,1.93732282928916e-09
"moaC",2570.0114692656,0.158039253104921,0.100777857247448,1.56819421866526,0.116835813227344,0.185011105336413
"pgaptmp_000644",10573.9216418673,0.870756499843229,0.124836237246161,6.97519020960404,3.05457258990809e-12,3.08106210830296e-11
"pgaptmp_000645",5742.45309273047,1.74887768478498,0.151054885124922,11.5777631642873,5.34218296543895e-31,2.6869736482924e-29
"pgaptmp_000647",324.768295252584,0.321878675775468,0.295551514030874,1.08907808112884,0.276119454797838,0.378672295783917
"pgaptmp_000648",2174.25255948147,0.300615409793351,0.106180463199784,2.83117440566942,0.00463774249402166,0.0104934210107894
"groES",10636.8526581313,1.59167972818233,0.13646753104529,11.6634317041619,1.9598108050092e-31,1.03446118311769e-29
"groL",78216.9790849939,0.889941076195189,0.106237800522188,8.37687783275712,5.43502108046546e-17,9.96509776428198e-16
"pgaptmp_000651",88152.8910048708,-1.92129377772422,0.474453127004371,-4.049491231842,5.13291008576731e-05,0.000171804778230449
"pgaptmp_000652",22313.6114846072,0.546825866167428,0.11242851872825,4.86376474895267,1.15173793890758e-06,5.00790725305376e-06
"pgaptmp_000653",10653.2960725256,0.670704088665552,0.0924995064845081,7.25089369831267,4.1403054432998e-13,4.74160518768057e-12
"gutB",12084.1225222406,0.358484586018759,0.102543793024257,3.4959169682163,0.000472435684027929,0.00133313541770429
"pgaptmp_000655",9148.92018690492,-0.0698727855742793,0.104073853116516,-0.67137694513965,0.501980428129463,0.604064388457117
"pgaptmp_000656",10329.5346832009,0.387239663729639,0.102298373069283,3.78539415741615,0.000153465142041935,0.000473629567728096
"pgaptmp_000657",135.200130840828,0.250364984138856,0.303460145356786,0.825034153478362,0.409352200907293,0.515080761249812
"pgaptmp_000658",117334.42773566,0.11032888016026,0.0881280699570581,1.25191531159163,0.21060072481343,0.304055817593323
"pgaptmp_000659",130097.459579302,-0.485997002477889,0.0754418796612455,-6.44200548369351,1.17905019904551e-10,9.4987550667692e-10
"pgaptmp_000660",25229.1116323634,-0.626965149848468,0.0963727871559253,-6.5056243401374,7.73713556749056e-11,6.34308779343609e-10
"pgaptmp_000661",67293.9660179616,0.0938937167977346,0.0777983926721306,1.20688504701421,0.227476417049113,0.323379796138962
"pgaptmp_000662",608.185767863055,-0.0140793292779335,0.147399955050501,-0.0955178668345574,0.923903499461576,0.949936139501653
"rsiV",284.01096949663,0.403029020901712,0.270961717997654,1.48740207244036,0.136908649877186,0.211091132909232
"pgaptmp_000664",224.840967640106,0.352504182587338,0.229692227530556,1.53468049997662,0.124862328044434,0.195843904332652
"pgaptmp_000665",428858.618158643,1.2198905609604,0.116186972977105,10.4993746691445,8.69542337497662e-26,3.1119582501599e-24
"pgaptmp_000666",377.365504909084,0.154515634608336,0.198750195516562,0.777436390473688,0.436901349554455,0.542811970701966
"pgaptmp_000667",1070.41751641171,0.29053524444441,0.135854460477151,2.13857714663166,0.0324699299955862,0.0603963415510104
"pgaptmp_000668",909.315080067296,-0.829853674749025,0.188226507836889,-4.40880343733598,1.03943310336779e-05,3.90390515714924e-05
"pgaptmp_000669",1759.97432195019,-0.447041507580151,0.160977833742904,-2.77703766528574,0.00548568215986664,0.0122042492522556
"cotA",125.57562273588,-0.127367112007655,0.444675370206617,-0.286427179334162,0.774550960214704,0.838777618248219
"gabP",5786.7417195985,-0.376308270352221,0.110490287047852,-3.40580407931466,0.000659695025713358,0.00180808901745591
"pgaptmp_000672",6.45675009289229,-0.334544994401049,1.66879423075375,-0.200471087588759,0.841112167771576,0.890640891209147
"pgaptmp_000673",19432.9437214997,-0.447906466369853,0.115024568626406,-3.8940069214659,9.86018342001129e-05,0.000314170417106797
"pgaptmp_000674",3040.57515056233,-0.580889573707131,0.103366389054808,-5.61971429029146,1.91273503612176e-08,1.09526150837618e-07
"pgaptmp_000675",2363.09047498714,-0.252918386536365,0.160954935472088,-1.57136148571365,0.116098706738082,0.184351274095196
"pgaptmp_000676",6215.03009593194,-0.549738400718846,0.144762010059487,-3.79753224269919,0.000146143771903219,0.000452911839320384
"pgaptmp_000677",11694.0602385884,0.146360692346066,0.0933374489859705,1.56808112859465,0.116862200066069,0.185011105336413
"pgaptmp_000678",17338.1144314155,-0.0646924480877138,0.0811950681174723,-0.796753418497258,0.425594253192253,0.53227883413359
"pgaptmp_000679",2015.12625086166,0.316854952622204,0.167410058102397,1.89268766891173,0.0583994172252215,0.102000296063949
"pgaptmp_000680",4045.92830674517,0.0219149369496741,0.119891234015556,0.182790152504649,0.854962675596479,0.900857776728075
"pgaptmp_000681",330.752961320914,0.729951326542697,0.313637770149588,2.32737060397588,0.0199455489235529,0.0390928557627508
"pgaptmp_000682",3106.59235121639,0.536569862673573,0.0915394993084453,5.86162112232648,4.5836994106451e-09,2.89161511973238e-08
"pgaptmp_000683",5013.69806983521,0.585825562365189,0.0961405788192515,6.09342662130802,1.10519007207377e-09,7.63175778897692e-09
"pgaptmp_000684",4229.0714767891,-0.045211392406938,0.0995670597078082,-0.454079818562649,0.64977137831013,0.732863354566759
"guaA",24082.0599794541,0.0904570956396721,0.0890860823445923,1.01538975852341,0.309920073043293,0.414042538358628
"pgaptmp_000686",18.807935396954,-0.62911272518146,0.815952596950308,-0.771016266793956,0.440697289794317,0.546576245456331
"pgaptmp_000687",490.827628308609,0.172826376303861,0.180334272439708,0.958366781675641,0.337877839590111,0.442654459329248
"pgaptmp_000688",5102.78726600951,0.30248204340674,0.108269413280165,2.7937903627871,0.00520942376731499,0.0116313588853908
"pgaptmp_000689",9881.71027430233,0.303329052879182,0.112474107884589,2.69687894026626,0.00699927106964764,0.0152168732016522
"pgaptmp_000690",3505.75190752687,0.173353721437754,0.107799319333765,1.60811517650702,0.107809955942202,0.173784606330393
"pgaptmp_000691",585.192175532639,0.564433028683134,0.196663626830678,2.87004281258932,0.00410416225869687,0.00938887026851245
"pgaptmp_000692",553.47392753477,0.650650913677932,0.202987963260012,3.20536697461464,0.00134890381402047,0.00341538775223413
"purE",760.045455511067,0.598336242637179,0.14977712205621,3.99484403507652,6.47368546519187e-05,0.000212478459448361
"purK",2325.05509198457,0.42153593261349,0.0965505528117425,4.36596083955537,1.26565155411248e-05,4.70135237964736e-05
"purB",4953.01402881317,0.290954118571978,0.123790537867927,2.35037445981855,0.0187545329574154,0.0370314969058356
"purC",991.245535884069,0.39179550092257,0.154688858703967,2.53279715297636,0.0113156414121827,0.0236080814664485
"purS",288.136578634409,0.427045063018244,0.23270950798861,1.83509933353968,0.0664909726776699,0.114309191827384
"purQ",636.900870551206,0.402023383387433,0.161125884628998,2.49508875816643,0.0125925627070007,0.0259808860285236
"purL",2004.67972023451,0.616572864515371,0.126098711009316,4.88960481499147,1.01038612300564e-06,4.45048183411478e-06
"purF",2112.93042176676,0.188956424758947,0.11829087338361,1.5973880262611,0.110179239836497,0.177143468972546
"purM",843.055834369298,-0.0406813136424519,0.190123532389092,-0.213973058102017,0.830568067130428,0.881989827634651
"purN",659.678284875807,-0.115310968714237,0.196785354914018,-0.585973324918512,0.557893440773214,0.656490479468195
"purH",2298.37273349413,-0.133924961316872,0.103860605951152,-1.28946832237681,0.19723532227097,0.288338519046563
"purD",2282.03406146701,0.186477056014997,0.113493477968945,1.64306407162906,0.100369677487531,0.164064971281771
"pgaptmp_000705",3.27252161372997,0.810090385624982,1.99113972142834,0.406847584278951,0.684119935352408,0.762917785467473
"pgaptmp_000706",14964.5287992418,0.162377554630737,0.0877111825577665,1.85127540064569,0.0641299431605727,0.110710412079616
"pgaptmp_000707",22499.7701520687,-0.201385465169747,0.0745119385075656,-2.70272749848401,0.0068773103100679,0.0149867382752182
"pgaptmp_000708",7208.49431964361,0.188467006367228,0.0900866080536444,2.09206463023894,0.0364327346129147,0.0670304687243047
"pgaptmp_000709",156.234543535844,0.669611551080821,0.297293342513105,2.25235972464235,0.0242995487243751,0.0465002161193441
"pgaptmp_000710",302.446332266546,-0.584190423040504,0.245395153025003,-2.38061109129153,0.0172839486476077,0.0343831410296077
"pcrA",5383.95480147752,0.136639720605865,0.0858083832064271,1.59238195034108,0.11129890933931,0.178481060129647
"ligA",10708.4850511803,0.192882874707178,0.0827170669477496,2.33183890368136,0.0197091675685526,0.0387451965976799
"pgaptmp_000713",9214.44298780801,0.122821424228565,0.0793840070214761,1.54718096045891,0.121819615746809,0.191961308132778
"pgaptmp_000714",5597.42279696514,0.0253369030647693,0.107229927133186,0.236285743562051,0.813210948763493,0.868264816780758
"pgaptmp_000715",246.613336831958,-0.529447559333195,0.248923520800191,-2.12694870147759,0.0334243457137934,0.0619548878220812
"gatC",1319.52477648267,0.399311149600154,0.117147740222365,3.40861162871942,0.000652943647017037,0.00179487167961404
"gatA",25465.1548165595,-0.131481545858654,0.0811264264525401,-1.62069934062204,0.105082135124245,0.170420787334396
"gatB",42975.7686515015,0.240989724620266,0.0895142903225281,2.69219276332257,0.00709839045397442,0.0153963923483058
"pgaptmp_000720",432.898456357612,-1.5195235090917,0.249358208643418,-6.09373766902785,1.10304366779971e-09,7.63109392481509e-09
"pgaptmp_000721",76170.5754006676,-0.0544710164296613,0.0906638551488042,-0.600801899944133,0.547971938522653,0.647271201263509
"pgaptmp_000722",4974.39123320747,-0.656058628754386,0.10223299673826,-6.41728844586299,1.3872293412059e-10,1.11277319137249e-09
"rlmD",9710.49094766139,-0.204147067089675,0.0796360344976394,-2.56350116348054,0.010362235358523,0.0218146153871168
"pgaptmp_000724",12443.8311280442,0.265653444741528,0.0819225160122742,3.24274030721574,0.00118386064790466,0.00304448810348555
"pgaptmp_000725",10583.6855403896,0.0746862656045588,0.0877865118839482,0.85077153655783,0.394896275907167,0.501810836096441
"pgaptmp_000726",22120.3852523863,-0.0962076067178457,0.0784372308073624,-1.22655537080505,0.219989751943876,0.314802713085393
"pgaptmp_000727",1299.79912119499,-0.707649122242195,0.157518381847062,-4.49248598128228,7.03965537564302e-06,2.72083045775112e-05
"pgaptmp_000728",415.345323276852,-1.30949306584344,0.266921696107934,-4.90590718153508,9.29964979186636e-07,4.13103504017436e-06
"pgaptmp_000729",105.553642990337,-1.02883156349993,0.535400679793755,-1.92161049159715,0.0546547874600669,0.0961820893268884
"pgaptmp_000730",60.9414651489374,-0.591928429374817,0.454937246859849,-1.30112105232213,0.193217022779115,0.283242914054299
"pgaptmp_000731",1548.04808487448,0.160451472373607,0.172076848076056,0.932440791237001,0.35110877223075,0.456932465119879
"pgaptmp_000732",1095.07268073528,0.0896345722019422,0.147415161258923,0.608041747107046,0.543159786033569,0.64281104089569
"pgaptmp_000733",500.226605020844,-0.167752280742376,0.178053156694115,-0.942147187149086,0.346117288532046,0.451700051864052
"pgaptmp_000734",2584.65832014577,0.736180208655482,0.112793150714326,6.52681660183447,6.71822233304489e-11,5.56909209879579e-10
"pgaptmp_000735",4.73503533113182,-0.344292910919538,1.46308844430333,-0.23531927427906,0.813960936395278,0.8686340665334
"cotJA",3.702639010434,2.23611333527746,1.69259655538769,1.32111419473217,0.186463290742379,0.275294077010366
"cotJB",7.52006478087407,0.834654739788976,1.35596271272933,0.615544020461267,0.538195507372592,0.63835681275997
"cotJC",11.9215996647892,0.609059062307689,1.21838565526758,0.499890211013629,0.617152385364412,0.706130088633981
"pgaptmp_000739",573.881565430182,0.345042296548666,0.208932309884288,1.65145494605291,0.0986457131839685,0.161672983034228
"pgaptmp_000740",547.18712230567,0.329369993150347,0.164779711259323,1.99885040842194,0.0456245418038789,0.0819964000936925
"pgaptmp_000741",168.078967100848,-0.136683512056622,0.275564516952703,-0.496012743469733,0.619885420013917,0.707517182855504
"hmoA",1731.17434691333,-0.11690931250966,0.109132196671264,-1.07126325755013,0.284051075660825,0.386841603955211
"pgaptmp_000743",906.26930650528,-0.0655806686117478,0.219088355729768,-0.299334341130559,0.764684954650163,0.831237558763991
"pgaptmp_000744",5311.68329496978,0.851775581957808,0.124631350809248,6.83436050742543,8.23716423441044e-12,7.76170260265206e-11
"pgaptmp_000745",49.9721257202437,-0.782341417914632,0.848286817614953,-0.922260492169697,0.35639271642315,0.462031936791001
"pgaptmp_000746",411.921275381043,-0.956174530050461,0.233563895426629,-4.09384561900677,4.24276863134574e-05,0.00014474413240943
"pgaptmp_000747",15538.2422778484,-0.602634857097543,0.0925820746855077,-6.50919585831961,7.55541606336848e-11,6.20778335272792e-10
"pgaptmp_000748",101.619513964422,-0.0717832797874131,0.375100436869715,-0.191370824268983,0.848235076477071,0.895385976927866
"pgaptmp_000749",456.445314831419,-0.511072191844113,0.175543128307739,-2.91137680392804,0.00359839778616519,0.00836032244700801
"pgaptmp_000750",468.696853959266,-0.915085941722726,0.182640427211815,-5.0103142863407,5.43412163856848e-07,2.52822509234399e-06
"pgaptmp_000751",95.8238903800982,-0.182542971441759,0.494724637490878,-0.368978938197969,0.712143423711831,0.788164681253474
"pgaptmp_000752",478.625535898431,-0.758354014027001,0.200787418011177,-3.77690007440997,0.000158792401579906,0.000487242636999513
"pgaptmp_000753",187.570329681198,-0.330838458665979,0.298444184051105,-1.10854382945297,0.267627021315,0.369013142444437
"pgaptmp_000754",843.538960347222,-0.491060769152399,0.157448049340427,-3.1188749000672,0.00181543022993888,0.00448078999723642
"pgaptmp_000755",846.861598240923,-0.620472978919196,0.180490798662536,-3.43769867227025,0.000586680164135359,0.00162956982903866
"pgaptmp_000756",58741.6256062274,0.788009135884005,0.101918163376955,7.73178312652153,1.06050503104517e-14,1.48950933039628e-13
"rfbF",4.53299895909621,-3.39707785467148,1.84331656619857,-1.84291614200441,0.0653412550990983,0.112488506696967
"pgaptmp_000758",78.0229527725745,-0.335043403839506,0.408550466123712,-0.82007837861101,0.41217142709976,0.518135570939388
"pgaptmp_000759",132.433434351883,0.397368476269043,0.331172020960558,1.19988541035708,0.230183846924639,0.326312196947595
"pgaptmp_000760",259.708427661553,0.184152753393228,0.287290002849142,0.6409995181417,0.521522996028696,0.623348937449841
"pgaptmp_000761",234.434020613363,0.770236627401146,0.23281790838637,3.30832208200629,0.000938567999809947,0.0024863701745855
"pgaptmp_000762",996.817525227838,-0.55269960032367,0.124971470605034,-4.42260619682111,9.75173899167102e-06,3.69476459370991e-05
"pgaptmp_000763",2427.19822193423,-0.643059291283486,0.155992616050844,-4.12237006829791,3.7499413167895e-05,0.000128995208697694
"pgaptmp_000764",59831.964273787,0.547864429906225,0.108006412870413,5.07251759729818,3.92586818446337e-07,1.86141164109206e-06
"pgaptmp_000765",46598.2188278833,0.844998818479627,0.109277945967022,7.73256498373998,1.05400985017725e-14,1.48599419028778e-13
"pgaptmp_000766",889.053467703322,0.355009801947865,0.135830367583168,2.613626159338,0.00895870018938577,0.0190647696425922
"pgaptmp_000767",52.9900904437244,0.205569171456728,0.515252547276781,0.398967792674106,0.689916935889025,0.767903957948251
"pgaptmp_000768",7234.60832674265,0.0575643728687347,0.0982167473412364,0.586095288502455,0.557811482270842,0.656490479468195
"pgaptmp_000769",146.824842918964,-0.993370768483375,0.392433199573175,-2.53131174825118,0.0113636798669292,0.0236950232295296
"pgaptmp_000770",708.175416579341,-1.03606154000689,0.240705744004683,-4.30426595879961,1.67540299482638e-05,6.08375604560369e-05
"pgaptmp_000771",4030.63069962678,0.0347391352645254,0.0956467739771646,0.363202372855976,0.71645371520593,0.791699541004286
"pgaptmp_000772",3536.6196332192,-0.260589146360513,0.0985471771765413,-2.64430858221016,0.00818579915586282,0.017601123314917
"pgaptmp_000773",54.7560044976684,-0.416577294823814,0.522189775807966,-0.797750768251368,0.425015136095347,0.5317332223687
"pgaptmp_000774",3010.07471945172,0.683426207838454,0.119643492993772,5.71218869273594,1.11532319790904e-08,6.68475514109088e-08
"pgaptmp_000775",422.379988173383,-0.167425480218761,0.206903476549954,-0.809196070605115,0.418402374772062,0.5248714657572
"pgaptmp_000776",43.7321288376956,0.623503009285705,0.527423644351871,1.18216734490905,0.237139306987071,0.333824697657291
"pgaptmp_000777",678.214960678486,0.635051588586062,0.156665078684472,4.05356186534125,5.04436519122953e-05,0.000169297811016739
"pgaptmp_000778",2080.93446139549,0.0608834990803473,0.109812207904127,0.554432883577958,0.579282626591554,0.673988726531343
"pgaptmp_000779",17.7711517205319,-0.829677921906201,0.820681461062161,-1.01096218358874,0.312034529764754,0.416147068820603
"pgaptmp_000780",10.9765228686792,-0.910988517764108,1.00271224215116,-0.908524379646277,0.363601239112547,0.469578005543684
"pgaptmp_000781",55.4942628160612,-0.0974331381469304,0.689199369023711,-0.14137148483602,0.887576479808494,0.925626129965597
"pgaptmp_000782",7.54969182093522,0.490966669108489,1.24975986218199,0.392848805570772,0.694431155002044,0.771774487583639
"pgaptmp_000783",122.716705284648,0.225813750025822,0.306147799853824,0.737597167556458,0.460759277142047,0.568427586848757
"pgaptmp_000784",2632.74510235085,-0.495042241423614,0.101690840315188,-4.86811044032325,1.12670362157786e-06,4.9105279619588e-06
"pgaptmp_000785",1306.33562271307,0.403546024079359,0.120732637678244,3.34247666446931,0.000830343366463455,0.00221702870156168
"pgaptmp_000786",2283.00213407929,0.450301223987007,0.155420158251314,2.89731543870179,0.00376371116941013,0.00869015693085886
"pgaptmp_000787",328.227070622489,0.0870458431243046,0.215682265225279,0.40358368377384,0.68651888591339,0.765036914182526
"pgaptmp_000788",258.133977207261,0.586333078899795,0.236517634682118,2.47902478683178,0.0131742150635998,0.0271058200479372
"nosA",1954.46159050357,-0.126359158728734,0.104714590751608,-1.20670059274231,0.227547470738297,0.323379796138962
"pgaptmp_000790",206.093355505285,0.121341508021,0.255233504362022,0.475413713118515,0.634492122134281,0.720136973667263
"pgaptmp_000791",1821.63349602712,0.256855874820875,0.103739729165572,2.47596438593863,0.0132876832086155,0.0272940159505888
"pgaptmp_000792",213.699452751708,-0.956281469664868,0.324994617711623,-2.94245325168247,0.00325622945503987,0.0076609899062316
"pgaptmp_000793",174.733736017265,-0.795313249793237,0.269654169691956,-2.94938235407885,0.00318409774767367,0.00750076697268444
"pgaptmp_000794",2977.07875057644,0.552736252873759,0.11382544913625,4.8559988743126,1.19781381506031e-06,5.19611074551801e-06
"nagE",10547.9640740776,0.721665052367551,0.104765390116649,6.88839178247729,5.64266335728218e-12,5.47482243257739e-11
"pgaptmp_000797",3465.65210063313,0.332649329934898,0.132106122327354,2.51804628032762,0.0118007814083379,0.0244557396446736
"pgaptmp_000798",12913.1790381894,-0.579327583448501,0.0845172748797338,-6.85454641400673,7.15391420752247e-12,6.80994083897664e-11
"pgaptmp_000799",1579.67925336084,-0.663976877868364,0.147891205376989,-4.48963057793616,7.13468005042773e-06,2.75184239872456e-05
"pgaptmp_000800",26.1766519755371,-0.662881366050992,0.666641789314001,-0.994359154611536,0.320048046012691,0.424187041725378
"pgaptmp_000801",8.73125560008719,1.2192903445824,1.6619202684399,0.733663562408431,0.463153811239087,0.570625119308799
"pgaptmp_000802",0.823944390147905,0.369852575696318,4.2348805269658,0.0873348311342585,0.930405368540852,0.953852094268408
"pgaptmp_000803",59.1261689541612,-0.753347342455153,0.472239090620687,-1.59526679899581,0.110652586693366,0.177674256977009
"pgaptmp_000804",2067.0114193461,0.414728657197654,0.126220798528468,3.28573945049252,0.00101715048225374,0.00266420414845068
"pgaptmp_000805",568.557101514929,-0.361448531499057,0.209169918321064,-1.72801392475688,0.0839857279196042,0.140177075926801
"pgaptmp_000806",912.151645639148,-0.469064522810076,0.144182179975919,-3.25327667322285,0.0011408236042722,0.002948712121598
"pgaptmp_000807",7397.4564641874,0.305622224821221,0.086980312370988,3.51369426586654,0.000441921136848136,0.00125559577965554
"pgaptmp_000808",416.710442800534,0.52783710051279,0.245915900569403,2.14641305946714,0.0318400383239669,0.0592839532975512
"pgaptmp_000809",2069.78767058181,0.302864768479964,0.122798681441065,2.46635195855354,0.0136497139071642,0.0279297609469298
"pgaptmp_000810",1209.67418749389,0.419823310877726,0.150073112455097,2.79745854543624,0.00515063763091023,0.0115277650404377
"aroD",871.006235013646,0.432930611231444,0.167920673876388,2.57818528974066,0.00993207247470086,0.0209921486376131
"pgaptmp_000812",206.816047046378,-0.361456508835433,0.236433441297153,-1.52878758119986,0.126317112039262,0.197792297438003
"pgaptmp_000813",70.3556456084484,0.802469484034696,0.481316399661459,1.66723902322698,0.0954668860617952,0.15722466810708
"pgaptmp_000814",740.450730144107,0.586908513531293,0.152451950140102,3.84979341354394,0.000118217491438533,0.000370375002638231
"pgaptmp_000815",359.439164808544,0.694310461891727,0.218892319993168,3.1719270091952,0.00151431062141977,0.00378019056534164
"pgaptmp_000816",1714.0226600357,0.334099400900014,0.147970053617164,2.25788524591884,0.0239528146937903,0.0459311572850529
"pgaptmp_000817",2703.92169932906,-0.220791432850316,0.138738804314796,-1.59141801704838,0.111515532232304,0.178674477386412
"cax",154.451049405229,-0.748824097599637,0.284153368854546,-2.63528143487523,0.00840675475132533,0.0179827248186396
"pgaptmp_000819",231.91582168764,-0.175988180968011,0.299401640348659,-0.587799655215882,0.556666775494911,0.655521287890268
"pgaptmp_000820",5268.47573730455,0.329542838272014,0.118228062058488,2.78734872697979,0.00531412584730887,0.0118367303433175
"yfkAB",7707.05659736618,0.0109515892834248,0.0855335668739929,0.128038496273148,0.898118508128662,0.933220850713255
"pgaptmp_000822",46.5953559082379,-0.0736838607840951,0.486862199234252,-0.151344386358166,0.879704057255473,0.918445582357607
"pdaA",77.7744862898724,-0.66167911850043,0.543274202929304,-1.21794687642574,0.223244160975595,0.318391305657756
"pgaptmp_000824",2407.51411622814,0.630060466533249,0.147304931945852,4.27725303023021,1.89213692173337e-05,6.79125710963509e-05
"pgaptmp_000825",515.286677895914,-0.506203992055932,0.159980077769731,-3.16416893348772,0.00155526492676522,0.00387722441890164
"corA",693.128233401003,-0.259617533622814,0.197035858056228,-1.31761566744225,0.187632338131757,0.276362312040523
"pgaptmp_000827",2084.40094053245,0.516620408770319,0.128411991935354,4.02314769036834,5.74254603813197e-05,0.000189988945368242
"pgaptmp_000829",211.344794586007,-1.74467344481648,0.358536821416338,-4.86609279884963,1.13826087460985e-06,4.95509587754138e-06
"pgaptmp_000830",915.014122167794,-0.0868697847365213,0.145955636201813,-0.595179377769326,0.551723573533609,0.651495920270334
"pgaptmp_000831",634.327680142863,0.647288654403837,0.246747623450327,2.62328222396899,0.00870870999916366,0.0185646154735894
"pgaptmp_000832",85608.3648885351,0.603756141447586,0.176002022150887,3.43039320838021,0.000602707162731372,0.00166910421107602
"pgaptmp_000833",106626.92424778,0.653731752218556,0.177187337014978,3.68949476430867,0.00022469985232265,0.000672834151524461
"pgaptmp_000834",149023.134496383,0.292744370668525,0.125845080761611,2.32622816002694,0.0200063821584921,0.0391811497806951
"lpdA",402174.016707873,0.281369744263017,0.103406793221534,2.72099864522657,0.0065085028264264,0.0142749838066936
"pgaptmp_000836",18980.8320017923,0.409905009400243,0.0825711795118217,4.96426249235736,6.89626209952734e-07,3.15330313690918e-06
"pgaptmp_000837",1735.77189443924,0.756534439992449,0.121683548159013,6.21722863475209,5.06012204800661e-10,3.70015211447556e-09
"glvA",46789.5855046691,1.52546488441881,0.143946610020168,10.5974352866322,3.06264055020937e-26,1.1286285275128e-24
"pgaptmp_000839",3705.99724787818,-0.243982450500115,0.0888297905859634,-2.74662868043132,0.00602112607180791,0.0132450539239179
"pgaptmp_000840",6463.82987024746,0.403785502790046,0.137250105371055,2.94196861779022,0.00326132975765665,0.00766216694096379
"pgaptmp_000841",27567.2042616854,-1.86157424533988,0.443932118109016,-4.19337590005763,2.74833458358402e-05,9.63211047090369e-05
"pgaptmp_000842",2407.6059922352,-0.221717444787914,0.101966362569277,-2.17441751574963,0.029673793826736,0.0556963492804395
"pgaptmp_000843",3688.84115547248,-0.41854575822541,0.123150927325677,-3.39864073551432,0.000677216106368832,0.0018438905251681
"pgaptmp_000844",148.203499306123,-0.77741089873851,0.310405246826477,-2.50450308648648,0.0122623535371902,0.0253276802804784
"pgaptmp_000845",852.276609743982,-0.669078338831052,0.14752663555035,-4.5353053456079,5.75202070852499e-06,2.27271985956794e-05
"cyoE",26078.574468284,-0.737792778602199,0.0992520388301083,-7.43352768667144,1.05739047024353e-13,1.32067360075384e-12
"pgaptmp_000847",422.692664537276,-0.515135895144312,0.221456255211065,-2.32612935070788,0.0200116511910536,0.0391811497806951
"pgaptmp_000848",936.515172926823,-0.141599164038856,0.128197539853985,-1.10453885620688,0.26935945786152,0.370767715296072
"pgaptmp_000849",2490.47552945805,-0.209939012977153,0.105440928967854,-1.99105807424324,0.0464745030075348,0.0834031341340619
"pgaptmp_000850",5.68062140765488,0.179109073125551,1.82015029965433,0.098403452264116,0.921611933476448,0.949006181710189
"pgaptmp_000851",7428.34643436168,0.177043391699102,0.0884086664169945,2.00255697630419,0.0452248617497831,0.0814473048629976
"pgaptmp_000852",1420.09939636338,0.379430544015895,0.119182740989398,3.18360310281543,0.00145454302172863,0.00364965520653839
"pgaptmp_000853",5666.23217727149,0.0678414841284195,0.112124187503461,0.605056639775656,0.545141363353403,0.64474615646691
"pgaptmp_000854",612.345551276116,0.333672044124285,0.164774336659681,2.02502435080918,0.042864863863678,0.0774480695634027
"pgaptmp_000855",575.04054843678,0.612297067123837,0.182804587805864,3.34946225624319,0.000809685864360303,0.00216965499434777
"mprF",7898.36062535274,-0.410616099109654,0.0936020670135043,-4.38682725938534,1.1501606085561e-05,4.30673821433178e-05
"pgaptmp_000857",1367.05592532114,-0.232811550968377,0.142573337645339,-1.63292488492842,0.102484795669525,0.166789859852196
"pgaptmp_000858",6659.36006163312,0.00874411077840203,0.113897287284593,0.0767718967402034,0.938805007890123,0.960481649083848
"pgaptmp_000859",64.7630644516214,0.805574650093932,0.403799665636561,1.99498592655841,0.0460444148170969,0.0827110578905573
"pgaptmp_000860",98.4037858782403,0.949414223044487,0.394309171458182,2.40779137734354,0.016049349350635,0.0322546858979825
"pgaptmp_000861",365.840281568314,0.440392851174477,0.263897848700199,1.66880045950956,0.0951569316368877,0.156783576605797
"recX",1600.57392496553,0.0245856208934948,0.160809209983535,0.152886895570298,0.878487470233507,0.917432762123769
"pgaptmp_000863",413.092712659406,0.575596945166764,0.210338185419414,2.73653090625948,0.00620907621832055,0.0136504321822735
"pgaptmp_000864",302.279968817127,-0.943406434924132,0.203098761559251,-4.64506246951638,3.39973565479268e-06,1.38596014316959e-05
"pgaptmp_000865",0.361804571374839,-1.33571897912102,4.99039624261765,-0.26765790013107,0.788962658524174,0.851022423609073
"pgaptmp_000866",64.979946667814,0.453822971020417,0.458666286500346,0.989440437149012,0.322447698300382,0.426644270555998
"pgaptmp_000867",4216.82214855265,0.178429801510289,0.117295080575823,1.52120447536541,0.128208532733502,0.200190787485582
"pgaptmp_000868",4039.44695053086,0.159279740580155,0.10073293880869,1.58120811785961,0.113830459844409,0.181835610103387
"pgaptmp_000869",10120.0594573661,0.129149510367226,0.106481459804645,1.21288260514243,0.225174707074392,0.320619839223751
"pgaptmp_000870",1341.20432750447,0.103162545672882,0.121655513968999,0.847989066070366,0.396444060025492,0.502639612044657
"pgaptmp_000871",2945.19957695227,-0.273504913452977,0.0942445466127719,-2.9020768127491,0.00370697633387338,0.00859113693317356
"pgaptmp_000872",3976.12942915826,-0.0659271369378022,0.122862872299287,-0.536591206961267,0.59155001924624,0.685049524466242
"mutY",3762.78234909654,-0.155219610038379,0.0983382843333656,-1.57842503650142,0.114467997228116,0.182500781531809
"pgaptmp_000874",5.78082558971846,-1.11497019278395,1.63775967479203,-0.680789867979584,0.496004462047681,0.598033238659368
"fabL",9889.88661411537,-0.0094712513952859,0.0963160292708254,-0.0983351521754936,0.921666166035656,0.949006181710189
"pgaptmp_000876",2766.81360672682,0.282908045081102,0.12235755937405,2.31214194307559,0.0207698624207264,0.0405164716613961
"pgaptmp_000877",126.279647332926,1.05353232797626,0.342372855758906,3.07714910880127,0.00208990730421992,0.00509740169482735
"pgaptmp_000878",2428.78896331433,-0.37656838889928,0.104577411847632,-3.6008577975513,0.000317169023713188,0.000925159174185333
"pgaptmp_000879",5282.12068490695,-0.132882496037129,0.0859500173925077,-1.54604385279289,0.122093977344657,0.192090033475852
"pgaptmp_000880",3362.88447434243,-0.866614720382936,0.151267923132942,-5.72900521428663,1.01021289975701e-08,6.10391625470064e-08
"pgaptmp_000881",6574.9266848353,-0.621959773262855,0.0920845786383387,-6.75422293786668,1.43602798061013e-11,1.34293872960575e-10
"bcp",962.638005381568,-0.0133186277404089,0.149307596341036,-0.0892026130404482,0.928920888752667,0.952875119100976
"perR",14163.3556169567,0.25411722687529,0.161160231781715,1.5767985939576,0.114841875292026,0.182901779990125
"pgaptmp_000884",3593.21986633708,0.0499638944470712,0.0963861418135523,0.518372179931431,0.604198621126207,0.694914198616787
"pgaptmp_000885",2156.74997305285,-0.474418367761003,0.165209915350723,-2.87160953235684,0.0040838722755274,0.00934819963684685
"pgaptmp_000905",18.6195610768021,-2.79944663818479,1.33936798040393,-2.09012510314046,0.0366065632142453,0.0673170100214531
"pgaptmp_000906",120.088044156872,1.04778185476231,0.361341839565616,2.89969701826363,0.00373523520304119,0.00863512138243436
"thiC",1013.82210350955,0.174716181360585,0.133697340765826,1.30680371322123,0.19127938375705,0.280955748359802
"pgaptmp_000908",236.766055090396,0.141462543279588,0.221194118379905,0.639540256837315,0.522471533658312,0.62368391302155
"pgaptmp_000909",0,NA,NA,NA,NA,NA
"pgaptmp_000910",136.031884416307,-0.999434324949681,0.372474727213448,-2.68322721497545,0.00729154324683518,0.0157877393628392
"pgaptmp_000911",86.5428197145702,-1.05017769784519,0.359885845064813,-2.91808558810103,0.00352187666863885,0.00821480617052551
"opp4C",7758.41272573391,-0.669272186457487,0.093858499185111,-7.13065084428342,9.98954303170023e-13,1.08084532453454e-11
"pgaptmp_000913",167.175296965792,0.5331961883313,0.272358712245138,1.95769830139083,0.0502654246866698,0.0893874394093573
"pgaptmp_000914",228.764284872696,0.507005523514959,0.25593054560641,1.98102779140193,0.0475881570349989,0.085114425989556
"katA",86794.9461855032,3.42593634711178,0.125474029044114,27.3039478624482,3.8076464010867e-164,2.02457998640638e-161
"pgaptmp_000916",121.605169787107,0.643676117075,0.343187498147858,1.87558148402504,0.060712770887365,0.105447005712913
"pgaptmp_000917",80.3960718359138,-0.511221312267725,0.405380554121318,-1.26108987486048,0.207276468158831,0.3002719988805
"pgaptmp_000918",230.944258200561,-0.186070512193271,0.271010588763365,-0.686580229364175,0.492347290727028,0.594586831955223
"pgaptmp_000919",298.131726637263,-0.362414701211624,0.22640272231936,-1.60075240040801,0.109431770080793,0.176017739084145
"ssuD",492.781402855573,0.285361285096308,0.198045594815856,1.44088680872523,0.149616663368055,0.22766689331803
"pgaptmp_000922",251.499760427321,-0.355181655816396,0.259323005932885,-1.36964961723573,0.170796303167647,0.254995523622135
"pgaptmp_000923",22.8057181234986,-0.393858990060176,0.859940460115896,-0.458007278791249,0.646947211903156,0.731120941796725
"pgaptmp_000925",659.565738480428,-0.665077377518875,0.147980485639611,-4.49435866252388,6.97799317258149e-06,2.70261088328286e-05
"queG",3656.24594638014,1.07230540905403,0.107021349535324,10.0195466952142,1.25075276713853e-23,3.72424143943169e-22
"pgaptmp_000927",186.047817800055,0.0632483228289919,0.26021525966272,0.243061544165287,0.807957721279941,0.864143286955155
"trmL",3142.09534060382,-0.0554889814370966,0.105385774937851,-0.526531986597051,0.598518633714711,0.690755458817412
"pgaptmp_000929",129.901497877069,-0.429283622010542,0.337667662180289,-1.27131991034823,0.203614861928575,0.296188167133087
"pgaptmp_000930",210.030796763241,0.35123745385739,0.279944058903024,1.25467014814936,0.2095985267917,0.302961443385905
"pgaptmp_000931",185.99722347642,0.16718087273969,0.269972408845928,0.619251698550792,0.535750558862949,0.636877540749886
"prkA",77.9960852427116,0.0497881016870004,0.434742184283913,0.114523281813586,0.908822991595435,0.942764541448776
"yhbH",27.0460265578228,-0.0148930487072967,0.669753775324674,-0.0222366028471837,0.982259219952496,0.988366806343117
"pgaptmp_000934",564.235017807246,-1.00337838718329,0.241334269088173,-4.15762912981371,3.21567514089549e-05,0.000111061136117968
"pgaptmp_000935",896.678468150571,-0.662143305101483,0.175140872093783,-3.78063268262661,0.000156430324840531,0.000481184850459881
"pgaptmp_000936",3206.93559424729,-0.2355367339489,0.101841909522221,-2.31276824103056,0.0207353847921619,0.0404704259026883
"pgaptmp_000937",1057.41266825754,0.378644498385707,0.162292088613045,2.33310509231607,0.0196426302663737,0.0386415802597478
"pgaptmp_000938",449.547605499966,0.612702580662773,0.218170810862889,2.80836184382076,0.0049794242781139,0.0111916770308816
"pgaptmp_000939",1313.24284495738,-0.919787964553159,0.171582546467622,-5.36061495466105,8.29391292391727e-08,4.37251330068273e-07
"pgaptmp_000940",555.740780430928,-0.479852586201117,0.172917308960857,-2.77504079310961,0.00551947842116812,0.012272101961522
"pgaptmp_000941",1327.06236998203,-0.653356668241126,0.123271299420193,-5.30015235755761,1.15706084001437e-07,5.93192898971554e-07
"pgaptmp_000942",1202.02470382905,-0.743860789240227,0.218099546379141,-3.41064803476074,0.000648086921362157,0.00178283778367328
"pgaptmp_000943",2041.88903352505,-0.878018037010918,0.137132358092365,-6.40270501597828,1.52647945400431e-10,1.21921813901374e-09
"cspB",8728.55183667567,-1.30032301569234,0.140355139281218,-9.26452014761634,1.95956442695574e-20,4.79835447179556e-19
"pgaptmp_000945",1.68970974816866,-4.23821412439708,3.42829950573006,-1.23624383380546,0.216367941683521,0.310814928192229
"pgaptmp_000946",0.681714857974148,-2.34690904226179,4.88845484355671,-0.480092200371895,0.631161834020546,0.717529159951221
"pgaptmp_000947",5832.17714579448,-0.293819306558843,0.0896960723064338,-3.27572098759299,0.0010539262466372,0.00274892325857298
"pgaptmp_000948",2717.99048903453,-0.722384852956171,0.105660146754769,-6.8368715655183,8.09412446594235e-12,7.64627697011102e-11
"pgaptmp_000949",35.7686213312551,0.454156730632532,0.741881979671041,0.612168435246144,0.540426323117816,0.640186751955605
"pgaptmp_000950",69.4345327113847,0.0811877629775199,0.515232511197582,0.157575000049611,0.874791704497524,0.915113750460873
"pgaptmp_000951",7.7269435950636,-0.123940511400277,1.36777211896818,-0.0906148836355685,0.927798605157562,0.952134039152217
"pgaptmp_000952",329.652152928045,-0.297689020207755,0.212448856540217,-1.40122674725435,0.161146278320966,0.243394434626416
"pgaptmp_000953",1052.65897650643,0.212044390531208,0.140333546156632,1.51100286665981,0.130787720504298,0.203486700490605
"pgaptmp_000954",564.126953371896,0.379414949749084,0.179809495811961,2.11009406391898,0.0348502544990981,0.0643415908956562
"pgaptmp_000955",3028.44264947161,-0.436851344540721,0.0958880754472708,-4.5558464126329,5.2175050827092e-06,2.07473866643629e-05
"pgaptmp_000956",106.275797935751,-0.677350679189666,0.429930800803558,-1.57548767830467,0.115143920380127,0.183304393351084
"pgaptmp_000957",102.132246837638,0.688960006796761,0.369160680738909,1.86628761605311,0.0620011364711907,0.107484038167569
"pgaptmp_000958",1036.34726834107,0.631406635552954,0.132218996302505,4.77546081281963,1.79296204842368e-06,7.57480674714293e-06
"pgaptmp_000959",4972.77683976239,0.763981337212086,0.123691913020719,6.17648574231458,6.55441256163032e-10,4.7186699331505e-09
"pgaptmp_000960",14526.4606615041,0.615410176956236,0.0887363408250966,6.93526655746643,4.05455914565629e-12,4.0135822181204e-11
"pgaptmp_000961",9421.95999061471,0.587250583888725,0.109234167635988,5.37607047865903,7.6129002099234e-08,4.03061373845446e-07
"pgaptmp_000962",22556.6857474937,-0.755735749205661,0.113836669075752,-6.63877250925853,3.16306128136388e-11,2.77663068142367e-10
"glpK",41881.7702153622,-0.162769984449889,0.0781373854076391,-2.08312555636108,0.0372397804457217,0.0683463820606392
"glpD",46072.4788304015,-0.777526861257854,0.108914992705734,-7.13884142065338,9.41208404010854e-13,1.02432095898491e-11
"pgaptmp_000965",14350.4614011132,0.255201145482768,0.0943222138293032,2.70563142150809,0.00681746665226512,0.0148737461194201
"pgaptmp_000966",103.296518353796,-0.454776382524713,0.370896891523887,-1.22615312481103,0.220141057313047,0.314898161152636
"pgaptmp_000967",173.611203818304,0.140314103101324,0.289524662561496,0.484636099252927,0.62793450189505,0.714950203748356
"pgaptmp_000968",18.9503276887398,-0.310294708685204,0.836145345149215,-0.371101400594211,0.710562007876348,0.786648362080835
"pgaptmp_000969",23.4272727641888,-1.38872220860223,0.815622347413833,-1.70265345598435,0.0886329399475277,0.146945123601202
"pgaptmp_000970",14568.5475118927,-0.778447209305319,0.121935723629234,-6.38407831713302,1.724328318596e-10,1.37135683799451e-09
"nsrR",2496.1366450719,0.117201540145437,0.108926225147201,1.0759717413052,0.281939894766137,0.384247633950773
"pgaptmp_000972",325.387277672428,-0.708468885986529,0.237386895949773,-2.98444816489124,0.00284090331327235,0.00674782522782367
"pgaptmp_000973",76.3618559693294,0.686934119267253,0.458283660130515,1.49892780177155,0.133892363019369,0.207731294355186
"pgaptmp_000974",1744.62164595861,-0.411121282271438,0.180565895592728,-2.27684901914553,0.0227952431373161,0.0440290062050288
"pgaptmp_000975",1734.51045374615,0.332135158416724,0.136772028569229,2.42838511566427,0.015166229204566,0.0306953263183223
"pgaptmp_000976",385.999950377506,-0.386083125815596,0.187552433832888,-2.0585343411731,0.0395388682419359,0.0721037077885769
"pgaptmp_000977",830.850350340677,0.740780308341532,0.139591505247292,5.30677212076202,1.11583531653449e-07,5.73637990074774e-07
"pgaptmp_000978",1028.11715923754,0.816917346568292,0.145979022864713,5.59612833773641,2.19191472412804e-08,1.24175138557147e-07
"pgaptmp_000979",5165.30988754758,-0.206472415991692,0.0984811281702672,-2.0965683459141,0.0360318038410453,0.0663912742061241
"pgaptmp_000980",4107.87023247582,-0.170066599586562,0.117335028648924,-1.44941030436372,0.147223032727286,0.224391534730122
"pgaptmp_000981",1899.31759286504,-0.23223870144311,0.186773842831909,-1.24342197987605,0.213712374860755,0.307951010155529
"pgaptmp_000982",7988.73282043971,-0.130516378601378,0.08921679283592,-1.46291269224856,0.143491270556612,0.219422559166685
"sigM",1278.00379199079,-1.08222043026606,0.186756507245161,-5.79482046558837,6.83943067283913e-09,4.22161873371596e-08
"pgaptmp_000984",1593.42797783279,-0.0957131672286079,0.112882643528091,-0.847899767733462,0.396493793918085,0.502639612044657
"pgaptmp_000985",17324.7896743179,0.410606021960064,0.0854675582239613,4.80423251222531,1.55346223790382e-06,6.60798451368916e-06
"pgaptmp_000986",4582.46194029063,0.430339106156868,0.0963094666001349,4.46829498021813,7.88455304113401e-06,3.02539241434029e-05
"pgaptmp_000987",5961.61425156125,0.536101318896698,0.0900153533379727,5.95566532837843,2.59015900574046e-09,1.67954212880941e-08
"pgaptmp_000988",9383.50304811845,0.547095430604185,0.0980499209757968,5.57976411566138,2.40844978221954e-08,1.35411632770712e-07
"pgaptmp_000989",6207.21124772482,0.0434668676670781,0.0877128836961446,0.495558529550302,0.620205917751537,0.707665979727536
"crcB",970.383049921601,0.0890168484299478,0.200255177896841,0.444517087472285,0.656668777568796,0.739434741103192
"pgaptmp_000991",586.959334115254,-0.227391837721404,0.207463779094839,-1.09605560408429,0.273054441635261,0.374883302016393
"pgaptmp_000992",1349.53427001096,-0.179878614804724,0.122951450000926,-1.4630052333939,0.14346594693693,0.219422559166685
"pgaptmp_000993",122.412844389666,2.21839862921161,0.350863991738375,6.32267397466588,2.57075328352919e-10,1.97285437552488e-09
"pgaptmp_000994",868.317694945455,0.318826366545238,0.152249697945176,2.09410180018909,0.036250912755298,0.0667619481817018
"pgaptmp_000995",871.99221910924,0.518159953132287,0.188136051185234,2.75417683037325,0.0058839967624698,0.0129817640485552
"pgaptmp_000996",7579.47760727262,-0.62708656847274,0.0858686306020915,-7.30285977633218,2.81714741055404e-13,3.30770430980509e-12
"dat",16193.7386479617,0.910124422583303,0.0978249697073613,9.30360035179051,1.35768670633371e-20,3.41439859525275e-19
"pgaptmp_000998",1060.71251044983,-0.387079495678302,0.129142029404999,-2.99731619103175,0.00272368052665197,0.00649939924285874
"pgaptmp_000999",371.971541944044,-0.433295705510084,0.192885690951356,-2.24638594689409,0.0246792976838742,0.0471541817142607
"pgaptmp_001000",924.083578114274,1.94471327791344,0.212643709605882,9.14540703563631,5.9405724369399e-20,1.40833188600575e-18
"pgaptmp_001001",19621.2258109196,-0.379712616366423,0.093326753751903,-4.06863628168017,4.7289098963929e-05,0.000159429371688174
"pgaptmp_001002",32472.5324569009,0.0373294653692729,0.0916172542894543,0.40745016491473,0.683677389082645,0.762917785467473
"pgaptmp_001003",2377.02166040783,0.530186947594508,0.125698281561477,4.21793314123553,2.46551896176967e-05,8.69002043154046e-05
"pgaptmp_001004",1.27888308486701,1.88352348582058,3.49281801657512,0.539256118378441,0.589710142982533,0.683556883270317
"pgaptmp_001005",1.23483880115242,3.60106209715862,3.17253799024845,1.1350729631063,0.256344748697626,0.356278997256373
"pgaptmp_001006",40.7770898518169,1.66888285589238,0.524485701997733,3.18194156587245,0.00146291330856678,0.00366664197608455
"pgaptmp_001007",136.262967399597,0.176671139804103,0.344937029411756,0.512183745843096,0.608522417757321,0.698618272329657
"pgaptmp_001008",114.780810775641,-0.245493277785367,0.490834835272191,-0.500154553311665,0.616966255932795,0.706130088633981
"pgaptmp_001009",2580.43262384754,0.323546833688681,0.124489512583507,2.59898867763377,0.00934988571555834,0.019851839494186
"pgaptmp_001010",20470.1933462513,0.195142091179921,0.147919787216332,1.31924264395086,0.187088005955772,0.275997446756791
"pgaptmp_001011",1653.12903814131,3.61487623901566,0.175766111076927,20.566400524351,5.48920282836928e-94,1.20181252512885e-91
"pgaptmp_001012",714.990706346174,-0.0690420396732084,0.145405848478903,-0.474822989552759,0.634913145393771,0.720251974140694
"pgaptmp_001013",1060.8341513729,-0.00582918427473497,0.121515635322099,-0.0479706521657372,0.961739631848887,0.977497244604467
"pgaptmp_001014",945.659857568387,0.82239894270936,0.147545408109506,5.57387012748637,2.49141498157961e-08,1.39864955677817e-07
"pgaptmp_001015",1390.87510458321,-0.0712100310222647,0.215629631442121,-0.33024232590862,0.741216867656955,0.81284890436629
"pgaptmp_001016",549.32875410462,-0.183355280519829,0.210422796251129,-0.871366048671853,0.383554317491538,0.49056484617303
"pgaptmp_001017",587.61833691326,-0.694837156961068,0.22300638182568,-3.11577252306712,0.00183463737700786,0.00451621714102067
"pgaptmp_001018",11517.9058824151,1.29848423288848,0.127420069061393,10.1905786306147,2.1846002711116e-24,7.00955362851499e-23
"pgaptmp_001019",282.132079095261,0.36192319002793,0.22043618844394,1.64185015438139,0.100621062045932,0.164331545824905
"pgaptmp_001020",9075.9613904242,-1.19882972638401,0.162395877403271,-7.38214384227877,1.55760774307954e-13,1.89458039860852e-12
"pgaptmp_001021",14504.1696716293,-0.625640320903236,0.0850957085543527,-7.35219591600938,1.94976735594355e-13,2.33345147872086e-12
"pgaptmp_001022",3548.59877966719,1.8086288137433,0.125521929947153,14.4088671557613,4.55114085681604e-47,4.45772270238666e-45
"pgaptmp_001023",14981.1109374306,1.92902292556106,0.114320836718538,16.8737649315005,7.01773990656469e-64,1.24381085391589e-61
"yhaM",5182.42841978396,1.03837514837751,0.141463112336548,7.3402538034591,2.13189189899435e-13,2.54323770771056e-12
"pgaptmp_001025",4.13811542224951,1.01110614003608,2.04483573484356,0.494468148618027,0.620975595485825,0.70832705068901
"pgaptmp_001026",27784.7865023088,-0.375276103088709,0.148595502828544,-2.52548762206969,0.0115537851501145,0.0240107137513826
"pgaptmp_001027",0.488498617303958,-2.34689810476843,4.88845562157533,-0.480089886550333,0.631163479226302,0.717529159951221
"yhzE2",1.30196639332561,1.46835908105041,3.02092645152611,0.486062505860952,0.626922849498676,0.714016782690965
"pgaptmp_001029",1058.77778342469,0.104684011087123,0.154884442543374,0.675884610281674,0.499113909463346,0.60139267433557
"pgaptmp_001030",595.227325599237,-0.42524664409924,0.161356780512185,-2.63544328753589,0.00840274660975257,0.0179827248186396
"pgaptmp_001031",537.858815338311,-0.967196647836459,0.186729237938644,-5.17967436976454,2.22273558900643e-07,1.09576448507046e-06
"pgaptmp_001032",2879.30663096971,0.166254151835225,0.116637235070861,1.42539517276983,0.154043002664337,0.23373341048376
"pgaptmp_001033",1590.12794529564,0.411895446807734,0.136686810024146,3.01342497300926,0.00258316904715337,0.00619893951870074
"pgaptmp_001034",19.4337134228477,-1.27403789970472,0.793147510566548,-1.60630637142727,0.108206611129133,0.174348487715425
"pgaptmp_001035",5405.62269212389,-0.645776496967152,0.11517050068115,-5.60713458001705,2.05703710962389e-08,1.17247965115162e-07
"serC",8635.36755297027,-0.797150384172703,0.126114279886042,-6.32085743892773,2.60115914360436e-10,1.983916871413e-09
"pgaptmp_001037",2712.41240218639,0.439875968920234,0.137337245732706,3.20288911120547,0.00136056358686965,0.00344022939560382
"ecsA",1236.32946095532,0.211678108711427,0.121904275010477,1.73642892091548,0.0824880222368022,0.13780090608859
"pgaptmp_001039",7349.13609530274,0.09594763025552,0.0924921644000469,1.0373595523241,0.299568321297978,0.403983076764882
"pgaptmp_001040",4977.28059942768,0.342944869673008,0.118403568803207,2.8964065284468,0.00377463070545456,0.00870996620316297
"pgaptmp_001041",11712.0662218746,0.478604761949478,0.0790507703694788,6.0543971894582,1.40944456362306e-09,9.57290632446173e-09
"pgaptmp_001042",1326.58283604008,-0.474221175447328,0.132634823767718,-3.57538964486301,0.000349706666483316,0.00101257759703251
"hmoB",5240.22506681653,0.610643469561977,0.110805523808414,5.51094790741476,3.56906349964314e-08,1.97092794446169e-07
"pgaptmp_001044",4599.053138575,-0.269528926261191,0.0936122611189449,-2.8792053844178,0.00398678603222601,0.00915411327078667
"hemE",8106.44901652712,0.174947963328856,0.0811429861845162,2.15604541507791,0.0310801191003263,0.0579560136730533
"hemH",13439.5230326093,0.661178970640194,0.106096222510248,6.23188041003373,4.60869256421732e-10,3.39674331168651e-09
"hemY",14782.113475818,0.828618678819107,0.109613154295519,7.55948210910102,4.04677346410488e-14,5.30355311035153e-13
"pgaptmp_001048",11674.8711860729,-1.15370684863263,0.365117832874612,-3.1598205969546,0.00157866312295682,0.00392766319762385
"pgaptmp_001049",34954.4336498751,-0.525638586060739,0.101595701721728,-5.17382701386787,2.29347173953521e-07,1.12764885264862e-06
"fabHB",3911.51406105611,-1.33064072895446,0.147695649248252,-9.00934276484924,2.07295039321042e-19,4.64790443586096e-18
"pgaptmp_001051",2.43081233563095,0.360882751340734,2.59230405767923,0.139213125972505,0.889281736478668,0.926882757658602
"pgaptmp_001052",7868.58970684779,1.45486258661498,0.124743346095648,11.6628472151088,1.97331391728521e-31,1.03446118311769e-29
"pgaptmp_001053",20614.9009242935,-1.02252346765481,0.145829650166082,-7.01176658169505,2.35327581383782e-12,2.41958358538795e-11
"yhfH",37.9418891099597,-2.67694803578947,0.957335915915835,-2.79624736864548,0.00516998126839049,0.0115641047361475
"pgaptmp_001055",941.121937788265,-0.0310731746732265,0.183679950625831,-0.169170203755797,0.86566276592862,0.90811635140539
"lplJ",7119.79162818868,0.379264609409646,0.104749230029638,3.62069114305028,0.000293817091921362,0.000860414804194579
"pgaptmp_001057",8103.13176244243,0.583559086178938,0.110800912132455,5.26673539908529,1.38871142341e-07,7.02280423632067e-07
"pgaptmp_001058",6590.82775992245,2.42418664456867,0.117854244828661,20.5693621650455,5.16407008978305e-94,1.20129180463578e-91
"pgaptmp_001059",12.6696595901375,-1.70108579495363,1.14198209063394,-1.48959060645978,0.136331913420407,0.210813203884817
"pgaptmp_001060",1727.54646134953,0.494501319926525,0.148907316623116,3.32086650367964,0.000897384494489982,0.00239088410056672
"pgaptmp_001061",3154.42861270836,-0.0464621081323774,0.119071166168759,-0.390204527488434,0.6963853140115,0.773715265298747
"pgaptmp_001062",384.838081235032,0.0137547307641016,0.215438331487688,0.0638453271946532,0.949093385974659,0.968080455631044
"pgaptmp_001063",2382.80263339333,0.511194858711931,0.13274361802646,3.85099386555844,0.000117639445924051,0.000368874488398753
"pgaptmp_001064",1383.41027404651,0.0424662957001313,0.125766978663027,0.337658550372854,0.735620513966012,0.807901904096045
"pgaptmp_001065",1495.02106760399,0.07027452873442,0.119570631197943,0.587723992341265,0.556717568785905,0.655521287890268
"pgaptmp_001066",254.370092957491,-0.503079285236439,0.293887288733205,-1.71181029096206,0.0869316349638734,0.144575310695057
"pgaptmp_001067",20586.9492833344,-0.396987893717912,0.117319586123666,-3.38381600919944,0.000714858903500956,0.00193787679448693
"pgaptmp_001068",70.7552937914433,-0.240569425971227,0.414455592498475,-0.580446808597746,0.561613347050069,0.658760254955764
"pgaptmp_001069",82.6295083651897,-0.421318021587232,0.458382486623399,-0.919140747917322,0.358021958295742,0.463982496092184
"pgaptmp_001070",1717.93797267531,0.921720176963292,0.131445029205558,7.01221021847755,2.34582375470371e-12,2.41860277424022e-11
"pgaptmp_001071",499.903027028226,-1.66187764577607,0.331056064861921,-5.01992810936485,5.16908211735194e-07,2.42308861974608e-06
"pgaptmp_001072",512.56723517245,0.341581858323538,0.174788326889512,1.95426012939331,0.0506704614783925,0.0899787488657333
"pgaptmp_001073",26045.6041604364,1.69201448715244,0.119553686843656,14.1527587464964,1.79572084771645e-45,1.63016414517089e-43
"pgaptmp_001074",982.304336048049,0.867605464907415,0.180502755878976,4.80660508856237,1.53514805301524e-06,6.53755269258894e-06
"pgaptmp_001075",840.505815197564,1.36595774754563,0.218932423473874,6.23917520242787,4.39884092925102e-10,3.26796126520405e-09
"pgaptmp_001076",670.98881830628,1.78405209770669,0.153475879358178,11.6243158545006,3.100673942878e-31,1.60287616880443e-29
"pgaptmp_001077",150.753660507302,2.06421138276095,0.307989644611389,6.70221034660274,2.05290229611744e-11,1.85910032753019e-10
"pgaptmp_001078",267.214192433741,4.44878273504195,0.29791678658168,14.9329710020292,2.01102592105497e-50,2.20148190534312e-48
"pgaptmp_001079",1198.99884291637,-0.231261698531822,0.120977087565841,-1.91161568843322,0.0559255055690024,0.0981399018047275
"lepB",4219.46856183789,-0.569191167800836,0.0895604449476993,-6.35538566309298,2.07904342708953e-10,1.62323581776503e-09
"pgaptmp_001081",852.140655945559,1.01287972741361,0.172019143887494,5.88818026019285,3.90471098449463e-09,2.47586614723833e-08
"pgaptmp_001082",203.921198876111,1.17812113262918,0.272507426443521,4.32326248133776,1.53738640093712e-05,5.60995312185096e-05
"pgaptmp_001083",3081.26681919909,-0.076846606369268,0.130524990565177,-0.588750139237857,0.556028897970412,0.655521287890268
"pgaptmp_001084",3128.64192938067,-0.855199113374,0.121244668608311,-7.05349870794545,1.74474129273419e-12,1.81902719651447e-11
"pgaptmp_001085",609.041969769365,-1.16133151748027,0.25711109265182,-4.51684719434857,6.27671651251045e-06,2.4669418014323e-05
"pgaptmp_001086",73.0016592783574,0.00622252258021547,0.408359632058523,0.0152378494143704,0.987842425696282,0.991304801413201
"pgaptmp_001087",32.0796675677526,0.920259130823143,0.598827041775953,1.53676949540207,0.124349765966261,0.195204482887567
"addB",7288.6132038309,0.67068534334689,0.118102342925811,5.67884875720201,1.35604312722068e-08,7.99872031618921e-08
"addA",13805.4273584401,0.676251805201729,0.104843216834793,6.45012453468814,1.11758278519561e-10,9.04270244890883e-10
"sbcD",1500.58777718455,0.0288648923918945,0.129453857286922,0.222974370921356,0.823555453420333,0.87604269723649
"sbcC",10009.6320323456,0.55808624978547,0.0907061790263523,6.15268172219373,7.61835991505294e-10,5.45298761612058e-09
"pgaptmp_001092",1186.75710391272,0.3701513030959,0.153749354710817,2.40749825449419,0.0160622389880441,0.0322631697320563
"pgaptmp_001093",133.733267283148,-0.856221520376466,0.35172030405328,-2.43438183837906,0.0149172494502145,0.0302407420771778
"pgaptmp_001094",255.494539202465,-0.0486697327625299,0.229864252648149,-0.211732499515827,0.832315731933437,0.883341646494512
"pgaptmp_001095",62.0564132500112,-0.511576747754777,0.461159102364249,-1.10932809334576,0.267288670005926,0.368735518814698
"pgaptmp_001096",239.583683936127,-0.469608578577183,0.310798706903287,-1.51097339900875,0.130795228429574,0.203486700490605
"pgaptmp_001097",67.4557804576542,0.0883227705126328,0.440526253996828,0.20049377241718,0.841094428012525,0.890640891209147
"pgaptmp_001098",71.9976469123293,-0.0529954615041828,0.481692696115551,-0.110019234112427,0.9123941208968,0.943838498604194
"pgaptmp_001099",42.1802438256591,-0.793277857656078,0.533032509536042,-1.48823541428375,0.136688820802724,0.210926944870538
"pgaptmp_001100",4441.15876618664,0.453886530051292,0.0943969138695035,4.80827721421863,1.52236561454491e-06,6.49054389156489e-06
"pgaptmp_001101",1629.5968211799,-0.261232272663367,0.143525153876951,-1.8201149109189,0.0687415073344863,0.117797371224198
"pgaptmp_001102",3.78221941459216,0.0560857563065649,2.45888663660434,0.0228094111666806,0.981802300953284,0.988174192576561
"asnB",42879.3980990408,0.263437085870199,0.090310180428655,2.91702535217847,0.00353387047966987,0.00823610890753366
"pgaptmp_001104",1681.11992959335,-0.130637574755677,0.147929954259098,-0.883104273302665,0.377179935528051,0.483590671731108
"pgaptmp_001105",2913.58484662284,-0.255077917379071,0.103871517223207,-2.45570608958124,0.0140608103344922,0.0286920702110636
"pgaptmp_001106",1201.60156111354,0.27797749169556,0.12498029489033,2.22417055376196,0.0261369714144548,0.0496842735467828
"pgaptmp_001107",3531.7941006361,0.280319055528586,0.0963023646151277,2.91082214490663,0.00360479148032612,0.00836953616697871
"pgaptmp_001108",66.0424550965967,-0.315731747980255,0.462030925120915,-0.683356309748372,0.494381720446714,0.596482304413204
"pgaptmp_001109",574.467357438495,0.554070911538821,0.154269524904417,3.59157722098461,0.0003286827537218,0.000956495081589162
"pgaptmp_001110",431.290738820688,-1.1841778398796,0.208161279384692,-5.68875173797902,1.27971355192562e-08,7.58454433163559e-08
"pgaptmp_001111",3467.33217329571,0.0236246738177442,0.0997614786713139,0.236811584314832,0.812802964168303,0.868078230311169
"pgaptmp_001112",2682.251336146,-0.19171455130419,0.137463248460663,-1.39466041615517,0.163118266924433,0.245700602789454
"pgaptmp_001113",977.85990780073,-0.15108573035611,0.129040017444559,-1.17084400132712,0.241661487531495,0.338908838203551
"pgaptmp_001114",1290.72539616434,0.671500429142173,0.135050088378063,4.97223243025474,6.61862849867078e-07,3.03755058841586e-06
"pgaptmp_001115",6779.92002808878,0.445230612395849,0.102819876472174,4.33019983754153,1.48974085575435e-05,5.45212926756901e-05
"pgaptmp_001116",4351.13807004986,0.36635098131039,0.102857927805966,3.56171847056343,0.000368435342504218,0.00106056314791704
"pgaptmp_001117",2869.2123049704,1.1141685368444,0.104709641418539,10.6405534557312,1.92979621834234e-26,7.25525406532341e-25
"pgaptmp_001118",669.992785598229,0.590031245599121,0.193513981983365,3.04903676494983,0.00229576384532466,0.00555580821345798
"pgaptmp_001119",933.814460139068,0.641590357332428,0.173411304878325,3.69981851980529,0.000215753697141538,0.000649179677252065
"pgaptmp_001120",1964.75530927953,0.80791628573557,0.144334587950616,5.59752376202439,2.17435058184589e-08,1.23367879049244e-07
"pgaptmp_001121",3205.39615857765,-0.275129047440603,0.0984075235135708,-2.7958131412855,0.00517693226033646,0.011572697821605
"pgaptmp_001122",4419.93367334592,0.491555574484817,0.106390916798638,4.62027764470875,3.83226859674114e-06,1.55040257794245e-05
"pgaptmp_001123",1.58762421013705,0.149027760516937,3.96250268127044,0.0376095040191006,0.969999030172974,0.982559824552108
"pgaptmp_001124",881.80477787995,-0.626395083921867,0.190116117478107,-3.29480263026095,0.000984908292933701,0.00259435857487561
"pgaptmp_001125",495.565731021229,-0.0364314936621802,0.168127748049464,-0.216689357258636,0.828450442635135,0.880494730864641
"argC",134.116299760665,0.0382744753116601,0.357803036796599,0.106970795033856,0.914812148971196,0.94476437804406
"argJ",109.012157748621,-0.0844798971229237,0.394589730281839,-0.214095529203416,0.830472562149491,0.881989827634651
"argB",87.595862459166,-0.412856741100057,0.383544507209417,-1.07642459568489,0.281737407294548,0.384112318663116
"pgaptmp_001129",135.677213094058,-0.0112045157931921,0.325907327114421,-0.0343794534857401,0.972574567528406,0.983674603353458
"pgaptmp_001130",82.9578023467448,0.15808828628237,0.505603880882459,0.3126722168478,0.754529705678825,0.824049167997825
"pgaptmp_001131",348.958417668922,-0.180666404789968,0.227692440979316,-0.793466853853,0.427505873585195,0.533772848535423
"argF",180.91361019556,0.297446290430932,0.322116114202173,0.923413257879557,0.355791885247496,0.461438191584796
"pgaptmp_001133",736.592058155051,-0.837316716255039,0.16390919871991,-5.10841809242114,3.24867176159121e-07,1.56423755454625e-06
"pgaptmp_001134",74.3241887032434,0.0735629939139608,0.462015282823059,0.15922199253771,0.873493977350891,0.91401309634524
"pgaptmp_001135",461.663634068848,-1.35353256420297,0.240130248691883,-5.6366599858884,1.73379960465782e-08,9.98947697915853e-08
"pgaptmp_001136",13.0258212909598,0.413760244152969,0.976038245965229,0.423918064546529,0.67162556930091,0.752948906306623
"pgaptmp_001137",11.5438527234092,0.663316792857237,1.39911358048324,0.474097887483972,0.635430104982232,0.72061878450453
"pgaptmp_001138",5546.05260763892,-0.665990067829863,0.129212210652498,-5.15423476207655,2.54668737599053e-07,1.24067675568544e-06
"pgaptmp_001139",1001.5836796405,-0.998458471059306,0.150270108404374,-6.64442504009164,3.04402976506843e-11,2.67845834174579e-10
"pgaptmp_001140",12.2447692094808,1.24286767385652,1.19977253780918,1.03591942196479,0.300239735915775,0.404448895070037
"pgaptmp_001141",6804.9064900778,-0.759312585331252,0.125552082351285,-6.04778965916913,1.46846497916031e-09,9.86744272508563e-09
"pgaptmp_001143",126.24585893347,0.00820785300171618,0.324099396119919,0.025325110444449,0.979795645113775,0.987058717753178
"pgaptmp_001144",5646.51415499064,-0.0206250180608587,0.0969485144780706,-0.212741971054378,0.831528227871632,0.882757576765035
"pgaptmp_001145",9856.55028712874,-0.356491023375186,0.0880445202081079,-4.04898592817089,5.14400372648396e-05,0.000172021400448996
"pgaptmp_001146",67769.6223878983,-0.0524769066870748,0.0811228010171393,-0.646882331836492,0.517708101519191,0.62014930793803
"pgaptmp_001147",5026.3927005869,-1.088716046449,0.176825827419328,-6.15699675968262,7.41373652612455e-10,5.31674900775252e-09
"pgaptmp_001149",87.8411845011903,-0.636485807989709,0.458694832732046,-1.38760187072245,0.165258311504612,0.248120788793935
"trpS",6611.37608724786,0.0202315163336994,0.0899571650593806,0.224901666480314,0.822055772841967,0.875197822230492
"pgaptmp_001151",115201.473567775,0.0770196026599563,0.0838532228790446,0.918504978288723,0.358354553848788,0.464251879368321
"pgaptmp_001152",8949.94377389286,-0.437072766162733,0.120517631671727,-3.62662923341587,0.000287145137968005,0.000844197633109727
"oppC",6548.16074594977,0.0542119300411376,0.10244795251276,0.529165578339747,0.596690592779111,0.688859300968937
"pgaptmp_001154",13586.7657945366,0.282605157390571,0.0816506603690483,3.46114968468399,0.000537873653061277,0.00150523739601058
"oppF",17869.0677851127,0.541330159666957,0.0883552110276814,6.12674853436047,8.96930573867213e-10,6.33467855015895e-09
"pgaptmp_001156",355.142178486974,0.466913575158001,0.1888754053342,2.47207186309851,0.013433250987354,0.0275778048400063
"pgaptmp_001157",37901.4903877862,-0.147857752154238,0.0776204579284676,-1.90488121431207,0.0567955137082587,0.0995258484096699
"spx",27387.4314781441,0.405146917652415,0.124214170370206,3.26168034166248,0.00110753958354153,0.00286865854554042
"pgaptmp_001159",36.5119569711078,0.15122595031101,0.563018967240319,0.268598322810075,0.788238803084285,0.850877269454672
"pgaptmp_001160",37.8103176506862,0.79132548800424,0.615775844810585,1.28508692679827,0.198761909432382,0.290342161266611
"mecA",10565.7611709953,0.347863110513662,0.109478532237962,3.17745500786903,0.00148573740378558,0.00371883968856081
"pgaptmp_001162",747.350932623058,-0.73535618695663,0.152879197254399,-4.81004741104806,1.50894500215217e-06,6.45550953794298e-06
"pepF",22916.6337753777,-0.350491334533603,0.0948990962971513,-3.69330529171883,0.000221358010531814,0.00066389566091814
"pgaptmp_001164",5.58298340398203,1.81947846918969,1.38473548720838,1.31395380994948,0.188861748706506,0.278063065144626
"spxH",12729.906367804,1.05457245357217,0.112688866279262,9.3582666007018,8.1055505874668e-21,2.12456755539095e-19
"pgaptmp_001166",5012.9834080224,0.625174469350675,0.12401039586976,5.04130694016376,4.6236316357941e-07,2.17287335207395e-06
"pgaptmp_001167",8494.95352939198,0.0273636914314035,0.0931166816016882,0.293864546724863,0.768861410170925,0.833898062753253
"pgaptmp_001168",973.366382753229,-0.867639534871698,0.176143105045596,-4.92576496052514,8.40309575971966e-07,3.76369704183834e-06
"pgaptmp_001169",140.727749362998,-0.198385951660488,0.316104750273216,-0.62759560395413,0.53026888924147,0.631369419627879
"pgaptmp_001170",1317.72206218924,-0.309816380438126,0.123579764462211,-2.50701546314133,0.0121755385107285,0.0251763079649619
"pgaptmp_001171",5563.00407135941,-0.224230318424128,0.095585703918191,-2.34585622360473,0.0189834287020223,0.0374635851691023
"pgaptmp_001172",5641.14910377072,0.00452436141654122,0.0987651283255353,0.0458093002383258,0.963462246076003,0.978713558923276
"prpE",133.746627157867,0.0528474485306983,0.294287057000125,0.179577889253471,0.857483964292677,0.902844502149178
"pgaptmp_001174",1305.99359550052,0.609538418757351,0.145978068748147,4.17554790239743,2.97269688530491e-05,0.000103308849739541
"tenA",112.997604970814,-1.57874624649926,0.352457539415423,-4.47925230686718,7.49049533842438e-06,2.88012641008425e-05
"tenI",104.656624006606,0.117767442417688,0.3841650728693,0.306554267253116,0.759182667949903,0.827673664355459
"thiO",251.177030297294,-0.0466820417638494,0.235539334060823,-0.198192127654546,0.842894746543829,0.89202566011832
"thiS",24.618371450477,-0.836164384748646,0.880741197558705,-0.949387160571551,0.34242373807561,0.44766461296713
"thiG",367.618816187537,0.366381769473464,0.2239543795673,1.63596608461664,0.101846685708656,0.166000918598736
"pgaptmp_001180",757.263166214246,0.48597994638499,0.199332396189525,2.43803794904929,0.0147672236507272,0.0300019685742393
"thiD",606.93101724273,0.507454666883716,0.200845420573494,2.52659316520501,0.0115174835832516,0.0239620312447527
"fabI",7702.77217562845,-1.34163865149912,0.164791925264402,-8.14141014097938,3.90700453862602e-16,6.55039229403876e-15
"pgaptmp_001183",154.021956417149,-0.671538027280303,0.307872948862551,-2.1812180308836,0.0291672938001771,0.0548840584045799
"cotZ",14.1833347300966,1.32620564259688,1.46734181088404,0.903815070735203,0.366093469047487,0.472468755823422
"cotY",14.5581664861538,0.410833833085482,0.930596805467784,0.441473504606507,0.658870238757727,0.740880673310048
"cotX",38.5713435256906,1.37980270149188,0.675023377453169,2.04408135714916,0.0409455105479228,0.0743410684192042
"pgaptmp_001187",6.62208278049583,0.209792008852265,1.66091955439398,0.126310758577836,0.89948594035555,0.933859601116697
"pgaptmp_001188",22.1296907800945,0.790408298523743,0.727571100161327,1.08636571511497,0.277317223680188,0.379557016353619
"pgaptmp_001189",6.16860782448672,-2.05895098329394,1.6905945998506,-1.21788569742024,0.223267412081339,0.318391305657756
"pgaptmp_001190",0.816835412827745,-3.82188104653442,4.82229973124141,-0.792543238607558,0.428043990427925,0.534265503813795
"pgaptmp_001191",5.39910624390455,2.66132496941884,1.84650040778349,1.44128046666042,0.149505463413149,0.22759072998926
"pgaptmp_001192",14.7449873457192,1.5897517232944,1.06598461902865,1.49134583643713,0.135870720603669,0.210362238804848
"pgaptmp_001193",420.736711712584,0.00048838451275383,0.222744177369528,0.00219258037862695,0.998250575369274,0.998250575369274
"pgaptmp_001194",579.043687550242,0.553626476468172,0.162866010553663,3.39927572724425,0.000675645656262184,0.00184337885202169
"pgaptmp_001195",286.621840871074,0.745818638165753,0.220296327215156,3.3855246140229,0.000710423379394643,0.00192725642719159
"pgaptmp_001196",734.880896735043,-0.509671303625711,0.165167171298832,-3.08579059396482,0.00203011741327466,0.00495808517717819
"pgaptmp_001197",459.292259430931,-0.230843192794774,0.18815643985445,-1.22686841318503,0.219872052275456,0.31475529944971
"pgaptmp_001198",36.3937566122711,0.0816544794649337,0.618475096234877,0.132025492961683,0.894964127778446,0.930982807040631
"pgaptmp_001199",11594.571985449,0.81935510459725,0.0950928368165468,8.61637040209401,6.91099390935728e-18,1.37554648826887e-16
"pgaptmp_001200",9653.09004489496,0.704589837021149,0.111494216587899,6.3195191516115,2.6237843161072e-10,1.99708082301656e-09
"pgaptmp_001201",6568.29682241693,0.626293562856705,0.104205136467747,6.01019857644495,1.85296220915616e-09,1.23597228359843e-08
"pgaptmp_001202",3233.05458082556,-0.664520548824203,0.125786545745485,-5.28292231005998,1.27139317070939e-07,6.45638068296719e-07
"metC",6702.96974685388,-0.26445361812173,0.0820022529554169,-3.22495551756984,0.00125992243390499,0.00322076325480384
"pgaptmp_001205",516.817443885112,0.391074498591889,0.188884901950075,2.07043810571612,0.0384113365254512,0.0701506352049702
"pgaptmp_001206",1487.51440885367,0.491207140472068,0.114174439924173,4.30225136903052,1.69071343709167e-05,6.13336784878673e-05
"pgaptmp_001207",14849.8104140644,0.169704923355377,0.163545012712378,1.03766492503096,0.29942607986512,0.403937611184479
"pgaptmp_001208",2567.74222134657,-0.601651034848399,0.141534022549354,-4.25092867433056,2.12885960926476e-05,7.5751581889899e-05
"pgaptmp_001209",3385.98019758292,-0.871584041235973,0.16019386837848,-5.44080775411912,5.30395269729178e-08,2.877742265207e-07
"pgaptmp_001210",22.6278507466239,0.360201472781506,0.780239877107831,0.461654785085696,0.644328900392707,0.729155417227624
"pgaptmp_001211",355.362937574608,0.0909927065398206,0.216921202860698,0.41947354772071,0.674870082932926,0.755448555992888
"pgaptmp_001212",90.5411311162942,0.236545216699716,0.363062942172963,0.651526744326956,0.514706518737672,0.617183525367788
"pgaptmp_001213",53.1203739657983,0.398061197019375,1.56194556152962,0.254849597081701,0.798839266733538,0.858089394165145
"pgaptmp_001214",197.252448687926,-0.759397594402147,0.31483409413699,-2.41205640857854,0.015862827109043,0.0319488325215682
"pgaptmp_001215",9.98865406812913,-2.78739610074756,1.18069416115425,-2.36081128581392,0.0182350073025231,0.036101434670208
"pgaptmp_001216",118.900289751085,-0.375629899994095,0.323079564672822,-1.1626544698811,0.244969721336611,0.343160445169313
"pgaptmp_001217",12.6640036600446,-0.829265221465633,0.935174517188095,-0.886749164165729,0.375213962500868,0.481873893973348
"pgaptmp_001218",20.6498699374363,-0.146644715658557,0.760529907195891,-0.192819130807416,0.847100620418676,0.894892765776109
"pgaptmp_001219",9.95036226023993,-0.276048585013663,1.2265286424966,-0.225064931587546,0.821928761650009,0.875197822230492
"bla",2338.08501397343,-0.259078642716172,0.114234487850782,-2.26795469205929,0.023331968332026,0.0448561911837814
"pgaptmp_001221",18.2400204644789,1.32860921711903,0.854039176978603,1.55567713160343,0.119784887144669,0.18915543061199
"pgaptmp_001222",62.3811570471227,-1.04682455304976,0.550994368540316,-1.89988249031108,0.0574485423415701,0.100528196800811
"pgaptmp_001223",1133.28447811671,0.486358827910843,0.166753846033931,2.91662734910401,0.00353838243424708,0.0082414639676268
"pgaptmp_001224",765.688772516158,0.68301078138674,0.199690421482033,3.42034823862692,0.000625410200564063,0.00172555727687134
"galT",14692.0809393283,0.734137155016007,0.109214696332462,6.72196306604386,1.79292406247295e-11,1.63962244730327e-10
"galE",8358.49719719219,0.185182076574375,0.0817666616217722,2.26476259274191,0.0235272521013537,0.0451849495981623
"pgaptmp_001227",773.894298744936,0.711679687343596,0.144178042694871,4.93611699840972,7.96933101519017e-07,3.59537576224701e-06
"pgaptmp_001228",1605.33324896633,0.713389508540493,0.148885319356745,4.79153694684388,1.65508533967305e-06,7.01812135469753e-06
"pgaptmp_001229",431.678979251774,0.916949970090386,0.183992415499406,4.98362917624367,6.24026199119659e-07,2.8852490846253e-06
"lacG",2399.76370199274,0.961170716851757,0.12814509894417,7.50064360456358,6.35052405742045e-14,8.09474333620511e-13
"pgaptmp_001231",234.472344657172,0.229002064574986,0.225167692974043,1.0170289598401,0.309139652977705,0.413372999003362
"pgaptmp_001232",666.922247284412,0.773252275409543,0.182014428776205,4.24830207477833,2.15396829079473e-05,7.64258339212392e-05
"pgaptmp_001233",150.415132567276,0.834018234268344,0.280061489880455,2.97798256598702,0.00290152488407158,0.00687864689077352
"pgaptmp_001234",37.963148275981,0.679813901774556,0.534805876064452,1.27114142196266,0.203678341521128,0.296188167133087
"pgaptmp_001235",1168.37419873187,0.581203230442673,0.13128328495924,4.42709237983436,9.55118341373844e-06,3.63491867749841e-05
"pgaptmp_001236",633.932095526934,-0.666225828035195,0.187249318012609,-3.55796130584749,0.000373744352545806,0.00107253390915612
"pgaptmp_001237",98.2182854241183,0.14411928050949,0.386080625888912,0.373288041008712,0.708934076150461,0.785079628512947
"fdhF",5269.96254647593,-0.194174721675015,0.0875343180266287,-2.21826965757527,0.0265364517295916,0.0503840296434702
"pgaptmp_001239",45.0022583937379,0.523335184947445,0.523714154518021,0.99927638088964,0.31766082384555,0.421810055780642
"pgaptmp_001240",264.418877947342,0.153901619923951,0.243319839879754,0.632507484798642,0.527055319142905,0.628347180605347
"pgaptmp_001241",512.368706313408,0.417058549431326,0.191526654504803,2.17754834443092,0.0294396788566989,0.0553127131270234
"pgaptmp_001242",156.907326576498,-0.730748174088639,0.283564063507277,-2.5770126335839,0.00996583081279177,0.021051544997282
"pgaptmp_001243",1968.06925424105,0.100245794738324,0.115328854025417,0.869216949959728,0.384728478085716,0.491238214557473
"fetB",3033.99814384307,0.0482997018198928,0.132239549938625,0.365243997293622,0.714929278427241,0.790413398586342
"pgaptmp_001245",4083.68006605774,0.163250391633833,0.10556834546608,1.54639528461954,0.122009132271909,0.192090033475852
"pgaptmp_001246",4627.86780327263,-0.0590103689186212,0.101952465058368,-0.578802767395937,0.562722263628705,0.659462300134144
"pgaptmp_001247",146.975585382263,-0.393662325468382,0.333135948889655,-1.18168671613034,0.237330031128956,0.333862687757857
"pgaptmp_001248",20666.7874152887,-0.943730837135847,0.133516335716622,-7.06827993796089,1.56865862274974e-12,1.64930717341088e-11
"pgaptmp_001249",62107.0730604101,-0.562549912051227,0.0820129508893467,-6.85928144214966,6.92077724256718e-12,6.60490587098335e-11
"pgaptmp_001250",4213.40693370569,0.417789031484697,0.0960687619296622,4.34885412378465,1.3685069996982e-05,5.04315153750167e-05
"pgaptmp_001251",166.331129185063,-0.0451235266779313,0.270496838774043,-0.166817205267323,0.867513880536032,0.90890654173978
"pgaptmp_001252",255.578695964029,-0.757562160163574,0.216465002013419,-3.49969811802006,0.00046578533087562,0.00131636522514735
"pgaptmp_001253",22.2664673728058,-0.704106017642627,0.748651692065977,-0.940498799514603,0.346961765145828,0.452484824762709
"pgaptmp_001254",60.0567139097348,-0.612014601540124,0.464253973841512,-1.31827541824996,0.18741146673138,0.276255635316513
"pgaptmp_001255",1103.61409240473,-0.41709531746347,0.122723826063399,-3.39864988602946,0.000677193451401645,0.0018438905251681
"pgaptmp_001256",30528.2109481735,1.52555275721321,0.107000152339392,14.2574821050192,4.02724599664857e-46,3.74735239988149e-44
"pgaptmp_001257",50427.6974278111,1.21669714896538,0.10766926579945,11.3003199188862,1.30740838886965e-29,6.31970652386083e-28
"pgaptmp_001258",489.943520048692,2.41719855131861,0.283298040483146,8.53235181999932,1.43402168305043e-17,2.73714292528908e-16
"pgaptmp_001259",3954.27182154798,-1.94018295855569,0.48129469299312,-4.0311746354191,5.54987862301185e-05,0.000183941658369102
"pgaptmp_001260",215.248398902608,0.537697712756129,0.28591612684772,1.88061344662279,0.0600245212380358,0.104492771115756
"pgaptmp_001261",2415.06750197375,-0.0115539852323544,0.115522759605602,-0.100014795974404,0.920332578855168,0.948623056909149
"pgaptmp_001262",107.361619807593,0.40648616661246,0.340127101186369,1.19510078789555,0.232047654206711,0.328272994668094
"xre",298.621357312321,-1.00699401226109,0.255936979266154,-3.9345389445028,8.33565527265336e-05,0.000268617393288448
"pgaptmp_001264",44.5545747870711,-0.592528346955067,0.515548614408006,-1.14931614671383,0.250425642422852,0.349226017646256
"pgaptmp_001265",452.816114010034,-0.180543701106176,0.217447056386208,-0.830288089922508,0.406375920267819,0.512028156816798
"pgaptmp_001266",491.802506286175,-0.00780698469570816,0.225130233150927,-0.034677637856282,0.972336792606077,0.983674603353458
"pgaptmp_001267",192.639114798041,0.12004701010899,0.271184540183676,0.442676452085657,0.657999777273724,0.740144468473558
"pgaptmp_001268",394.668143469269,-0.00551348875253958,0.256184215108988,-0.0215215787209761,0.982829590118349,0.988406304896108
"pgaptmp_001269",180.846663273432,0.145666080929396,0.377616326371,0.385751543979278,0.699680685123445,0.776681034902911
"pgaptmp_001270",389.680450590163,-1.07408191590801,0.328944764183764,-3.26523487483747,0.00109373342221067,0.00284080655789819
"pgaptmp_001271",3105.44655989415,-1.91970834655115,0.494293978915451,-3.88373807579703,0.000102862715185962,0.000326668110855076
"pgaptmp_001272",5331.07017525612,-2.04719823237731,0.473334611827005,-4.32505500596166,1.52493806328303e-05,5.57546117047096e-05
"pgaptmp_001273",7388.76938543286,-1.95555369562167,0.468381466390362,-4.17513039252466,2.97815420977519e-05,0.000103401958664023
"pgaptmp_001274",7663.68690775416,-1.97257613475176,0.50773994087121,-3.88501273184674,0.000102324525864201,0.000325236451978273
"pgaptmp_001275",11307.0920184837,-2.06588890858039,0.486436020575879,-4.24698998675024,2.16661638712774e-05,7.68013923132329e-05
"pgaptmp_001276",4371.609360726,-2.12705352577635,0.435906594359487,-4.8796085062714,1.06296629878911e-06,4.6655195331286e-06
"pgaptmp_001277",5181.54144760204,-2.16707187712685,0.509746914120004,-4.25127022272993,2.12561516184016e-05,7.57085132284123e-05
"pgaptmp_001278",10574.0168044632,-2.24401669673392,0.556377557067949,-4.03326242805273,5.50077901302749e-05,0.000182639602912474
"pgaptmp_001279",3478.17463456316,-2.02797223179947,0.597053694578987,-3.39663291628988,0.000682204165423855,0.00185611396469853
"pgaptmp_001280",1497.17753708674,-1.94214170064678,0.5808114856336,-3.34384176051224,0.000826268521322459,0.00220931856060502
"pgaptmp_001281",18893.1419418299,-2.17406656354752,0.525413259418028,-4.13782203737228,3.5061814482529e-05,0.000120833401392567
"pgaptmp_001282",10025.3903201394,-2.14552796103744,0.543040639153074,-3.95095285020217,7.7840660190581e-05,0.000253254315759915
"pgaptmp_001283",1882.18548685579,-2.01206510141836,0.521696062991094,-3.85677647226698,0.000114892135659249,0.000361478046427493
"pgaptmp_001284",197.230428905007,-2.58737670068755,0.443699940981099,-5.83136588877249,5.49754872881313e-09,3.4332007329937e-08
"pgaptmp_001285",10034.2449408738,-2.26098930949146,0.572935249901793,-3.94632606368525,7.93595242580843e-05,0.000257072366656736
"pgaptmp_001286",3144.75153365469,-2.20671768654913,0.582808044680446,-3.78635419790588,0.000152873726874233,0.000472588049357055
"pgaptmp_001287",4546.30078699434,-2.35806995781503,0.598457952197053,-3.94024333565643,8.13989994774987e-05,0.000263220743749131
"pgaptmp_001288",1376.06932766572,-2.34894561272032,0.576792346227667,-4.07242854050141,4.65254766477392e-05,0.00015713958628211
"pgaptmp_001289",1417.43930163182,-2.05182829520944,0.574376540102778,-3.57227036961205,0.000353899760633633,0.00102268238282483
"pgaptmp_001290",3489.76137036333,-2.35514438320191,0.581425155364681,-4.05064067399134,5.10775916301223e-05,0.000171116828125396
"pgaptmp_001291",3124.50317019022,-2.34170850029613,0.579647716687568,-4.03988221273081,5.34780518749461e-05,0.000178196337581512
"pgaptmp_001292",775.242301087201,-2.35176176301821,0.718874806556066,-3.27144829888373,0.00106998150488056,0.00278494486794786
"pgaptmp_001293",7478.86991005441,-2.56109208938148,0.706240735088862,-3.62637265472833,0.000287430467510747,0.000844369534392267
"pgaptmp_001294",1614.42457107001,-2.50986563073105,0.819297664902255,-3.06343559642695,0.00218811298289372,0.00531950132092124
"pgaptmp_001295",910.033244693646,-2.40829459751389,0.698431856030262,-3.44814540848999,0.000564450073651069,0.00157251734590515
"pgaptmp_001296",5513.9060381643,-2.29438878719411,0.631586635500832,-3.63273802552,0.000280429691651396,0.000825758949625393
"pgaptmp_001297",2275.60007630156,-1.90520139662306,0.524998654112058,-3.62896434438554,0.000284560536479658,0.000837260329468211
"pgaptmp_001298",1463.05496603115,-1.72357674823456,0.521675076275404,-3.3039277255497,0.0009534040800906,0.00252029118330768
"pgaptmp_001299",13439.7880316366,-2.15560588558942,0.488259265227246,-4.41487963282408,1.01066208973441e-05,3.80737277124644e-05
"pgaptmp_001300",19.1140627970886,-1.03888553219754,0.792300232467558,-1.31122709501424,0.189781050872049,0.278975146661046
"pgaptmp_001301",259.396784898205,0.178104295148531,0.225217287071278,0.790810942910274,0.429054323260886,0.535347030230311
"pgaptmp_001302",1336.88550955475,-0.159252036237986,0.116725321351335,-1.36433152973422,0.172463246823598,0.257071767992564
"pgaptmp_001303",5766.03118889532,-0.78164632826167,0.105819896433422,-7.38657241791437,1.50662107914603e-13,1.83857169068246e-12
"pgaptmp_001304",6763.23123310382,-0.7214111084659,0.100867309043489,-7.15208044416911,8.5472451603417e-13,9.38432049757871e-12
"pgaptmp_001305",585.682151262164,-0.391000245197496,0.171313765454436,-2.28236326579073,0.0224679022151696,0.0435549646066986
"pgaptmp_001306",303.850746904614,0.456869551509939,0.224404468210335,2.03592002937176,0.0417583862094495,0.0756692860134232
"pgaptmp_001307",100.523566256126,-1.31850752070636,0.34558205278355,-3.81532406004945,0.000136004331133838,0.000423250936856308
"pgaptmp_001308",172.69204163114,-0.139578666934613,0.259505451905249,-0.537864102314029,0.590670873043061,0.684457344167582
"pgaptmp_001309",11.5526119507628,-1.14837323171943,1.20918116118805,-0.949711481273101,0.342258874299044,0.44766461296713
"pgaptmp_001310",13376.5430060208,-0.0156496661166889,0.0879463209091044,-0.17794565997665,0.858765651561656,0.903233757481653
"pgaptmp_001311",1678.13431488898,-0.813255928701511,0.11626187649193,-6.99503528792573,2.65192172794865e-12,2.69372454716555e-11
"pgaptmp_001312",2675.74215620609,-0.876787632517929,0.209193472559378,-4.19127624677228,2.77389667456799e-05,9.71255260841209e-05
"pgaptmp_001313",3701.74519373907,-0.316172858582034,0.137714803726169,-2.2958523704591,0.0216843238564244,0.0421237230655594
"pgaptmp_001314",3196.40708934512,0.303394747736934,0.15142593881278,2.00358505362839,0.0451145282389133,0.0813153869759009
"pgaptmp_001315",3476.11330141492,-0.101075426117271,0.135669327780882,-0.745013097437299,0.456263802127811,0.563628898612583
"pgaptmp_001316",10044.661111685,0.368243355149297,0.100878118007233,3.6503789168915,0.000261853728638474,0.000775971001586305
"pgaptmp_001317",4901.70191205057,-0.441844485681298,0.131072340455818,-3.37099714664999,0.000748966335409557,0.00202150304597126
"pgaptmp_001318",6096.99750814015,-0.0334820832333192,0.11090355465977,-0.301902705788246,0.762726233030811,0.829974765797187
"pgaptmp_001319",5752.02398661404,-0.00278980995554829,0.134173287797571,-0.0207925884603597,0.983411110014228,0.988456967721565
"pgaptmp_001320",5778.72452689199,0.403311669839656,0.132844025459717,3.03597898696583,0.00239756072659461,0.00579462404180853
"pgaptmp_001321",19318.9912342143,0.523865117050463,0.104851473045119,4.99625901130676,5.84531404095974e-07,2.70937221176241e-06
"pgaptmp_001322",53.2411042918824,0.731081334607001,0.463202113846682,1.57832037625153,0.114492027102841,0.182500781531809
"pgaptmp_001323",515.128910408254,-0.517478839450877,0.218647113828121,-2.36673071229136,0.0179459850968861,0.0356049874896642
"pgaptmp_001324",1935.35270431156,0.982813962080631,0.146446253819125,6.71108981247483,1.93176156861104e-11,1.75366257521226e-10
"pgaptmp_001325",143.475684307442,-0.508806971086943,0.411269558742207,-1.23716175990034,0.216027035048303,0.310564937987556
"pgaptmp_001326",257.12304635904,-0.713029815309784,0.237771930401404,-2.99879726806295,0.00271047596794483,0.00647521922509028
"purU",4522.97895293408,-0.0842058439448689,0.0983980858311266,-0.85576709377645,0.392126620076422,0.498972745273313
"proB",1897.38982465693,-0.0239575483771065,0.140951347160302,-0.16997033983549,0.865033462590052,0.907712023614371
"proA",3956.2989899301,-0.900880769543751,0.116974699521185,-7.70150103596198,1.34477085124523e-14,1.8606829399014e-13
"pgaptmp_001330",3200.66985030537,0.309446210631046,0.127078563375513,2.43507797390377,0.0148885809705494,0.0301990726824985
"pgaptmp_001331",213.473298313854,0.333317226766359,0.233417823219577,1.4279853276363,0.15329608171997,0.232694949494995
"pgaptmp_001332",64.3027116378962,1.05122668648668,0.430921953181291,2.43948278505186,0.0147083034431379,0.0298985829685196
"pgaptmp_001333",6.38308509545442,-0.741417621646408,2.11682832402082,-0.3502492919398,0.726151617024466,0.800336487582192
"pgaptmp_001334",0.408417706413872,-2.82374911446669,4.85948613023737,-0.581079776500721,0.561186687943136,0.658492072044247
"pgaptmp_001335",13.7738587939716,0.543183195143222,0.883454133603074,0.614840289362738,0.538660199112893,0.638704447626055
"pgaptmp_001336",60.3487120051,-0.229740492280204,0.468305544995264,-0.490578202063628,0.623724806726582,0.710809470494898
"pgaptmp_001337",225.939148579041,0.199784695443312,0.361693037990727,0.55235980364221,0.580701864665115,0.675006976978001
"pgaptmp_001338",373.673333664782,-0.136783923336465,0.190731918988529,-0.717152766363615,0.47327984022476,0.57812522655614
"yeiL",218.529508838296,0.343102347689569,0.290685102262599,1.18032312292227,0.237871724945311,0.334349909458628
"metE",28812.4300613686,-0.362427339018468,0.0723086799457433,-5.01222452533244,5.38043705927209e-07,2.50638131847443e-06
"pgaptmp_001341",2531.81609597524,1.91363420708481,0.160555096758068,11.918863030355,9.43878195493369e-33,5.32290097519139e-31
"pgaptmp_001342",2316.25992296874,-0.269579387901921,0.1132353861004,-2.38069915408686,0.0172798177307346,0.0343831410296077
"pgaptmp_001343",438.790985057008,0.184222983698155,0.197340457925665,0.93352871293908,0.350547052611665,0.456361010780209
"pgaptmp_001344",450.228853843225,-0.187748990905271,0.192631182400952,-0.974655237875668,0.329731303627936,0.434582121849567
"pgaptmp_001345",116.454498773332,-0.950138143886464,0.348432152279599,-2.72689571748828,0.00639332409524143,0.0140389099011732
"pgaptmp_001346",229.134176764195,0.308197840594555,0.253226435689132,1.21708398949669,0.223572261621725,0.318703928669499
"pgaptmp_001347",17.3940524433201,0.62549072922479,0.903319721299375,0.692435595588521,0.48866381844811,0.591303282259967
"mgtE",30999.5395615176,-0.527870752756599,0.101700226354856,-5.19045799283408,2.0977744673168e-07,1.04244546960656e-06
"tnrA",198.373233134506,0.540119583554014,0.25847832919766,2.08961263882583,0.0366526102694951,0.0673684026780547
"pgaptmp_001350",28.7647118810781,1.19021397340645,0.62828846125837,1.89437503121198,0.0581752482128628,0.101656466595434
"pgaptmp_001351",31.6688728338746,1.21450095969854,0.620899281448928,1.95603537640499,0.050460986875682,0.0896923558506631
"pgaptmp_001352",3979.12079936966,1.17150871012616,0.163639911534578,7.15906467523736,8.12293594807775e-13,8.94484248483592e-12
"pgaptmp_001353",32.8129726667565,-0.719729124437661,0.60387238876077,-1.19185632235089,0.233317586946324,0.329441600384756
"pgaptmp_001354",3193.48572073736,0.120647157670266,0.136311643299481,0.885083289658544,0.376111711336386,0.482553529677363
"pgaptmp_001355",1498.12979762946,0.0942182764065971,0.129838638436451,0.725656688495788,0.468049259567182,0.574374989815051
"pgaptmp_001356",3234.89006542402,-0.577100202456917,0.115896894823944,-4.97942764845922,6.37725876426073e-07,2.93401200501588e-06
"pgaptmp_001357",118.976774010409,-1.28426507123359,0.377738382694567,-3.39987973176669,0.000674154985605647,0.00184094266795614
"pgaptmp_001358",190.093572347727,-0.0308891668248304,0.292166730584231,-0.105724449745058,0.915800980976242,0.945523231953834
"sigI",1454.74013589704,-0.392857446755025,0.131977219751393,-2.97670649143128,0.00291362799899421,0.00690294297406522
"pgaptmp_001360",629.555585018553,0.30618494950026,0.164831778445911,1.85756018886088,0.0632314964402421,0.109362281482612
"pgaptmp_001361",29.2734339116719,-0.308162434895024,0.884704679045789,-0.348322374905259,0.72759809200554,0.801456081220663
"pgaptmp_001362",1846.42768976883,-0.538256029696915,0.133171434907256,-4.04182796462149,5.30361379257386e-05,0.000176882173261289
"htpX",16940.7965036041,0.312583325511794,0.116183913268585,2.69041829215366,0.00713625080695823,0.0154694965075705
"pgaptmp_001364",4092.54038134767,-0.525890553758038,0.0940323746300499,-5.59265418774163,2.23624410449143e-08,1.2630198113683e-07
"pgaptmp_001365",18.4961330337724,0.131028450228356,0.786198714861051,0.166660728072435,0.867637007738162,0.90890654173978
"pgaptmp_001366",3.94855945818723,1.06684913360539,1.93377562763411,0.551692305125717,0.581159182861084,0.675298637785475
"pgaptmp_001367",318.814415444049,0.495893709733888,0.226976854202528,2.18477655563685,0.0289052338262344,0.054418452352678
"pgaptmp_001368",8419.38506727097,-0.34956575943465,0.0917990024104011,-3.80794725711576,0.000140125149357275,0.000435347083395475
"pgaptmp_001369",3137.09322397708,0.0875296697530003,0.0986232620889398,0.887515459325051,0.374801446830477,0.481536411840882
"pgaptmp_001370",1095.24576893004,-0.0176487705076088,0.145692779498215,-0.121136892084793,0.903582608667727,0.937589760095144
"mtnA",1486.0635530478,-0.309506022703979,0.114098100079363,-2.7126308193449,0.00667514277657977,0.0146060443353497
"mtnK",959.566315215549,-0.269098453561075,0.140564653565026,-1.91441053448467,0.0555677205735043,0.0976040849337344
"pgaptmp_001373",1541.16992352259,0.609746272096596,0.133679570647069,4.56125247220012,5.08493953148254e-06,2.02635384755653e-05
"pgaptmp_001374",1854.3735180746,-0.0233732659610985,0.131483244346927,-0.177766118239573,0.858906657215371,0.903233757481653
"mtnW",3850.13698464532,-0.217083832322998,0.0910695987717581,-2.38371350319728,0.0171389394693189,0.034186030388427
"mtnX",2089.78796568404,-0.0966635976931002,0.114231035490691,-0.846211340708518,0.397434856532681,0.503605244478667
"pgaptmp_001377",1788.43321256555,0.0230950128368622,0.104397522286427,0.221221848287723,0.824919698193034,0.877243176192706
"pgaptmp_001378",3807.81001905676,0.276815142332018,0.0947029332255041,2.92298382852486,0.0034669452207512,0.00810550886409295
"pgaptmp_001379",3040.56093366715,-0.96472756373393,0.145898271761678,-6.61233030443154,3.78316684971115e-11,3.26704107067863e-10
"pgaptmp_001380",4217.10239512576,-0.0321425857447716,0.0963206992573541,-0.33370382474998,0.73860306314295,0.810593028893254
"pgaptmp_001381",264.90773711584,-0.0266062846931838,0.271656232346965,-0.0979410060403169,0.921979138383676,0.949006181710189
"motB",11011.44531329,-0.135369806382672,0.106642185005005,-1.26938327807442,0.204304397274502,0.296576040037323
"motA",14413.6789007907,-0.35105125500889,0.102138351170546,-3.43701705564758,0.000588158565991203,0.00163245800344464
"clpE",21396.2060019676,0.923177652450155,0.0898540514368225,10.2741906200997,9.21143542164999e-25,2.98130109907663e-23
"pgaptmp_001385",41.2166915636983,-0.8350430717188,0.572261888837601,-1.45919741993472,0.144510778740276,0.220709527481045
"pgaptmp_001386",14618.7367303666,0.0785172547849633,0.0985990258191702,0.796328910277099,0.425840886118139,0.532408390370075
"queC",409.136004883334,-0.830789669684186,0.183412261351469,-4.52962993620235,5.90870872605135e-06,2.33215417586035e-05
"queD",506.937187599455,-0.554490432092828,0.16871894676244,-3.28647400148581,0.00101450138326111,0.00265913672429427
"queE",1048.51705654516,-0.278338664001681,0.128641284036928,-2.16368070394711,0.0304888629253152,0.0570535685309317
"queF",929.518618961769,0.338921362129576,0.136134887674443,2.48959960168389,0.0127887079285985,0.0263417658606771
"pgaptmp_001391",356.459319663736,0.259534870214636,0.185965509209044,1.39560755818915,0.162832705164796,0.245369768673429
"pgaptmp_001392",322.538256264641,1.14782350808363,0.232294457380378,4.941243631156,7.76258370037378e-07,3.50635152096981e-06
"pgaptmp_001393",250.021167655423,-0.256144110073811,0.235980770300886,-1.08544484259127,0.277724680568809,0.379893884997099
"pgaptmp_001394",35.4352272039909,-0.841751326038993,0.609977583718078,-1.37997091779694,0.167595599320387,0.251123518788439
"pgaptmp_001395",37.2903581040263,-0.249789269380387,0.543946713761703,-0.45921643253059,0.646078751330926,0.730691313416502
"stoA",26.9912510136199,-0.366931083391754,0.837877135517615,-0.437929462253527,0.661437417451086,0.743318257171782
"pgaptmp_001397",7907.61197796611,2.90859776827018,0.128023082947669,22.7193229634934,2.88621926959394e-114,7.67322008673473e-112
"pgaptmp_001398",4997.2105581117,0.83232142365552,0.10429527146067,7.98043297647862,1.45820864748515e-15,2.29976804488971e-14
"pgaptmp_001399",8.82041306956351,-1.34809474228919,1.18004266045871,-1.14241186989388,0.253282859653391,0.352627802133519
"pgaptmp_001400",6068.9317810755,0.975951539609013,0.113442842032464,8.60302441408972,7.76424515960471e-18,1.52902224783327e-16
"glcT",10338.8871019833,0.178676989296452,0.0816646263131687,2.18793616481215,0.0286742525220354,0.0540382622212738
"ptsG",62453.5046757286,-0.514308767468807,0.0764478354015855,-6.72757789369848,1.72510490927856e-11,1.58148780106769e-10
"pgaptmp_001403",22783.9797653347,-0.153652802217488,0.0833499628818188,-1.84346575457209,0.0652610372659022,0.112402397364039
"ptsP",98189.6384371693,-0.510236819063582,0.0861471459424265,-5.92285227190905,3.16405060543294e-09,2.02347016381811e-08
"pgaptmp_001405",49.2255129899666,-0.55215868337957,0.537571583524286,-1.02713517660225,0.304356816787508,0.408609721057817
"splB",377.811742183034,-0.449387544744196,0.218607711504947,-2.05568020291007,0.0398133513774974,0.0724268298274904
"pgaptmp_001407",56699.5070701618,0.374680403363503,0.0954931293294693,3.92363729196458,8.72220219800773e-05,0.000280103853157763
"pgaptmp_001408",29047.6015039804,0.859303398530991,0.109128555299809,7.8742304997095,3.42846362987189e-15,5.14546033483192e-14
"pgaptmp_001409",4747.97691737731,-1.30096889998933,0.137524440610989,-9.45991050179466,3.08206890299039e-21,8.13578755810655e-20
"pgaptmp_001410",136.193398832881,-0.659042036255562,0.532676254115413,-1.23722811212976,0.21600240763083,0.310564937987556
"pgaptmp_001411",10499.3249152685,-0.785475902706979,0.139048781044499,-5.64892332609234,1.61455842713298e-08,9.37501788734627e-08
"pgaptmp_001412",7374.6918528973,0.0744992714772907,0.0884445040460463,0.842327878717084,0.399604450203548,0.505378105218351
"pgaptmp_001413",6262.12773867778,0.144314361242966,0.0984867892233969,1.46531694637358,0.142834465130167,0.218860657540646
"pgaptmp_001414",114.219676985195,-1.07637255161582,0.48821178488003,-2.20472463990257,0.0274734230081485,0.0519858060174522
"cheV",11720.1957572494,0.145799894184698,0.0804246721626763,1.81287520687415,0.0698510710043035,0.119262699336438
"pgaptmp_001416",1621.37525200677,-0.0868337452833759,0.110772387596769,-0.783893415744241,0.433102653551607,0.539313508370385
"pgaptmp_001417",5392.3871237673,-0.067719097067369,0.130476327720646,-0.51901443158607,0.603750677462266,0.694914198616787
"pgaptmp_001418",209.998501944105,-0.36995855275707,0.313988962129891,-1.17825336995135,0.238695611524996,0.335381300904506
"pgaptmp_001419",277.715537352833,-0.0983909745864097,0.228942844341533,-0.429762174351392,0.667368650881387,0.748853216334194
"fadH",723.133953110431,3.20751404683644,0.293619560014894,10.9240475895875,8.84635700215362e-28,3.74160690477452e-26
"pgaptmp_001421",843.055586169235,-1.1584114958136,0.16376148666261,-7.0737724688603,1.50777436055784e-12,1.59884221367416e-11
"pgaptmp_001422",1548.25207826154,-0.675960986530828,0.108328345846981,-6.23992715152924,4.37774722995723e-10,3.25879503798016e-09
"pgaptmp_001423",4934.21135701931,-1.4051517383828,0.171330146360568,-8.20142729246045,2.37549546760174e-16,4.03725759379619e-15
"pgaptmp_001424",3648.92443996838,-1.11355528167868,0.150508105687543,-7.39863993764187,1.3758635294722e-13,1.69008714742426e-12
"abbA",1567.61264565569,-0.211299450143067,0.144236277084114,-1.46495357766232,0.142933583623613,0.218860657540646
"cbpB",829.082962031942,-0.683311333822791,0.151087271016868,-4.52262675223317,6.1076888676738e-06,2.40813749634342e-05
"ccpC",740.00299393112,-0.101654022525211,0.228136106487015,-0.445584980345918,0.655897061954602,0.738876774998496
"pgaptmp_001428",78.8179788578158,-1.00851148445095,0.442272219832986,-2.28029579798567,0.0225901508589537,0.0437236305236742
"pgaptmp_001429",127.319409851186,-0.492753813823579,0.323224292465224,-1.52449498787779,0.127385107956177,0.199213181433988
"pgaptmp_001430",26.0551818678013,1.18089594938202,0.746766473315493,1.58134569718841,0.113799016384582,0.181835610103387
"dapD",4332.39771954213,-0.178606423649597,0.0986358087840387,-1.81076655477781,0.0701769955252122,0.119761016664301
"pgaptmp_001432",2165.54545389318,0.150131982757461,0.101400876634469,1.48057874586882,0.13871886254128,0.213440101851444
"pgaptmp_001433",531.056868163784,0.0135559240054195,0.169096011299807,0.0801670240546644,0.936104416714972,0.958509116647352
"pgaptmp_001434",1059.40303025192,-0.153781902021599,0.141054936882096,-1.09022700956679,0.275613158373432,0.378117278092855
"pgaptmp_001435",163.911389110702,0.609916244624225,0.379269127865242,1.60813575325049,0.107805450273245,0.173784606330393
"rok",8644.3588420126,0.87684542100755,0.0978432722998395,8.96173441869839,3.19610886704541e-19,7.0390042622148e-18
"pgaptmp_001437",120.356242036933,-0.483035262859228,0.313171734381732,-1.54239738082635,0.122977057658755,0.193212582780027
"pgaptmp_001438",231.479076596455,-0.459128044453744,0.258393689660858,-1.77685470978935,0.0755921476708787,0.127598173982318
"pgaptmp_001439",1034.54690119981,0.0153944538922812,0.135940449684361,0.113244100104314,0.909837033688692,0.94325864880379
"glp",6429.62364092051,0.352496085881936,0.118273450406418,2.98034837633188,0.00287920734411391,0.0068300890597782
"mobB",2099.01021317443,0.453322930547762,0.144271762159165,3.14214593183967,0.00167714422179408,0.00416433008239999
"pgaptmp_001442",1937.49342298151,0.751281549804963,0.112516147585185,6.67709982903721,2.43716944650494e-11,2.18056362497389e-10
"moaD",1465.88985274498,0.618435805121103,0.167893465144677,3.68350134764439,0.000230052067120092,0.000688306908216225
"pgaptmp_001444",17194.983831804,-0.515363239232896,0.0735481207159,-7.00715714033849,2.43209064977657e-12,2.48687950507374e-11
"pgaptmp_001445",24731.8835336251,-0.169375147134073,0.0868918300407313,-1.94926435609282,0.0512638629197008,0.0909023810324565
"pgaptmp_001446",27243.717519852,0.10359447073244,0.0793071148462155,1.30624435062755,0.191469474973484,0.281124018087301
"pgaptmp_001447",45284.8854146535,0.291210883577802,0.0750504244477015,3.8802030197808,0.000104369311079498,0.000330888054376399
"pgaptmp_001448",2444.33027097841,0.158294648237379,0.106578856029497,1.48523500940532,0.137481581037909,0.211799025092341
"pfkB",3249.27943352875,0.231454790388127,0.12378331039988,1.86983842684782,0.0615062583667959,0.106675812507556
"pgaptmp_001450",11753.4220685149,0.35721847255038,0.0972805843531191,3.67204283286078,0.000240619340204822,0.000716468147393879
"sipT",984.666814262097,-0.23760600480243,0.143660018368782,-1.65394664082865,0.0981383548486611,0.160983233471449
"pgaptmp_001452",197.480385476508,-0.307722668860156,0.309523759737003,-0.994181090077291,0.320134712575655,0.424187041725378
"pgaptmp_001453",28041.3590600962,-0.138258059080242,0.0861603643973266,-1.60465963726277,0.108568729191665,0.174780627184852
"pgaptmp_001454",2769.68068489428,-0.00411454416865946,0.10996425192415,-0.0374171068930432,0.970152432893336,0.982559824552108
"pgaptmp_001455",5702.06746703026,1.18903577603914,0.124832193745515,9.52507314309586,1.64925738895702e-21,4.44821449398408e-20
"pgaptmp_001456",42.9528058235795,0.635740076462039,0.883455221954969,0.719606450517357,0.471767339293934,0.577224864185412
"mreBH",232.075338285528,-0.882361987808745,0.35892332926995,-2.45835786044744,0.0139574015404473,0.0285123208197283
"pgaptmp_001458",1056.60323132835,0.170427511814898,0.152436416183799,1.11802360670436,0.2635569112398,0.364655761581241
"pgaptmp_001459",1848.61803795592,0.274722192953335,0.114319818757966,2.40310206872325,0.0162566492427024,0.0326184627931743
"pgaptmp_001460",2318.34232111564,0.0715028895290815,0.099465223816663,0.718873258264392,0.472219014613567,0.577263778124344
"ktrC",2821.83312129108,0.129108820530495,0.0939482238543203,1.37425504425391,0.169362517562436,0.253261265716105
"ade",1367.9751671612,-0.440677553666781,0.140491942228596,-3.1366749343514,0.00170875464749034,0.00423716508858032
"rnjA",56857.9764719108,-0.49491798650301,0.0835275307839577,-5.92520791477849,3.11902507082121e-09,1.99969366756712e-08
"pgaptmp_001464",1883.64232867057,-0.554621887754773,0.204932920721144,-2.70635818687939,0.00680256296669181,0.0148499351096932
"pgaptmp_001465",2671.13553395498,0.253918296393616,0.0999532451258038,2.54037071106624,0.011073502670679,0.023167834142927
"def",2099.5708097907,-0.707738514055701,0.122700942018003,-5.76799576609493,8.02198208495648e-09,4.91082521713948e-08
"pgaptmp_001467",3.06884950858,0.703878786852067,2.93811875485797,0.239567847857836,0.810665292669196,0.866292339740094
"pgaptmp_001468",3890.54460188296,-0.324099242680575,0.137866278569133,-2.35082317477698,0.0187319332008437,0.0370065049753399
"fabD",60456.7687075714,0.0416556813318073,0.0818813577533829,0.508732176343111,0.610939965435893,0.700961329023549
"pgaptmp_001470",117629.035575619,-0.0893458573609324,0.0873084032017554,-1.02333628934283,0.306148871277383,0.410329887970623
"pgaptmp_001471",71644.1063189553,0.080818957553705,0.0970135934684128,0.833068384174629,0.404806163046578,0.510568803408798
"pgaptmp_001472",126314.99762173,0.0365529146513154,0.0930420106452862,0.392864625321457,0.694419470075862,0.771774487583639
"pgaptmp_001473",146524.20908339,0.429254491388674,0.096526373652556,4.44701769211556,8.70706691485631e-06,3.33069918366857e-05
"pgaptmp_001474",72360.3361039829,-0.227194533039896,0.0901929898226277,-2.51898216797884,0.0117694617070944,0.0244044214338749
"pgaptmp_001475",164684.556034744,0.527261456766642,0.107968231765801,4.88348700486595,1.0422602185602e-06,4.58003841024917e-06
"pgaptmp_001476",78297.2565091459,0.144672732871636,0.0919450202737364,1.57347001981097,0.115610024961119,0.18365365467575
"pgaptmp_001477",25626.5861482694,-0.138828937038977,0.082709752201229,-1.6785074715399,0.0932480731079769,0.154047637864132
"pdhA",59626.2484956532,-0.645141866397642,0.088830126725423,-7.26264714663527,3.79587216864588e-13,4.3740669386068e-12
"pdhB",55685.3453437832,-0.342819677507871,0.0871247310129467,-3.93481475950759,8.32608876432539e-05,0.000268541615085088
"pdhC",196704.283883223,0.286062293006075,0.0871420310919757,3.28271316862176,0.00102813219262178,0.00268918343003392
"pgaptmp_001482",60.9783684746185,-0.0219642274718864,0.535664035119751,-0.0410037374769359,0.967292916293983,0.980731199794662
"pgaptmp_001483",258.649846860192,0.326945470773251,0.2451937561657,1.33341678795566,0.182395066177068,0.269930193364233
"pgaptmp_001484",29.3140829586952,0.557669972884917,0.626815009624308,0.889688288126933,0.373633284478273,0.480367214102981
"pgaptmp_001485",2132.49047354234,-0.357424570126907,0.113064175445035,-3.16125394025152,0.00157091479968409,0.00391099992269175
"pgaptmp_001486",203.8513095393,-0.789588272280977,0.346254525590966,-2.28036953721646,0.0225857807625366,0.0437236305236742
"pgaptmp_001487",3436.16277664267,0.644420704101999,0.114227709749835,5.64154446861725,1.68531499436504e-08,9.75543142927943e-08
"pgaptmp_001488",15.5562584383057,1.44162408016424,0.843572299173795,1.70895142191864,0.087459948196939,0.145259226768856
"suhB",1296.82547645163,0.456577105945361,0.13679820077357,3.33759584090652,0.000845065718577132,0.00225472014662658
"pgaptmp_001490",640.496886768564,0.512851213017885,0.182203880755851,2.81471070149759,0.00488211616970215,0.0109928834746711
"pgaptmp_001491",5195.59734484133,-0.237658768208513,0.0931931135625885,-2.55017521277365,0.010766879271489,0.0225898109630677
"pgaptmp_001492",52.0389096278111,0.493811845892119,0.546577542756812,0.903461644987177,0.366280935689582,0.472546843201604
"pgaptmp_001493",44.4262833323172,0.863954498444704,0.631612815915024,1.36785460439571,0.17135759167591,0.255526024125696
"pgaptmp_001494",245.965416849752,1.09395310020579,0.235192187379075,4.65131564273685,3.29824049847009e-06,1.34901660827535e-05
"pgaptmp_001495",597.269896365002,0.636606098410569,0.19823884260673,3.21130859139185,0.00132131961215721,0.00335467366742779
"typA",31837.1845877191,-0.721051938411348,0.0850322724174403,-8.47974443010956,2.25689135116348e-17,4.24249980254065e-16
"pgaptmp_001497",9060.79094578764,-0.569242381920897,0.0871463128843317,-6.53203059407052,6.48838969228421e-11,5.40263678628229e-10
"pgaptmp_001498",54.3766808767753,-1.45869371845271,0.862828995806249,-1.69059422613593,0.0909143281768627,0.150459372820935
"pgaptmp_001499",128.923174943954,-0.428137883358879,0.550742739573692,-0.777382709920576,0.436933010269503,0.542811970701966
"pgaptmp_001500",92.1786854155319,-0.324720999291834,0.37411641065158,-0.867967803727944,0.385411958400539,0.491773503313954
"pgaptmp_001501",7403.77130094338,0.887547259373189,0.141588532420221,6.26849677867299,3.64550163351164e-10,2.74112264241017e-09
"glsA",66.6574078648188,-0.992931683993028,0.477779136417423,-2.07822319626265,0.0376888065711743,0.0690343199103891
"pgaptmp_001503",2527.86889012241,0.324349361719122,0.119434757773207,2.71570326566932,0.0066135164501797,0.0144882332122242
"pgaptmp_001504",5617.43623217968,0.169963773544505,0.108798365698135,1.5621905021632,0.118243117423487,0.187038199341359
"pyc",78098.269070291,0.616798695348367,0.102621399750855,6.01042956776885,1.85032383781211e-09,1.23597228359843e-08
"ctaA",13111.0455374202,-0.468200123564316,0.0824715900081201,-5.67710800189759,1.36990986765416e-08,8.06772868260884e-08
"coxB",11763.9319694507,-0.624488696866086,0.107461628132428,-5.81127149959529,6.2000116987228e-09,3.83329626954257e-08
"ctaD",29940.7060982733,-0.182067506791556,0.112445147415272,-1.61916730936517,0.105411269653346,0.170824933328811
"ctaE",9641.01183668863,0.0122225732127911,0.161987181711278,0.0754539531070817,0.939853533142037,0.961026057789742
"ctaF",6556.6990964517,0.456558203154332,0.142059327049245,3.21385587724252,0.00130965391626411,0.00332959827618513
"ctaG",18239.92729909,0.323755305449891,0.114504942031789,2.82743521550371,0.00469225086066718,0.0106103023714479
"pgaptmp_001513",550.563480151759,-0.430206801136516,0.175525267812956,-2.45096792329042,0.0142472648994561,0.0290248056681858
"pgaptmp_001514",10853.0764576007,1.58848389721523,0.126558558826117,12.5513747307892,3.906680274458e-36,2.42344399692211e-34
"pgaptmp_001515",1564.68669452213,-0.369469604323826,0.140007859468393,-2.63892045579938,0.00831704933208795,0.0178244655651548
"pgaptmp_001516",4502.61440351646,0.168433603024333,0.0987881128053188,1.70499869104964,0.0881946685462968,0.146283670378483
"pgaptmp_001517",150.073707335743,0.0932200746635608,0.380367133491791,0.245079204945484,0.806395104053491,0.863712971881178
"pgaptmp_001518",142.576207927909,0.0789645920633108,0.335678709031314,0.235238607450509,0.814023542200027,0.8686340665334
"pgaptmp_001519",6235.56304908734,0.283705709716058,0.104645508705469,2.71111214638522,0.00670579416522434,0.0146644922931639
"pgaptmp_001520",519.057885138365,0.605541891549439,0.18045232555345,3.35568904247831,0.000791675289579703,0.00212598515715415
"rsmD",528.68585031051,0.209984993695936,0.207636069656727,1.01131269746674,0.311866790716737,0.416147068820603
"coaD",796.903535290448,-0.0380013255772494,0.152888041815621,-0.248556558943165,0.803703814948864,0.861326115531147
"ylbJ",56.4257802519624,-0.979318210574677,0.503405027398372,-1.94538822076501,0.0517282713696821,0.0915949695708642
"pgaptmp_001524",344.41867853012,-0.586831050781105,0.256670197108116,-2.28632329500225,0.022235352048331,0.0431266181990037
"pgaptmp_001525",1380.96669058228,-0.0779889519172459,0.143218640089482,-0.544544703598073,0.586066694704746,0.679545245386625
"pgaptmp_001526",3390.97600278964,0.752797700635686,0.102584739831867,7.33830101698844,2.1632221499748e-13,2.57236832019367e-12
"pgaptmp_001527",39986.95217856,-0.514162993368298,0.0968171353033692,-5.31066109069647,1.09228286881773e-07,5.62378593335828e-07
"rpmF",2123.48467714452,-0.338400996920191,0.175145136481769,-1.93211757812878,0.0533449951812084,0.0939659593300794
"gerR",150.821412281605,-0.071801399084351,0.297218313819139,-0.241577977351837,0.809107188243825,0.864875633154371
"pgaptmp_001530",12778.8498552127,0.962747168932311,0.0838653007269069,11.4796842148976,1.66888932653484e-30,8.28214143115023e-29
"pgaptmp_001531",2407.75455544237,-0.282568719602966,0.115786902062962,-2.44042041516331,0.0146701779771638,0.029853691870423
"bshC",13592.3748025474,-0.146037122981726,0.0798843984107112,-1.82810568630563,0.067533691723045,0.115994647251118
"mraZ",34679.4743130957,-0.445160714039824,0.0984848988395087,-4.5200910930036,6.18130283747168e-06,2.43200942506021e-05
"rsmH",23810.8518274488,-0.491607588967117,0.0967372784905871,-5.08188359893701,3.73710406493888e-07,1.78098608574936e-06
"ftsL",4102.85970186107,-0.0665593085589157,0.106174167536779,-0.626887971934031,0.530732672216873,0.631719541410681
"pbpB",17948.0792689344,0.0815470701271696,0.0917234990991093,0.889053197142601,0.373974490599571,0.480639866716714
"pgaptmp_001537",253.931756028484,0.251106599387897,0.247569802570226,1.01428605904659,0.31044627423591,0.414596710694674
"pgaptmp_001538",2474.88648411189,-0.928656681107623,0.120973562393426,-7.67652586841644,1.63461057840802e-14,2.2285789644083e-13
"mraY",2759.06580453607,-0.927168037718235,0.117959276923333,-7.86006884664817,3.83922385631101e-15,5.69306422039425e-14
"murD",5029.00216507674,-0.515342624780751,0.0861361736340878,-5.98288271974978,2.19222620522372e-09,1.44671381841183e-08
"spoVE",3866.27798851369,-0.689599681097483,0.101223419923658,-6.81264949966693,9.58173960788038e-12,9.00586737892192e-11
"murG",3525.69549784809,0.0694420207197644,0.106180599151628,0.653999141788606,0.513112358527793,0.615668664874418
"murB",8210.89013514732,0.0636805403039277,0.0913386291488382,0.697191767572502,0.485682790251484,0.588831057106197
"pgaptmp_001544",3269.88266416365,-0.13208015780698,0.110729091095791,-1.19282255909351,0.232938873109409,0.329281612500274
"ftsA",17559.6642907617,0.251101621809414,0.104901355983567,2.39369281221444,0.0166797118837167,0.0333773589415019
"ftsZ",44402.411321461,0.468812044032025,0.0929639397997635,5.04294509292319,4.58420826189337e-07,2.15706993056474e-06
"pgaptmp_001547",2182.9622151518,0.167194272010337,0.10652510298303,1.56952931589254,0.116524654073156,0.184719256340183
"spoIIGA",54.631644995987,-0.0934386363525022,0.452828235690692,-0.206344545211457,0.836521785093158,0.887046747611605
"sigE",170.391937614673,0.142085589410408,0.29394809169742,0.48336966091505,0.628833286115078,0.715535766102207
"sigG",247.002554672717,-0.0241728247412043,0.241252440815543,-0.100197223536844,0.920187750220233,0.948623056909149
"pgaptmp_001551",696.967715683339,-0.00626962247592623,0.166798422503984,-0.037588020209103,0.970016159661302,0.982559824552108
"pgaptmp_001552",319.09084137355,0.130955746297576,0.213901998706021,0.612223107263044,0.540390155332269,0.640186751955605
"pgaptmp_001553",168.194323460016,0.251898072183514,0.302745073068236,0.832046809649446,0.40538252331209,0.511122544636721
"pgeF",2979.16949207607,-0.369845681483822,0.0924036623118536,-4.00250024978045,6.26766016693151e-05,0.000206079780400345
"pgaptmp_001555",2087.26564121531,-0.337574405844957,0.0990804818146542,-3.40707271162088,0.000656636317230923,0.00180236015688311
"sepF",3848.81849997207,0.147471029607741,0.0969478721939837,1.52113735217071,0.128225372747347,0.200190787485582
"pgaptmp_001557",4002.00631824646,0.142690639197164,0.119809301210063,1.19098131577434,0.233660919891474,0.329801268045531
"pgaptmp_001558",6350.14720961424,-0.244253660961857,0.0888793992091077,-2.74814707497289,0.00599331183419038,0.0131916656693416
"divIVA",15267.6680204438,-0.0589430436945585,0.116261789649536,-0.506985518391197,0.61216497967647,0.702150401958651
"ileS",22888.5505708001,-0.430392575125749,0.0770938706679819,-5.58270808556635,2.3680202282213e-08,1.33541989233935e-07
"pgaptmp_001561",15.0450802744471,0.219994929317914,0.862052381059831,0.255199027520168,0.798569382135498,0.858089394165145
"lspA",117.979696614345,-0.964006233955125,0.336557094428494,-2.86431707996559,0.0041790944716919,0.00954855102740162
"pgaptmp_001563",1115.295186671,-0.0859846774910754,0.123933034042522,-0.693799503541352,0.487807954014893,0.590637997671904
"pyrR",7175.31991488225,0.960939618202701,0.0983110051321621,9.77448676179115,1.44889807293974e-22,4.08545350566795e-21
"pyrP",14454.8947382853,0.681278105325307,0.112509275331381,6.05530613648247,1.40150869420078e-09,9.53640833604259e-09
"pgaptmp_001566",5492.32252317227,0.61977490436289,0.122268180423082,5.06897953513575,3.99954224981176e-07,1.89152430162635e-06
"pgaptmp_001567",3527.59164227227,-0.0651609402055138,0.109840013732813,-0.593234996893013,0.553023894414661,0.65261729074552
"pgaptmp_001568",5318.27200533694,-0.116153476826009,0.119386253675073,-0.97292169952948,0.330592219280857,0.435100509251538
"carB",34382.3844676789,0.156326907914074,0.107219654648902,1.45800607571418,0.144838868336513,0.221119880208574
"pgaptmp_001570",8582.4748880421,0.106919746652673,0.0999859474395804,1.06934773726361,0.284913007586943,0.387806377230485
"pgaptmp_001571",12038.2906603777,-0.120340164712069,0.114718820791923,-1.0490010608664,0.294177630156859,0.398590877118249
"pyrF",8882.1074292589,-0.521602985715676,0.0902765082549604,-5.77783739976468,7.56668792030756e-09,4.65493847611476e-08
"pyrE",7712.47545411537,-0.790350505916526,0.108519498657582,-7.28302761893849,3.26410369047712e-13,3.80846204888898e-12
"pgaptmp_001574",10013.3497588928,-0.713619647033686,0.100415241893146,-7.10668653064702,1.18861979765011e-12,1.26763406500106e-11
"pgaptmp_001575",24988.654374902,-0.43588555427677,0.0864881440443076,-5.03983013039877,4.65945230696819e-07,2.18694596299314e-06
"sat",32520.3276419452,-0.304209424866485,0.071606351803301,-4.24835810239478,2.15342977083363e-05,7.64258339212392e-05
"cysC",24550.0404584846,-0.102843303867542,0.0802101865002369,-1.28217260618435,0.19978210354425,0.291603525251647
"pgaptmp_001579",25426.8925613596,-0.653869545439563,0.0818597781420188,-7.98767795711788,1.37504084185798e-15,2.18713761256213e-14
"pgaptmp_001580",9322.27184616801,-1.11886257567142,0.140218687104349,-7.97941129514908,1.4703286689792e-15,2.30909844132515e-14
"pgaptmp_001581",3568.83596462614,0.321961190110928,0.0972850385233151,3.3094625339925,0.000934752754456568,0.00247979312336946
"pgaptmp_001582",988.56023109709,0.075211421927806,0.133380623462717,0.56388566776215,0.572831944593876,0.66878309215132
"pgaptmp_001583",6600.37923406783,-1.0962149098986,0.158006940091949,-6.93776431124281,3.98353565590963e-12,3.95379192301217e-11
"remA",2514.99367706411,-1.27959894358818,0.158062583784146,-8.09552085606567,5.7019842853316e-16,9.39061305752399e-15
"gmk",2771.43366376703,-1.31534840167311,0.171740054992554,-7.6589494613248,1.87460143065451e-14,2.51886878155093e-13
"rpoZ",522.268585125944,-1.31683128395119,0.202434015809603,-6.50499017511821,7.76984580258672e-11,6.35590463235775e-10
"coaBC",2328.23216765351,-0.40334233890289,0.101539514846424,-3.97226970714738,7.11910493902712e-05,0.000232228821937414
"priA",4349.16316165184,-0.177473481126725,0.0899336054627235,-1.97338336669139,0.0484519012222885,0.0864343881386422
"fmt",5488.61252021175,0.301618892999979,0.102635716254227,2.9387322854831,0.0032955760243936,0.00773400628171057
"rsmB",8927.22252801748,0.192048531712229,0.0880766137573258,2.18047133648182,0.0292225412934191,0.0549602317807508
"rlmN",15142.2391279652,-0.0696559536514735,0.0818457712930362,-0.851063562002258,0.394734045231633,0.501775996021906
"pgaptmp_001593",9133.98553159325,-0.2225385449799,0.0843424140168221,-2.63851287130002,0.00832705392366138,0.0178327357329503
"pknB",5037.27402341333,-0.332528810571166,0.0972982703020646,-3.41762304241199,0.000631705330195856,0.00174163499184369
"rsgA",4079.70922200019,-0.0195674313122332,0.0967640023711767,-0.202218085576644,0.839746234946636,0.889705518494557
"rpe",4789.29758623963,-0.103033791787377,0.0875904455585536,-1.17631313701332,0.239469768059755,0.336215193028445
"pgaptmp_001597",607.860379267269,-0.00945179382173258,0.167207536724677,-0.0565273193235055,0.954921732641124,0.97216047289121
"spoVM",151.75313173409,0.724046313270493,0.297306155937556,2.43535594137703,0.014877147192605,0.0301923347060391
"rpmB",2807.28642551344,-0.63276117678106,0.165376035169767,-3.82619631757103,0.000130138518361304,0.000406014723672065
"pgaptmp_001600",675.816025459998,1.07362082720402,0.220176229928158,4.87618862197041,1.08155194981167e-06,4.73035999670863e-06
"pgaptmp_001601",14942.7211472842,0.256310330249314,0.105060999845939,2.43963345699325,0.0147021710097261,0.0298985829685196
"sdaAB",1857.22758023713,-0.184105567218942,0.102672781754184,-1.79312924100684,0.0729522610196405,0.12370310501827
"sdaAA",3832.85903381557,0.159196570670561,0.100918496818227,1.57747663401392,0.114685894399581,0.182731549210291
"recG",5425.82352894771,-0.051634958541964,0.0966336132861772,-0.534337450355383,0.59310808616675,0.686365472421727
"fapR",1967.40161441633,-0.523901792293488,0.155281270284771,-3.3738891453728,0.000741142076550597,0.00200329034780053
"plsX",9691.04820697014,-0.855419042497807,0.126804949633703,-6.74594363208082,1.52035639671203e-11,1.40765336033885e-10
"fabG",23041.0964379085,-1.00598907221147,0.131783816567372,-7.63363133968103,2.28231962119195e-14,3.04472889966897e-13
"acpP",11834.6181938444,-0.43457484226601,0.106450711463608,-4.08240430045952,4.45721682902246e-05,0.000151228450662002
"rncS",9054.18829470191,-0.522145783230474,0.0914283166618197,-5.71098541780898,1.1232387140317e-08,6.71058506199997e-08
"smc",12643.4220984443,0.262352108846508,0.0904728193797771,2.89978924769919,0.00373413638744542,0.00863512138243436
"ftsY",6218.32490391412,0.286105346596215,0.0989085378345225,2.89262537754708,0.0038203666926808,0.00879913665232545
"pgaptmp_001613",1375.30768432433,-0.131587388835991,0.139568833678991,-0.942813559212243,0.345776274990999,0.451413292008592
"pgaptmp_001614",2523.76395265758,-0.390559301920405,0.135709016607586,-2.87791711769409,0.00400310298609622,0.00918591203098035
"ffh",27765.4230884664,-0.534372407626463,0.100930675625952,-5.29444992131868,1.19375196047903e-07,6.11161595172344e-07
"rpsP",13827.0859216213,-0.501867955525449,0.0911001417352336,-5.50897008463543,3.60939233541897e-08,1.98730151959015e-07
"pgaptmp_001617",8846.17693338045,-0.455094384234466,0.098583779643274,-4.61632112180348,3.90602394072242e-06,1.57510521206596e-05
"pgaptmp_001618",1722.28817771607,-0.165727618938836,0.11134910394969,-1.48836059797765,0.136655821864683,0.210926944870538
"rimM",1566.04319953548,0.387189613757328,0.117710575181941,3.28933584054673,0.00100424118322955,0.00263781629074126
"trmD",5781.65760553391,0.0969212781133917,0.10072472184725,0.96223922326014,0.335929450586844,0.440769231743939
"rplS",75349.4122019263,0.306433351632037,0.0945890396514164,3.23962853160703,0.00119685510695367,0.00307432347003558
"ylqF",1857.17524789927,-0.496421293468935,0.114967533896118,-4.31792591043564,1.57502278590151e-05,5.73604188759826e-05
"pgaptmp_001623",10995.3820268177,-0.659300152616736,0.126421101556969,-5.21511159527143,1.83706604832716e-07,9.19026859122809e-07
"pgaptmp_001624",14362.0158020009,-0.536582964609839,0.0976496212023687,-5.49498255090849,3.90749048365389e-08,2.14192630046536e-07
"pgaptmp_001625",396.04325653203,-0.760017631138545,0.186388173829564,-4.07760651077314,4.55016875122765e-05,0.000154025991957511
"sucC",74305.8467190159,1.18616245588116,0.0904858150763384,13.10882213837,2.93115311007165e-39,2.05844375012956e-37
"sucD",87899.973465277,1.08949845037933,0.116685884228807,9.33702013384035,9.90834297827351e-21,2.55156471000788e-19
"dprA",1031.05907632422,-0.582861651926438,0.170256445716928,-3.42343368835219,0.000618353365102293,0.00170862006303692
"topA",17234.9705727581,0.0296971590972218,0.0847622585572829,0.350358279766133,0.72606983246496,0.800336487582192
"trmFO",2830.6675585015,-0.114881147643548,0.091108355485427,-1.2609287812458,0.207334507555853,0.3002719988805
"xerC",5778.97685256142,-0.367029758339928,0.120121200395228,-3.0554952592241,0.00224689154981324,0.00544816309342338
"hslV",4792.98427275147,-0.205113969488337,0.0830043724837266,-2.47112246440452,0.0134689685100357,0.0276358879792464
"hslU",15930.7304119509,0.263374627515504,0.0925480634723014,2.84581457065635,0.0044297981957781,0.0100719052441577
"codY",10728.1133219695,0.428109970229432,0.0987253126333764,4.3363749256409,1.44851788098442e-05,5.3117079340138e-05
"flgB",3956.90354439399,-0.768004592988503,0.140764832851203,-5.45594078742899,4.87142257200462e-08,2.65467566808217e-07
"flgC",4442.68172674297,-0.573740719427126,0.12844501361145,-4.46681971760078,7.93909785362203e-06,3.04318457375708e-05
"fliE",2768.3391177635,-0.655060176001125,0.201454773465322,-3.2516488179114,0.00114737692181743,0.00296153738072433
"fliF",18633.7732931923,-0.924753947886103,0.152908454570872,-6.04776204482197,1.46871662270216e-09,9.86744272508563e-09
"fliG",12955.1880896605,-0.326014253934668,0.097383217410872,-3.34774576772477,0.00081471712919429,0.00217999795460902
"fliH",5404.93054474348,0.00484941166006961,0.105748071988761,0.0458581567386404,0.963423305152396,0.978713558923276
"fliI",23652.2531583224,0.0571846555596843,0.099914555592122,0.572335584347964,0.56709464663512,0.662916543585401
"fliJ",6115.67322999163,0.118493892757453,0.123749928506874,0.957526959305443,0.3383013457025,0.443053345779277
"pgaptmp_001643",9495.08378606617,0.156248210825501,0.108699587797218,1.43743149345687,0.150595425488743,0.228969025191626
"pgaptmp_001644",28664.5823337447,-0.172846954994679,0.0856450035814917,-2.01817908537086,0.0435726135184822,0.0786886305268272
"flgD",8979.07362718688,-0.301186201527702,0.133053685987118,-2.26364417710955,0.0235960084259945,0.0452936273138481
"flgG",15609.2192639105,-0.490651453741239,0.103590298243609,-4.73646144533143,2.17482091874185e-06,9.10538071941188e-06
"pgaptmp_001647",6022.51997276409,-0.750769598340621,0.14258861034881,-5.26528448874027,1.39972432504997e-07,7.06889272433647e-07
"fliL",7571.79096989442,-0.500006516454973,0.112970696199695,-4.4259842001073,9.60035511715305e-06,3.64819240729736e-05
"fliM",37899.4960859917,-0.391392242001654,0.084174572614413,-4.64976809320487,3.32308469446347e-06,1.35768619459858e-05
"fliY",37123.508907269,-0.112050282750822,0.0761657054614394,-1.47113825142143,0.141253732215196,0.216623976639868
"cheY",14989.8209278968,-0.227635696251025,0.0900311329375356,-2.52841088214408,0.0114580171079855,0.0238516441140504
"fliZ",14746.7817673386,-0.394259783455942,0.0842844815619283,-4.67772686204706,2.90072573846005e-06,1.19961124428315e-05
"fliP",12586.3079957291,-0.794088619998949,0.103458648569511,-7.67542038271863,1.64877036433983e-14,2.23968003506308e-13
"fliQ",5057.68774798671,-0.94065449037928,0.137130629688418,-6.85955057973985,6.90775181577512e-12,6.60490587098335e-11
"fliR",12957.090357046,-0.816796846487788,0.123348566028783,-6.62185927882772,3.54708657531759e-11,3.07029214728653e-10
"flhB",12426.3799057715,-0.721938907620572,0.121685642102015,-5.93281914899489,2.97776798514845e-09,1.91420594831132e-08
"flhA",11848.8185255228,-1.08410730261942,0.136093221733442,-7.96591695611996,1.64003056099294e-15,2.56478728908224e-14
"flhF",7771.43104360405,-0.804706435180722,0.109233445571958,-7.3668502441463,1.74706549312737e-13,2.10512068566862e-12
"pgaptmp_001659",4629.05673394276,-1.30744536714924,0.189226216829754,-6.90943035829722,4.86603677532935e-12,4.76615496783574e-11
"pgaptmp_001660",8029.48446894002,-0.832485157774911,0.113652232328928,-7.32484651393001,2.39172292942498e-13,2.8350295360891e-12
"cheA",31364.7715890009,-0.473512288245513,0.0858487623944116,-5.51565654575279,3.47480277653306e-08,1.92172599320298e-07
"cheW",10046.8568329186,-0.157342983312369,0.0845648574267433,-1.86061903372416,0.0627979949900464,0.108764140229387
"cheC",13233.2969113173,-0.184126800140908,0.103853079462552,-1.77295464991293,0.0762362218366975,0.128568743849655
"cheD",8006.17640184358,0.203363337245759,0.0892701134215057,2.2780674231424,0.0227225608282164,0.0439342189104526
"sigD",13185.7191493796,0.19473065730053,0.103844023481029,1.87522257683039,0.0607621094568343,0.105483475465642
"pgaptmp_001666",12493.8588929867,0.199030772971315,0.0780918084971749,2.54867670248046,0.0108132491260048,0.0226615502516835
"rpsB",74251.0080924011,0.00793557402117057,0.083049412314961,0.0955524404083112,0.923876039341024,0.949936139501653
"tsf",22186.1543914326,-0.387295193911224,0.108744443101503,-3.56151710253112,0.000368718085277981,0.00106056314791704
"pyrH",10304.2276860317,-0.572769179504997,0.129776216376702,-4.41351424395375,1.01706023097827e-05,3.82760179949558e-05
"frr",7722.90764076019,-0.208280462268244,0.0874206878711851,-2.38250770315542,0.0171951722244208,0.0342614727084016
"pgaptmp_001671",2450.89747910633,-0.762334618098833,0.150448438040591,-5.06708230425865,4.03959649595673e-07,1.90804291344555e-06
"pgaptmp_001672",1595.14449288398,-0.912213453789654,0.136596795361212,-6.6781468143336,2.41982564923667e-11,2.17026290758045e-10
"dxr",2634.89695063878,-0.522819537154373,0.127891590014628,-4.08798996943092,4.35126962474463e-05,0.000148038624710233
"rseP",10771.173038226,-0.0286532254212149,0.0828846760665942,-0.345699914399053,0.729568248600914,0.802676033488798
"pgaptmp_001675",33928.1342078388,0.251108578806177,0.0822527404396143,3.05289012212946,0.00226648911016794,0.00548853120887774
"pgaptmp_001676",18408.30107735,0.292944946646213,0.10655290749502,2.7492909722797,0.0059724342246578,0.0131690759384931
"rimP",5566.81460610261,-1.09994514163274,0.157475005631809,-6.98488713951543,2.85085063353407e-12,2.88338751576462e-11
"nusA",21244.479792137,-0.549588249315189,0.0896366313447067,-6.1312907577003,8.71689271863892e-10,6.20349420626655e-09
"rulR",5696.75200319414,-0.538960589473739,0.0975033232911709,-5.5276125087989,3.24618048827702e-08,1.80332593692046e-07
"pgaptmp_001680",5669.24719436739,-0.514110961159034,0.103229829490973,-4.9802558397521,6.35002705818297e-07,2.92509909784122e-06
"infB",69038.5287944478,-0.0322379841890029,0.0918281646138973,-0.351068589082135,0.725536892275016,0.800336487582192
"pgaptmp_001682",11312.8518559117,0.141446436384016,0.107154899940701,1.32001837024991,0.186828884710955,0.275724468237183
"rbfA",11841.8958001451,0.0710754894149901,0.101089646602746,0.703093657991474,0.481997384207439,0.585889700855678
"truB",1452.47907238602,-1.17589404008414,0.438834433267223,-2.67958471565081,0.00737135481405295,0.0159512689638983
"ribF",5183.97753442227,0.143813062432615,0.096620300984978,1.48843525601286,0.136636144625236,0.210926944870538
"rpsO",61629.2349236401,0.119207053281875,0.0876407562931998,1.36017828147297,0.173773513636066,0.258714007101375
"pnp",37897.9590243263,-0.521856502469361,0.0939645664059846,-5.55375842649687,2.79591809737555e-08,1.56252359736213e-07
"pgaptmp_001688",221.237728404829,-1.72596789195685,0.296279640139258,-5.82546911136251,5.69523928781454e-09,3.55070027290548e-08
"pgaptmp_001689",1223.1108224764,-0.953867977862711,0.169139325848292,-5.63953990639807,1.70505134526095e-08,9.85434954512615e-08
"pgaptmp_001690",10.3556310209289,-0.337953843825279,1.08603489711352,-0.311181385352807,0.75566273336031,0.824461517561172
"dpaA",15.9013551635937,0.831688310124862,0.938121373884332,0.886546595438094,0.375323057127549,0.481873893973348
"dpaB",12.5530438747219,-0.146377285145388,1.06254248486031,-0.137761348116477,0.890429032762531,0.927561393770541
"asd",16356.4847056562,-0.291167457358718,0.0815178741960232,-3.57182348325911,0.000354504325348887,0.00102363467722929
"dapG",10588.2154564027,-0.113165808689799,0.0810058417421106,-1.39700799665871,0.162411166426328,0.244932885510046
"dapA",15624.9319555695,0.227698513422621,0.079292039594664,2.87164404632043,0.00408342632514219,0.00934819963684685
"rnjB",26501.6467913562,-0.395457324692005,0.0828057067185792,-4.77572549481394,1.79060514632067e-06,7.57344585750628e-06
"pgaptmp_001697",135.354006415393,-0.150207778237913,0.313532253867115,-0.479082379516768,0.631880024519865,0.717905204903217
"pgaptmp_001698",28.3225083455423,1.05083813563778,0.755700768382331,1.39054792532132,0.16436255682768,0.247136022126873
"pgaptmp_001699",9575.29881550504,0.0172359854980432,0.083191264576187,0.207185040230497,0.835865350009706,0.886603258118019
"pgaptmp_001700",2279.34843424061,-0.656990281052761,0.10984574121585,-5.98102642652075,2.21735893149889e-09,1.46070972443166e-08
"pgaptmp_001701",117.397929222823,-0.976374182203039,0.350195498571173,-2.78808318835258,0.00530209268849373,0.0118169993931579
"pgaptmp_001702",27.3173360652052,-1.0605424792192,0.815625137905684,-1.30028174700746,0.193504421678893,0.283552542318441
"pgaptmp_001703",2989.2216112293,-0.258157127428127,0.0936723656313926,-2.75595823472628,0.00585204688777477,0.0129383271145692
"pgaptmp_001704",3969.92743784558,0.788928749282906,0.114769422557793,6.87403257505834,6.24119463203755e-12,6.01806383949321e-11
"pgaptmp_001705",8210.12488074142,0.631247165133795,0.100550767362843,6.27789505430529,3.43187421780408e-10,2.59096061636243e-09
"pgaptmp_001706",893.195125770827,0.440562441478666,0.152487160544812,2.88917729141659,0.00386251234960329,0.00888521073252377
"pgaptmp_001707",391.072986566358,0.875218238982327,0.194466873329451,4.50060323384538,6.77608853327042e-06,2.63813823439671e-05
"pgaptmp_001708",4477.83094189224,0.58173668924645,0.0949315789151679,6.12795758686682,8.9014305173671e-10,6.31069035916959e-09
"pgaptmp_001709",4949.65888277552,0.673887365494766,0.108107886577736,6.23347090418053,4.56212122120512e-10,3.38251298512459e-09
"pgsA",1860.51936175904,0.510330804576376,0.147804469598725,3.45274270772647,0.000554918017599359,0.00155060425037899
"pgaptmp_001711",8779.85527304369,0.299676331029759,0.0768477540557345,3.89961079164937,9.63474421899548e-05,0.00030781560500516
"recA",23690.005261054,1.55443304115241,0.114938602688845,13.5240293929836,1.12822905593353e-41,8.2338598944796e-40
"pgaptmp_001713",1072.12859737875,0.0492919184070177,0.147633658319976,0.333879949653378,0.738470150305487,0.810593028893254
"rny",197240.452382494,-0.122470177686218,0.0739581935411044,-1.65593792685257,0.0977343899840517,0.160603708397634
"pgaptmp_001715",2394.47529082091,-0.018174391296691,0.102833183774665,-0.176736639181725,0.859715259969426,0.903404911802993
"spoVS",1371.32665457518,0.158814072073956,0.165195883778049,0.961368215974032,0.336367059574533,0.441141013296833
"tdh",24894.8057000364,1.74879592950795,0.106672713114095,16.3940325361133,2.10972728230256e-60,3.56927497487733e-58
"pgaptmp_001718",32738.4605410928,1.65865831209057,0.10368144730327,15.9976384901241,1.32714398145243e-57,1.89985765344844e-55
"miaB",30856.1328895833,0.113757763838991,0.0779372902852431,1.4596063504729,0.144398292935685,0.220631316520844
"pgaptmp_001720",20647.8763734006,0.507273476737232,0.107017040258284,4.74011872794218,2.13593022044797e-06,8.95262644201279e-06
"cotE",39.1977514340035,-0.147341990593038,0.569699563424223,-0.258631040029991,0.795919931401428,0.856189012912172
"mutS",3441.97701609562,-0.0807971879239368,0.0961846397376729,-0.840021734700023,0.40089620025488,0.506637152820111
"mutL",7033.09622565145,0.43952649309742,0.107166761819473,4.10133221938553,4.10778300256395e-05,0.000140784238817155
"pgaptmp_001724",1085.43281676948,0.527489171359462,0.197594173060081,2.66955833358038,0.00759510789045562,0.0164259102662846
"pgaptmp_001725",22.5213298981959,-0.765326607153553,0.776839737456653,-0.985179529640446,0.324535893797229,0.428949785764661
"pgaptmp_001726",1784.6705705312,-0.948587035582618,0.177025667332933,-5.35847173957327,8.39288614622326e-08,4.41843313101032e-07
"pgaptmp_001728",6071.90152616446,0.616704770038103,0.094370296213083,6.53494579105291,6.36325848524005e-11,5.31032468207701e-10
"pgaptmp_001730",854.007716039889,1.14503150160909,0.160181353920566,7.14834450816862,8.78306619017763e-13,9.61487422348269e-12
"pgaptmp_001731",8566.25623310304,0.15592722734406,0.0965873179050555,1.61436543353792,0.106448184786335,0.172111270101972
"pgaptmp_001732",4623.1543736269,0.0205316774079364,0.107858498913065,0.190357529678631,0.849028975526115,0.89571594300119
"pgaptmp_001733",4400.52839651254,0.0541963156375178,0.0982771618013372,0.551463988623045,0.581315646282821,0.675298637785475
"pgaptmp_001734",115725.47892882,0.180057596724056,0.111422817585501,1.61598495376306,0.106097566335652,0.171693539957086
"pgaptmp_001735",143062.918569567,0.498585145163883,0.119922552023033,4.15755949780091,3.21665515140165e-05,0.000111061136117968
"pgaptmp_001736",80811.9920750793,0.396889089058759,0.115825680602077,3.42660700973806,0.000611172893754348,0.00169129034241909
"pgaptmp_001737",116084.11217971,0.635723512640506,0.130162278542585,4.88408408149154,1.03910729824946e-06,4.5715808086105e-06
"pgaptmp_001738",54053.5965854129,0.434029169138831,0.119816229688328,3.62245724362927,0.000291817706716847,0.000855906622852721
"pgaptmp_001739",6243.60519351515,0.441290463583533,0.0938454044385174,4.70231298190678,2.5723079401247e-06,1.0697352126418e-05
"pgaptmp_001740",9.91497158843858,-2.55701190845254,1.49597479990969,-1.70926135159958,0.0874025489163212,0.14522869958328
"pgaptmp_001741",915.085662286379,-1.0575137355511,0.148799843760904,-7.10695460978004,1.18631427468569e-12,1.26763406500106e-11
"pgaptmp_001742",5.10565356067158,0.125666723397481,1.78411613409056,0.0704364032118002,0.943846317614684,0.964049394665711
"pgaptmp_001743",39.9100071503345,-0.476969097008002,0.531222078931366,-0.897871372303459,0.369254128477655,0.475723950858118
"pgaptmp_001744",313.633319495157,2.13303231200359,0.204798960811537,10.4152496846235,2.11242546802112e-25,7.28004406664315e-24
"pgaptmp_001745",560.633340976818,2.00494525214356,0.19033904622968,10.5335468042864,6.05106198957923e-26,2.18660706070038e-24
"pgaptmp_001746",364.649156645057,1.62356220439079,0.214653121507697,7.5636552265678,3.91897638280858e-14,5.15421558191291e-13
"pgaptmp_001747",135.76197345493,-1.25206862145808,0.326277296519556,-3.83743715794528,0.000124325035709182,0.000388528784978652
"pgaptmp_001748",110.476850036004,-0.954981669754286,0.323921286963703,-2.94819052710573,0.00319639998382777,0.00752498465515937
"pgaptmp_001749",19.3844081942048,0.460903252945607,0.918692895062943,0.50169458741055,0.615882372439156,0.705544533769941
"pgaptmp_001750",55.6371077823576,-0.549656927404756,0.530291692188558,-1.03651808146621,0.299960508380184,0.404219048584737
"miaA",2139.84247000109,0.198265056428121,0.102489292897276,1.93449530993291,0.0530522581569792,0.0935831776588988
"hfq",1108.34628769687,0.162306610446392,0.130830601186665,1.24058598656761,0.214758731362239,0.309219341636462
"pgaptmp_001753",63.9082422707352,-0.0777804375828734,0.480157782106139,-0.161989330344083,0.871314256050904,0.911988656080277
"pgaptmp_001754",509.444159884969,0.168147726888397,0.18727401279911,0.897870048145817,0.369254834505401,0.475723950858118
"nrdI",886.39064202536,-0.772690393041521,0.185764548532198,-4.15951482210607,3.18924325437403e-05,0.000110421985049117
"nrdE",11060.6115183137,-0.154282236997164,0.076153137393055,-2.02594722001873,0.0427701935998463,0.0773521188428706
"nrdF",6738.21650914456,-0.0889093678557066,0.086235531624008,-1.03100620105593,0.302537911860394,0.406955586535738
"pgaptmp_001758",563.130042121541,0.015169709146488,0.170407939347987,0.089019967053942,0.929066041702698,0.952875119100976
"pgaptmp_001759",11.2695745698035,-0.797745798990884,1.15228296330708,-0.692317620232214,0.488737887050366,0.591303282259967
"spoVK",59.0177067266775,0.339553572367439,0.486486593158204,0.697971079044756,0.485195280879292,0.588623479606495
"hflX",2536.85941744973,-0.461014613038993,0.121007289777971,-3.80980859818347,0.000139074416821056,0.000432443591819525
"pgaptmp_001762",5135.67560015515,-0.276827276961067,0.0913561220189471,-3.0301995185791,0.00244392234068967,0.00589137237826876
"pgaptmp_001763",7437.83927256121,1.42622333729372,0.0946057424439956,15.0754415160159,2.34940056729142e-51,2.73264653483083e-49
"glnA",69147.6048733601,0.680984753051741,0.107239486747251,6.35013066275422,2.15132121010858e-10,1.67515011381258e-09
"pgaptmp_001765",16.3984852611745,0.213741782605424,0.939936242503948,0.22740029902031,0.820112487792956,0.873628700505261
"pgaptmp_001766",4283.26044904674,-0.416351338472229,0.150515728685771,-2.7661649855972,0.00567198305390458,0.01256614340871
"pgaptmp_001767",448.272130036426,-0.425954822748445,0.226405855324463,-1.8813772379606,0.0599206209568927,0.104412243071889
"pgaptmp_001768",128.321289718139,1.19769382968864,0.357705006288298,3.34827248328567,0.000813170176668282,0.00217742402702111
"pgaptmp_001769",325.513308266947,0.361309935156382,0.216917353027529,1.66565712753524,0.0957817257082681,0.157673411360537
"pgaptmp_001770",3492.43822210025,0.634201853382241,0.116818785096332,5.42893724548893,5.66906115332439e-08,3.05358113063291e-07
"pgaptmp_001771",3849.71407436993,0.769700592672718,0.100818288594335,7.63453341059755,2.26639712609145e-14,3.03436334651525e-13
"pgaptmp_001772",645.099592664273,-0.370190309826024,0.150415753082938,-2.46111396072926,0.0138506363555714,0.0283253123711192
"pgaptmp_001773",246.68543862546,-0.630554516636661,0.227556589656697,-2.7709789357801,0.0055888042127758,0.0123966205482429
"xynB",441.47712886027,0.394998113058489,0.2184714386569,1.80800801920299,0.070605252498472,0.120381470361573
"pgaptmp_001775",1876.61675987712,-0.256335260587216,0.112554540642578,-2.27743153784635,0.0227604685777706,0.0439846646139471
"xylA",379.328776923708,0.981703289656051,0.218902292409199,4.48466427122166,7.30288266845301e-06,2.81380220413893e-05
"xylB",203.042948561122,0.830475129775266,0.294545424452979,2.81951461754193,0.00480963403196101,0.0108493684042175
"ppsA",622.98795645486,-0.888874748829823,0.163529293025538,-5.43556895761182,5.46218552909291e-08,2.95264574457126e-07
"pgaptmp_001779",67.9989187377527,0.0257947403586756,0.628418057241185,0.0410471024208263,0.967258345180084,0.980731199794662
"pgaptmp_001780",1158.60043181796,-1.27539985541528,0.21074607714509,-6.05183200889294,1.43207769793197e-09,9.65614708641812e-09
"pgaptmp_001781",6222.49998269423,-1.2276935068155,0.111357824955998,-11.0247619087443,2.90285636412691e-28,1.28624183181909e-26
"pgaptmp_001782",400.814936693057,-1.10290158668411,0.237507502706397,-4.64364945998147,3.42308156003982e-06,1.39242727502385e-05
"adhP",10325.5284442289,0.624695412035072,0.0889746968720194,7.02104569048017,2.20213820205933e-12,2.2767662189069e-11
"pgaptmp_001784",5.96474936051657,-0.130213867774851,1.74914847053498,-0.0744441480916855,0.940656981138766,0.961583434166022
"pgaptmp_001785",380.34741199698,-0.322748906466271,0.205054704176508,-1.5739648976229,0.11549556486806,0.183628574301119
"pgaptmp_001786",979.241724195728,0.177731627273125,0.139813526286209,1.27120481110887,0.203655795451552,0.296188167133087
"pgaptmp_001787",473.078954854115,0.231001228125024,0.178433950460758,1.29460356355124,0.195457022446726,0.286075909377394
"pgaptmp_001788",170.009561664975,-1.7280609977707,0.383068070912605,-4.51110684754759,6.44902237399163e-06,2.52932152539482e-05
"pgaptmp_001789",324.558050419056,-0.0918350764407931,0.243430245939297,-0.377254174338276,0.705984724018988,0.78251195437721
"pgaptmp_001790",11177.3131029068,0.45763480354265,0.121242032866665,3.77455567778158,0.000160293105881633,0.000491442290025897
"pgaptmp_001791",5.13444079193374,-5.53968155022228,2.04550651432011,-2.70821995013962,0.00676451750449434,0.0147842243991356
"pgaptmp_001792",56.5644766765881,0.59315648312662,0.70663180408024,0.839413793296043,0.401237146280977,0.506637152820111
"pgaptmp_001793",339.890913673584,1.55896507277352,0.271720641623159,5.7373818325352,9.61513200287180e-09,5.83809483110748e-08
"pgaptmp_001794",12111.7558251625,0.941184713253822,0.108577143547269,8.66835028538095,4.38426169107277e-18,8.82066054820153e-17
"pgaptmp_001795",3.29519964468308,-0.058793620682131,1.9588494217432,-0.0300143645701006,0.976055597061948,0.985129538146577
"pgaptmp_001796",326.980341275492,-0.244685422075319,0.243295570434429,-1.00571260561139,0.314553837622097,0.418430801868994
"pgaptmp_001797",58.1675670559087,-0.573157534245032,0.578714138758934,-0.990398360534584,0.321979446474846,0.426176209025383
"pgaptmp_001798",212.511612385542,0.0212318343777792,0.419025796499763,0.0506695161852433,0.95958886799438,0.975844198545105
"pgaptmp_001799",11989.0668312939,-0.746556896985596,0.125156664775838,-5.96497915890233,2.44665268279435e-09,1.59482334244493e-08
"pgaptmp_001800",5.03483118315124,1.0741820183536,1.45843508695913,0.736530564821572,0.461407873719193,0.569039133857798
"pgaptmp_001801",1061.82372603431,-0.48553704088655,0.12688676692436,-3.82653804376612,0.000129958072479444,0.000405791900812492
"pgaptmp_001802",14.0386750051078,0.224653681693049,0.857874459488224,0.261872444398297,0.793419784633141,0.853993186351807
"lexA",3552.23419001724,0.593850692205435,0.136219070652037,4.35952682221998,1.30343977636757e-05,4.83207454944232e-05
"yneA",371.493668618987,-0.173796791445977,0.214870172182606,-0.808845591179945,0.418603968272655,0.524947429215237
"pgaptmp_001805",1068.39210214399,1.8102907625035,0.168428422758224,10.7481310627847,6.0474521797721e-27,2.42028139925933e-25
"pgaptmp_001806",557.53704132709,1.74009502435114,0.202570257196605,8.5900815274292,8.69076361238517e-18,1.69502334950794e-16
"tkt",35467.6998051308,0.0231136321416243,0.0766024919890059,0.301734728746704,0.762854291722778,0.829974765797187
"sirA",63.9321115560527,-0.804394334667961,0.420664191127205,-1.91220063802559,0.0558504643199636,0.0980544472636343
"pgaptmp_001809",968.692840842072,-0.2018775649989,0.132645519006402,-1.52193279133053,0.128025921753921,0.200047221145296
"pgaptmp_001810",74.0016167565365,-0.362141565583456,0.585691674283465,-0.618314347777779,0.536368145881687,0.637222338179807
"pgaptmp_001811",295.379749114541,-0.76764799871629,0.297952066937638,-2.57641440989553,0.00998309177081837,0.0210640972624637
"pgaptmp_001812",752.28842625878,-0.246039544416998,0.151715871574587,-1.62171262547202,0.104864894206777,0.170142605160254
"pgaptmp_001813",2204.82726176295,-0.319000347368323,0.109065770437303,-2.92484384504212,0.00344629111097902,0.00806228505032302
"pgaptmp_001814",694.675514764417,0.583988620863092,0.151282927491164,3.86024140693075,0.000113275060546168,0.000356993882601896
"pgaptmp_001815",0,NA,NA,NA,NA,NA
"pgaptmp_001816",0,NA,NA,NA,NA,NA
"sspO",1.53149979899173,4.41002625201615,4.09124402726847,1.07791816440744,0.281070278433461,0.383905899570401
"acnA",146192.963020192,0.363683868392644,0.0804271794483747,4.52190255690974,6.12862730733975e-06,2.41383606750461e-05
"pgaptmp_001819",1691.74009689013,0.423838547843931,0.398233376481866,1.0642968994419,0.287194222139233,0.390407923594677
"pgaptmp_001820",0.814759247456291,0.149003152915235,4.99745499511461,0.02981580685787,0.976213952321811,0.985129538146577
"pgaptmp_001821",0,NA,NA,NA,NA,NA
"tlp",0.716899357070266,3.77271893793166,4.83279834152417,0.780648947322271,0.435008994934264,0.541144210944295
"pgaptmp_001823",177.835555451168,-0.232177078627674,0.274717763372914,-0.845147673659918,0.398028393450791,0.503898530756409
"pgaptmp_001824",163.493408182456,0.38698584975031,0.280180836898782,1.38120027776958,0.167217389404884,0.250657721854603
"pgaptmp_001825",1671.0659666022,-0.0801304122581235,0.123912603538252,-0.646668780818466,0.517846332367382,0.62014930793803
"plsY",4058.25919926016,-0.175317971918574,0.106754529227489,-1.64225324384111,0.100537532510314,0.164267206322822
"pgaptmp_001827",3729.73714073904,1.1418878011694,0.110853474764387,10.3008751290514,6.98231770229924e-25,2.2796654813998e-23
"parE",4613.92226084891,0.118748519743667,0.113713640612143,1.04427682646005,0.296357331163196,0.40116153769059
"parC",8291.62418346745,-0.299148266817729,0.0884665030937347,-3.38148628414493,0.000720948319341884,0.00195296189562627
"pgaptmp_001830",1294.94322207523,-0.454031830335182,0.154337104729561,-2.94181902097207,0.00326290558877689,0.00766216694096379
"pgaptmp_001831",2770.53175451223,-0.508907660329913,0.110169586666852,-4.61931169687356,3.85015110689813e-06,1.55594597392778e-05
"pgaptmp_001832",2881.22314200625,-0.979450949321013,0.135261364840227,-7.24117304655291,4.44820403509869e-13,5.06306281915515e-12
"pgaptmp_001833",1039.68332890062,-0.937924527977138,0.202128183445063,-4.6402461645437,3.47994391853475e-06,1.41247014883166e-05
"pgaptmp_001834",818.279437086856,-0.36080469400462,0.179804605493994,-2.00664878974233,0.0447870723694309,0.08080343352352
"pgaptmp_001835",2022.62078987561,-0.168044884481285,0.123318637753779,-1.36268845928064,0.172980716532351,0.257636745471552
"pgaptmp_001836",34.3652337286305,0.0536037517963331,0.591828993111963,0.0905730412335381,0.927831853843388,0.952134039152217
"pgaptmp_001837",1782.77990700114,1.11559200755975,0.124259905490496,8.97789196890285,2.76003892247645e-19,6.11480051753414e-18
"pgaptmp_001838",3667.11845331513,0.317783456252562,0.100333197680402,3.16728125485263,0.00153871422093925,0.00383853507395167
"pgaptmp_001839",3215.05087897494,-0.348520395284397,0.142082574270047,-2.45294257283083,0.0141692957361641,0.0288817736747003
"pgaptmp_001840",6078.48858195568,0.276436985956767,0.115193039896428,2.39977160256657,0.0164053043598264,0.0328812831595444
"pgaptmp_001841",9784.73889055238,0.232877783258194,0.114048878839673,2.04191207864101,0.0411602534227776,0.0746945213259767
"pgaptmp_001842",6496.02679322682,0.0830607538214557,0.115554820091064,0.718799559862574,0.472264428906133,0.577263778124344
"pgaptmp_001844",1792.97968887732,0.876208811399561,0.177077027198618,4.94817890982982,7.49110389462504e-07,3.40023032875542e-06
"pgaptmp_001845",1186.72116925732,0.843385236324078,0.158576948323392,5.31846050287291,1.04648930793353e-07,5.4172923562289e-07
"pgaptmp_001846",872.495144728615,0.978010508238749,0.209792761416081,4.6617933890439,3.13465799940709e-06,1.28850378430915e-05
"pgaptmp_001847",1180.66572017611,-0.184363172856173,0.150739227318187,-1.22306035486709,0.221306901121824,0.316201261410913
"pgaptmp_001848",196.362563679227,0.593536192893233,0.332883191137989,1.78301641144505,0.0745836318563857,0.126124615070181
"bioB",146.876965397729,0.35877507429459,0.329610885628305,1.08848065988686,0.276382969945792,0.378894075189038
"bioD",59.49342703667,1.70578988374953,0.604967941492628,2.81963682164853,0.00480780296710859,0.0108493684042175
"bioF",72.0033674528793,0.309344743100633,0.53998266768339,0.572879023002294,0.566726608741137,0.662694451063308
"bioA",66.7720755792218,-0.0897014794481263,0.490877683387727,-0.182736927107917,0.855004439944445,0.900857776728075
"pgaptmp_001853",7.5480346928503,-2.84352798117999,2.21023748150632,-1.28652599775933,0.198259551643367,0.289722046021442
"pgaptmp_001854",27.2177419590239,-2.30539187020552,0.911306087972399,-2.52976678267878,0.0114138365417958,0.0237729712415019
"galU",19753.8737410296,0.124611897978232,0.091032217512426,1.3688768809924,0.171037763577444,0.255227417775741
"pgaptmp_001856",2622.21597040554,-0.508182631504075,0.10015652589495,-5.07388437211856,3.89775957469309e-07,1.8504414715571e-06
"pgaptmp_001857",126.988422717969,0.207720128732469,0.353227987606215,0.588062486611448,0.556490351542588,0.655521287890268
"pgaptmp_001858",55.0882628655268,1.74585379386147,0.595841172174868,2.93006572118701,0.00338890320834895,0.00794350788279072
"pgaptmp_001859",51.3493771993916,0.904988450867715,0.576605433417055,1.56951079268298,0.116528966654151,0.184719256340183
"pgaptmp_001860",6.50649186689926,-0.0235723655120371,1.73341260702629,-0.0135988197019497,0.989150046125562,0.992082045723348
"pgaptmp_001861",49.8966423263413,-0.433435309354809,0.620170112626571,-0.698897448506678,0.484616122163434,0.588112555165407
"pgaptmp_001862",57.6335687424729,-0.39428042712892,0.547113318976685,-0.720655874118324,0.471121267572988,0.576623925651647
"pgaptmp_001863",13.4670746289212,-1.67683139756556,1.07787231212464,-1.55568649338463,0.11978265988659,0.18915543061199
"pgaptmp_001864",166.243945245289,0.517174523377739,0.274008507249797,1.88743965860251,0.0591012151932593,0.103129265330198
"pgaptmp_001865",1357.1487166016,0.559502164674887,0.164217617950923,3.40707758190778,0.000656624600284049,0.00180236015688311
"pgaptmp_001866",12326.675981042,0.655953815833701,0.145278650448778,4.51514254714925,6.32741899558746e-06,2.48424614995533e-05
"pgaptmp_001867",30811.7723437887,0.554771520884316,0.122067157968933,4.54480574558399,5.49859399525621e-06,2.17720923939826e-05
"pgaptmp_001868",24147.6170196817,0.358597327429645,0.114998227501487,3.11828569205562,0.00181906380316513,0.00448565091174637
"pgaptmp_001869",14559.402134091,0.0842616543396602,0.103104930400102,0.817241755682097,0.413790284544026,0.519786513355674
"pgaptmp_001870",23517.1153813691,0.606127745930908,0.111240263763235,5.44881615186561,5.07061936373914e-08,2.75918790523934e-07
"dacB",6772.53851914061,0.459542040324778,0.0846844444460402,5.42652246620797,5.74625953545725e-08,3.09069046112311e-07
"pgaptmp_001872",3364.09269753322,0.215249929023595,0.101254680199219,2.12582696029547,0.033517670301999,0.0620733934664492
"pgaptmp_001873",2579.07899844473,-0.321952201737113,0.121988184849824,-2.63920806866222,0.0083099960438316,0.0178244655651548
"pgaptmp_001874",57660.6198763899,-0.187923439392472,0.0907508413792642,-2.07076250243352,0.0383809960375367,0.0701296353714834
"pgaptmp_001876",74.9499970941166,-0.352025864658776,0.456374782407095,-0.771352577375238,0.440497975883915,0.546511155413311
"pgaptmp_001877",139.979080567961,0.64325535564119,0.316939193315808,2.02958601904508,0.0423986372253728,0.0767547313972944
"ggt",2253.31317645761,1.29736624271728,0.134050697995665,9.67817595966,3.73316786873849e-22,1.0447256246199e-20
"pgaptmp_001879",64.1479860267469,-0.0551326799056199,0.553361912942549,-0.0996322273292124,0.920636307405599,0.9486734042535
"pgaptmp_001880",492.704565354747,-0.0764773321752349,0.250110685039195,-0.305773950294247,0.759776763751364,0.827790035608037
"thrS",16161.6343028117,-0.00422152536087494,0.0833005406063202,-0.0506782468654788,0.959581910857566,0.975844198545105
"pgaptmp_001882",330.749350114856,-0.346790492079036,0.241012474937889,-1.43889021582143,0.150181630084517,0.228433194595248
"pgaptmp_001883",157.948718965151,0.00786772551941475,0.364698534874735,0.0215732304000539,0.982788387607158,0.988406304896108
"gltD",5285.00167114665,0.859787280086342,0.129217342613744,6.65380716469626,2.85606830970512e-11,2.52500861014786e-10
"gltB",11480.5628492381,0.636291561819655,0.124314966881202,5.1183825872528,3.08166988124763e-07,1.48960718155892e-06
"pgaptmp_001886",533.305377538179,-0.642119334926112,0.278665614868526,-2.30426468378262,0.0212077901458004,0.0412842023654126
"proC",939.653647635606,-0.868395648041553,0.179067963049249,-4.84953105655598,1.23753693440003e-06,5.34972412292325e-06
"rtp",478.741897136364,-0.32485618188528,0.183897505806713,-1.7665067313459,0.0773108732666798,0.13014521496996
"pgaptmp_001890",5816.55652408853,-0.701594289400283,0.145905421161069,-4.80855532177775,1.52024959143247e-06,6.48895525150421e-06
"pgaptmp_001891",21.2932080135404,1.24981748657928,1.08826074687403,1.14845407239883,0.250781162469988,0.34945993512291
"pgaptmp_001892",63.247741264635,-0.0445157726849468,0.453319932532609,-0.0981994602272306,0.921773911070233,0.949006181710189
"pgaptmp_001893",384.761209143166,-0.925036619844805,0.205268677249119,-4.50646748564642,6.59157803381042e-06,2.57438126357213e-05
"pgaptmp_001894",977.908747185681,-0.282859211860127,0.175239553272261,-1.61412881155125,0.106499489141244,0.172119452272562
"pgaptmp_001895",398.585556603487,-0.40171371152176,0.1885280689761,-2.1307899333159,0.0331064520555071,0.061426826794914
"pgaptmp_001896",2644.48925255256,-0.160506826690153,0.132193710943619,-1.2141789919084,0.224679380919734,0.320036990349502
"pgaptmp_001897",646.704667022448,-0.108703643981443,0.18583923133959,-0.584933779578572,0.558592244149819,0.656788259184685
"pgaptmp_001898",200.092229958215,-0.705311570030056,0.255310790263758,-2.76256075703424,0.00573498869326913,0.0126981724665959
"pgaptmp_001899",2310.51539845711,0.132844338247357,0.108751054707243,1.2215452862041,0.221879630113594,0.316776364895588
"pgaptmp_001900",920.164438603362,0.20759264995152,0.132958583910662,1.56133318997296,0.118445156432854,0.187278195515329
"pgaptmp_001901",327.915804395344,-0.0499085770390713,0.216210002381824,-0.230833802734683,0.817443919519782,0.871284727506481
"pgaptmp_001902",427.010902455848,-0.0139322939351557,0.183279732929918,-0.0760165551991671,0.939405927162914,0.960832333305954
"pgaptmp_001903",557.073920674392,-0.320324652004259,0.179545225901975,-1.78408894135199,0.0744092139443507,0.125944108367837
"pgaptmp_001904",679.753633126452,-0.724188722839168,0.224765783778133,-3.22197049153183,0.00127312246270871,0.00324781480891147
"pgaptmp_001905",132.264271396898,-0.00669729786891659,0.401632518505665,-0.0166751882886249,0.986695741286802,0.990688305656724
"pgaptmp_001906",44.7805253443282,-0.349293883685568,0.564933728800251,-0.618291785175161,0.536383015990686,0.637222338179807
"pgaptmp_001907",39.6728936275436,-0.90415478837931,0.584920730937316,-1.54577319721671,0.122159352293751,0.192090033475852
"pgaptmp_001908",696.702639164981,0.449394890348088,0.170552526108544,2.63493541023298,0.00841532948959919,0.0179907273752373
"pgaptmp_001909",1455.28824850623,0.381388913881597,0.144304582729559,2.64294388069683,0.00821886564307051,0.0176518279997163
"pgaptmp_001910",1218.27240522151,-0.149969923314665,0.204719131598779,-0.732564280355511,0.463824223729138,0.570920544059866
"pgaptmp_001911",379.702720016977,-0.129007539774414,0.22430227272647,-0.575150390614789,0.565189590728325,0.661312686793721
"pgaptmp_001912",5.93139531328471,1.23078260027544,1.67941156178602,0.732865384686603,0.463640537329764,0.570920544059866
"pgaptmp_001913",1.43630225424239,0.149025495061635,4.07214886325826,0.0365962787869192,0.970806910642349,0.98287605060632
"pgaptmp_001914",1.841105020966,0.37505905968377,3.3298027381153,0.112637020623046,0.910318333589745,0.94325864880379
"pgaptmp_001915",3.73647897237783,-0.0561038645708597,1.94054003770124,-0.0289114697356723,0.97693519792041,0.985407264677443
"pgaptmp_001916",10.2145672791538,-1.26427423160867,1.33143401332934,-0.949558310026398,0.342336730378311,0.44766461296713
"pgaptmp_001917",267.78359253924,-0.824033529288712,0.297061854735121,-2.77394595150384,0.00553808782852837,0.0122987845452163
"pgaptmp_001918",116.956904107416,0.150315022330378,0.504185844677166,0.2981341581032,0.76560077192549,0.831836942813151
"pgaptmp_001919",24.041776830287,-0.792096164570321,0.775292042567063,-1.02167457045943,0.306934950667881,0.410939527476925
"pgaptmp_001920",187.591513203669,-0.503692765944005,0.279183979340486,-1.80416070841125,0.0712061169466863,0.121017884600715
"pgaptmp_001921",0,NA,NA,NA,NA,NA
"pgaptmp_001922",3.04370176358995,-4.32010867499812,2.49663262198028,-1.73037419961752,0.0835634403972772,0.13953482510483
"pgaptmp_001923",0,NA,NA,NA,NA,NA
"pgaptmp_001924",3.62786313007266,2.64183422025032,2.5421972677073,1.03919324192842,0.298714872872624,0.40327049576783
"pgaptmp_001925",1.88754660650382,3.48084362842071,2.88414136104579,1.20689078400739,0.227474207353744,0.323379796138962
"pgaptmp_001926",1.80503523061602,-3.04250925437004,2.57333683214387,-1.18232064157544,0.237078498263533,0.333824697657291
"pgaptmp_001927",28.2987732320173,-0.54029572873006,0.897503894507371,-0.601998199714356,0.547175335753921,0.646740742990186
"pgaptmp_001928",5.91326337972727,-1.39249998339219,1.92437559095946,-0.723611331350296,0.469304382795833,0.575096679529119
"pgaptmp_001929",28.3863450719719,-0.770262640531191,0.756693901136403,-1.01793160929989,0.308710458619088,0.413019528030282
"pgaptmp_001930",29.7166780008364,-1.52106206948875,0.712642253839993,-2.13439781502244,0.0328102302994252,0.0609988397474829
"pgaptmp_001931",9.52340715786199,-1.24270246325322,1.36391762087798,-0.911127214892398,0.362228348520591,0.46796734230949
"pgaptmp_001932",21.4598941714539,-0.673351334843601,0.761418267995893,-0.884338297550846,0.37651362032753,0.482902720488997
"pgaptmp_001933",1.92205137613876,-0.1565569077514,2.86799368084826,-0.0545876055435016,0.956467013379243,0.973201264023385
"pgaptmp_001934",2.50362302718577,-2.50183959731967,2.41026486364404,-1.037993639229,0.299273016419525,0.403877508017938
"pgaptmp_001935",8.59121234227434,-1.59805064173313,1.19573515451999,-1.3364586929575,0.181399393260217,0.268563461302517
"pgaptmp_001936",0.272278470942582,-2.24051707389465,4.89630209866478,-0.457593716389689,0.647244358737294,0.731120941796725
"pgaptmp_001937",0,NA,NA,NA,NA,NA
"pgaptmp_001938",0,NA,NA,NA,NA,NA
"pgaptmp_001939",132.696247601932,0.958578678875995,0.362009654418706,2.64793678062323,0.00809846681804896,0.0174722752796557
"pgaptmp_001940",0.534073669657264,-1.33573758284686,4.99039497465462,-0.267661696044271,0.788959736394245,0.851022423609073
"pgaptmp_001941",1.47641188316884,-4.67275915640698,4.80559411742265,-0.972358264603731,0.33087234716384,0.435315261980845
"pgaptmp_001942",1092.89825729078,0.182529622898811,0.161789281578564,1.12819354358883,0.259238190031109,0.35962897625635
"pgaptmp_001943",104.85273000983,1.06709441657656,0.375551395279858,2.84140714157478,0.00449149300857638,0.0101872863972707
"pgaptmp_001944",1298.26439701251,0.141240207230524,0.125001557631486,1.12990757800724,0.258515170470718,0.358759681018647
"pgaptmp_001945",40.5190318953418,0.0733548224911763,0.679204337303332,0.108001110214372,0.913994811538797,0.94476437804406
"csaA",490.946733187603,-0.0148780587495287,0.210163596603378,-0.0707927490297315,0.943562702783069,0.964024260158821
"pgaptmp_001947",1049.90767294008,-0.464817508240397,0.128273633635138,-3.62364029978699,0.000290485516340747,0.000852671208060141
"pgaptmp_001948",562.310263030068,-0.675156656373309,0.169327220274874,-3.98728955260298,6.68324410982598e-05,0.000218970374795531
"pgaptmp_001949",668.530085527816,-0.354387262540919,0.179285493378577,-1.97666445769039,0.0480795708754405,0.0858695598840641
"pgaptmp_001950",7.88660562989966,-0.197326352884483,1.92015456519361,-0.102765869196882,0.918148794239672,0.947421627990036
"czrA",336.758175901006,-0.11048786203279,0.262619421758335,-0.420714741099619,0.673963395614949,0.755003120542877
"pgaptmp_001952",1133.99304823232,-0.34665149754019,0.145454309617787,-2.38323290970953,0.017161332688601,0.0342123622211961
"pgaptmp_001953",3791.36117527109,-1.07331702819537,0.122110154859874,-8.78974422255909,1.49900849453786e-18,3.13444360487073e-17
"pgaptmp_001954",113.506585610794,2.15872013268991,0.441053602237544,4.89446208292673,9.85749791544347e-07,4.35743553934449e-06
"pgaptmp_001955",19.8825096911707,-1.95623066797894,1.04031662087067,-1.88041854636688,0.0600510578765721,0.104492771115756
"pgaptmp_001956",2663.02187256792,-0.502948030929926,0.101903192046532,-4.93554736440706,7.99262799493958e-07,3.60152075026212e-06
"pgaptmp_001957",12.9929334801618,-0.182771392104681,0.939578172745642,-0.194524944710651,0.845764865704624,0.894046245428177
"pgaptmp_001958",5309.84357409716,0.422499701867646,0.128919655046282,3.27723264319914,0.0010482995632596,0.0027385114355071
"recQ",1790.30881124849,-0.164186182635239,0.115898541617237,-1.41663717544846,0.156589033684397,0.237209761242704
"pgaptmp_001961",2519.06026696026,0.00537339355386115,0.0975177833628799,0.0551016785714443,0.956057458871667,0.973050550155959
"pgaptmp_001962",175.413430796179,1.23209685396943,0.343921142703819,3.58249813978576,0.000340324040929294,0.000987284552095738
"pgaptmp_001963",127.111151474024,0.221216847934319,0.470309387623131,0.470364516966829,0.638094610494321,0.722979646958862
"pgaptmp_001964",3.09394276851218,-0.223174406196169,2.45651387407659,-0.090850049149452,0.927611740978933,0.952134039152217
"pgaptmp_001965",219.164267928536,-1.22008636873499,0.284661537158333,-4.28609492140963,1.81841314644837e-05,6.55192035922635e-05
"pgaptmp_001966",18.1109268988706,0.38291622886258,0.784624135826342,0.488025044576668,0.62553210167699,0.712650897594661
"pgaptmp_001967",9.33345530955379,1.46095591189893,1.37344953946902,1.06371284121857,0.28745880544108,0.390482362719599
"pgaptmp_001968",3769.20051592044,-0.811463250093176,0.105919490306941,-7.66113250490219,1.84300584203986e-14,2.49442463420813e-13
"pgaptmp_001969",31.9818681791928,-0.10027380884355,0.740879153778304,-0.135344351817942,0.89233961997971,0.928771830415123
"pgaptmp_001970",73610.5143370406,0.958818150745699,0.0930323986488479,10.3062821626772,6.60055536958223e-25,2.19350598978438e-23
"pgaptmp_001971",644.827703691827,-0.727145439329421,0.192070995436926,-3.78581595662219,0.000153205035691628,0.000473219205679867
"pgaptmp_001972",304.667250900471,0.0769839715060174,0.235541976438197,0.326837588230125,0.74379072802679,0.81447163569159
"pgaptmp_001973",1002.37045495333,-1.21454432886287,0.156105568160086,-7.78027550956642,7.23667743872695e-15,1.03198902018934e-13
"pgaptmp_001974",460.467594361775,-1.1676174888846,0.197892292596158,-5.9002676332998,3.62912400877439e-09,2.30505111956626e-08
"pgaptmp_001975",682.22703682933,-0.400131202192945,0.202776316353293,-1.97326398560177,0.0484654938327099,0.0864343881386422
"odhB",164061.626906855,0.898534904789866,0.0979204596682429,9.17617122952779,4.46691761832591e-20,1.07960177762396e-18
"sucA",293484.123356563,0.39921328163558,0.0806678470085719,4.94885256567166,7.46522662868879e-07,3.39273084903339e-06
"pgaptmp_001978",4618.34757797716,-0.0110000569942919,0.108062904071696,-0.101793090689047,0.918920909994446,0.947692886394937
"pgaptmp_001979",1744.13023671569,-0.538206762643058,0.131421870912043,-4.09526024023249,4.21694434474159e-05,0.000144127335639377
"pgaptmp_001980",71.4079259507528,0.817052141334468,0.509322639986425,1.60419364306335,0.108671375525353,0.174870237659042
"pgaptmp_001981",6122.6037605728,-0.0388027823619937,0.131225402969222,-0.295695661693602,0.767462510583284,0.832797511484252
"pgaptmp_001982",382.537198641889,-0.79952395643009,0.192301226372169,-4.15766436602299,3.21517932974976e-05,0.000111061136117968
"cdaS",22.1698736309878,0.0219483958793737,0.937229615112842,0.0234183763780566,0.981316546795483,0.987985396202661
"pgaptmp_001984",1388.54872333874,-0.588107376917765,0.121429618151434,-4.84319547298866,1.27767480509251e-06,5.51043525440827e-06
"pgaptmp_001985",1029.72923287547,0.0964262030648578,0.138675654147821,0.695336204883321,0.48684463006026,0.589755854797855
"bshB2",8532.29311524163,-0.577288102888668,0.107142545426878,-5.3880379693112,7.12310062266171e-08,3.80375617181448e-07
"pgaptmp_001987",2083.09007130674,-0.908380322654034,0.155077778153341,-5.85757890957031,4.69663676282527e-09,2.95784805943074e-08
"pgaptmp_001988",1689.77314460705,-1.08479340541062,0.209258618485684,-5.18398435993131,2.17195154826457e-07,1.07357286356451e-06
"rarD",686.229944892338,-0.999736784608261,0.301085381933975,-3.32044278664945,0.000898747784545773,0.00239280347215978
"pgaptmp_001990",46.1921117911748,-0.422850393541802,0.584446923057897,-0.723505209556752,0.46936955465657,0.575096679529119
"pgaptmp_001991",22.8936336645007,-0.392005302616023,0.884748000196309,-0.443070006972657,0.65771509867057,0.740144468473558
"pgaptmp_001992",0.689483145547386,3.73269361979621,4.83414347996712,0.772152013125934,0.440024399128773,0.546105639732342
"pgaptmp_001993",68.0868246605342,-0.226503894736708,0.423254088504312,-0.535148746080927,0.592547004668602,0.685990653616341
"pgaptmp_001994",2805.59493213913,0.515030031741615,0.113138483808715,4.55220906630131,5.30855429427829e-06,2.1064433990729e-05
"pgaptmp_001995",82.2934495314253,0.796096188704051,0.390413393182483,2.03911085686537,0.0414389648975542,0.0751270469306852
"pgaptmp_001996",166.382790425428,0.664661595882634,0.342556540163783,1.94029749239307,0.0523435459613517,0.0925963298802999
"pgaptmp_001997",419.417867330596,-0.127839674830759,0.191944336533753,-0.666024729561525,0.505395293893453,0.607780705612741
"pgaptmp_001998",7900.46453581555,-0.181175715465799,0.100245564190914,-1.80731902631378,0.0707125511344106,0.120454057355733
"pgaptmp_001999",624.853235272207,0.221844622300651,0.148296750788134,1.49595066056162,0.134666513112962,0.20875833477986
"bglA",1060.84915927318,0.216381478961607,0.135838725169303,1.592929252626,0.111176063036039,0.178411766355878
"pgaptmp_002001",266.356199369378,0.0144934822204851,0.220879991392894,0.0656169992088808,0.947682754869059,0.967152813854262
"pgaptmp_002002",5003.07779399131,0.362251573516855,0.120347455332137,3.01004763679553,0.00261206718830961,0.00626021511583281
"pgaptmp_002003",194.61304548161,0.278754248458229,0.315932030369326,0.882323479934476,0.377601902602859,0.483964972964133
"pgaptmp_002004",74.1983073166291,1.03513211403976,0.46733469789101,2.21496952550518,0.0267621563114549,0.0507172840077572
"pgaptmp_002005",2262.8405413244,-0.321788617674475,0.12187686901684,-2.64027637295157,0.00828384426194755,0.017781123611862
"deoD",4041.53737700709,-0.459873206729999,0.0949851121472877,-4.84152933374339,1.28843651117434e-06,5.54400080299525e-06
"pgaptmp_002007",2.82275527794991,-4.60594371903156,2.41276504246309,-1.90898974329035,0.056263414809458,0.0986863477477864
"pgaptmp_002008",402.188553695239,0.145800704869937,0.181319934291967,0.80410742171991,0.421334938699813,0.528016377724143
"pgaptmp_002009",831.074761815682,-0.18247708188964,0.219415943898356,-0.831649143847871,0.405607014190378,0.511232410029322
"pgaptmp_002010",11.6440514440855,0.0311936899962102,1.18795649888015,0.026258276313666,0.979051334104333,0.986739524921832
"pgaptmp_002011",0.428326766115911,0.149014815724453,4.99745499513678,0.0298181406074623,0.976212091086594,0.985129538146577
"pgaptmp_002012",69.6253023796724,-0.429486169973461,0.462705924050859,-0.928205470579308,0.353300997262348,0.459143265296949
"pgaptmp_002013",123.549723690833,0.374609882458433,0.326153939140052,1.14856770838378,0.250734278761884,0.34945993512291
"pgaptmp_002014",75.1161496106709,1.76015437582967,0.539319504343527,3.26365792754366,0.00109983868199515,0.00285268263023411
"ablA",219.967161893692,0.135162111319425,0.267410012454288,0.50544895487984,0.613243542100591,0.703170814448059
"ablB",75.0654022416778,-0.248380264454778,0.472050256800688,-0.526173348867918,0.598767769444127,0.690828778013342
"pgaptmp_002017",117.739136720704,-0.583632415011989,0.323831241861948,-1.80227334353613,0.0715024103081014,0.121465984101668
"pgaptmp_002018",49.5998045897962,0.00284701439826579,0.5417069156518,0.00525563605707371,0.995806628437553,0.996609914236239
"pgaptmp_002019",43.1313927964843,0.325735150250054,0.585194240935036,0.556627402432374,0.577782027443334,0.672574589074705
"pgaptmp_002020",94.696968934141,1.36193275682777,0.378947664901335,3.59398640754883,0.000325656833081626,0.000948430933278413
"pgaptmp_002021",149.355093707153,0.837485877744031,0.328921814854051,2.54615486089191,0.010891685770488,0.0228130863465146
"pgaptmp_002022",96.6386628507731,-1.18919397154836,0.424092692039049,-2.80408975177262,0.00504588566884232,0.0113205463890483
"pgaptmp_002023",5818.50395371423,-0.986980604293477,0.102080416878803,-9.66865765708318,4.09716656587204e-22,1.1380338774758e-20
"pgaptmp_002024",10115.9445258276,-0.836479473978737,0.106748527845839,-7.83598135598401,4.65194905135523e-15,6.76349780044693e-14
"cgeC",9.38975881678289,-2.17464464852588,1.93188467854754,-1.12565965902315,0.260309605308757,0.360711969828442
"pgaptmp_002026",12.6594174813707,-1.04333710481396,1.06696208676285,-0.977857711870004,0.328144702759459,0.432644202504678
"pgaptmp_002027",43.3745694602279,-1.47956566309951,0.667384714927321,-2.21696066752238,0.0266257794259467,0.0504845394922943
"phyC",577.927035803639,-0.0417353367153708,0.211049923589839,-0.197751015520293,0.843239873170595,0.892137239323751
"pgaptmp_002029",6.37831303324775,0.152727694483915,1.38145128340584,0.110555975674639,0.911968459718334,0.943761274576783
"sprB",1.04351942934899,-2.93150265251859,3.95007014884718,-0.742139390454658,0.458002886072718,0.565401904465226
"pgaptmp_002031",1.32453088188608,2.76097484203817,4.36031762916525,0.633204981116647,0.526599793339218,0.628102315950441
"pgaptmp_002032",3.15285048425195,4.88949112663455,2.34585877996648,2.08430753308365,0.0371322025682348,0.0681825643606166
"pgaptmp_002033",73.7856570890522,0.124209233476143,0.414081535646068,0.299963226523361,0.764205205688657,0.831201570886377
"pgaptmp_002034",10.7668605467906,0.0223346091071143,1.14826704910825,0.0194507097669132,0.984481557502169,0.989265755135819
"pgaptmp_002035",313.728971564598,-1.02553319457211,0.39615271831414,-2.58873193887537,0.00963300500165991,0.0204180208520377
"pgaptmp_002036",91.5709790542784,-1.08343574716191,0.508633383634514,-2.13009169673461,0.0331640437101824,0.0615030247579965
"pgaptmp_002037",534.292904641284,-0.926775305849116,0.264284683703116,-3.50673104798691,0.000453647411924256,0.00128596775870684
"pgaptmp_002038",23.6748645195416,-1.11263171949327,0.812257996622462,-1.36980088114838,0.170749066941743,0.254995523622135
"pgaptmp_002039",4.48739277583487,0.0814305513830788,1.89170212476451,0.043046180641794,0.965664721119637,0.979881159216818
"pgaptmp_002040",347.188437912317,-1.03592349787075,0.27450307546432,-3.77381381289989,0.00016077076441435,0.000492501057736799
"pgaptmp_002041",143.362994871488,-0.60556300008078,0.392541421265464,-1.54267286781758,0.122910168175383,0.193189039674314
"msrB",4095.49476549025,0.860015363112575,0.127830578162179,6.72777496180508,1.7227708153131e-11,1.58148780106769e-10
"msrA",5514.96134535534,0.454944405586972,0.11752884355816,3.87091706013291,0.000108426681280789,0.000342584132196178
"pgaptmp_002044",1158.79674818978,-0.73013363096306,0.142831690515335,-5.11184617593439,3.190255591105e-07,1.54009485215211e-06
"pgaptmp_002045",3860.33210993409,-0.0843641089579569,0.10032875422778,-0.840876671970048,0.400417028403329,0.506233756697415
"pgaptmp_002046",4641.7437738769,-0.283549525362776,0.107172852891374,-2.64572153967171,0.00815168893446823,0.017545613901987
"pgaptmp_002047",1104.89945386731,0.382062741878235,0.190793322991438,2.00249534883031,0.0452314828457324,0.0814473048629976
"pgaptmp_002048",4829.94893159635,-0.349797998192775,0.0962653852892559,-3.63368408220369,0.00027940293976821,0.000823386968976467
"ilvA",6374.30735124318,-0.7547843905033,0.120273040606908,-6.275590828124,3.48309073101992e-10,2.62430439288586e-09
"pgaptmp_002050",6336.02464148629,-1.3323503646554,0.132556522379756,-10.0511867747888,9.0767638858175e-24,2.72449315992038e-22
"pgaptmp_002051",7780.28205968673,-1.05675182825774,0.102547482338712,-10.3050002219198,6.68915238138813e-25,2.20327656314395e-23
"pgaptmp_002052",3254.00202059179,0.817915497397214,0.139690506094984,5.85519746661283,4.76443577575942e-09,2.99547803334064e-08
"pgaptmp_002053",3359.53890496444,0.543201839213574,0.100869282182611,5.38520575798463,7.23618214530324e-08,3.85308582901555e-07
"pgaptmp_002054",3577.94218033997,0.157225939223605,0.112977325060688,1.39165924789906,0.164025608294673,0.246867494570471
"pgaptmp_002055",3269.70579105324,0.432768107161478,0.153357665581602,2.82195288719494,0.00477321888447416,0.0107802916796194
"pgaptmp_002056",271.477082057887,1.1959996733388,0.243192274375637,4.91791803999271,8.74695183057877e-07,3.90361567307125e-06
"pgaptmp_002057",1692.6235022261,-0.119166008490008,0.149241265480273,-0.798478946868481,0.42459260571613,0.53138321401326
"pgaptmp_002058",7701.80208118746,0.474287910009682,0.130390590434724,3.63743969889545,0.000275361631451796,0.000812120437609813
"ilvD",19888.2278183586,-0.227160861575934,0.0751653656185507,-3.02214802930289,0.00250987776888811,0.00604253884592596
"pgaptmp_002060",3979.61226442342,0.474368869139787,0.124696201682714,3.80419662137588,0.000142265148404796,0.000441259068635542
"pgaptmp_002061",571.626637853734,0.836088478419336,0.207777228920958,4.02396587326419,5.72262133013571e-05,0.000189498190309298
"pgaptmp_002062",240.40440461606,0.360646883361121,0.300283339401684,1.20102195506321,0.229742684936464,0.325877390752103
"metA",5329.50786673682,0.0118445161447207,0.0972136069279103,0.121840105711787,0.90302565078415,0.937273137818908
"pgaptmp_002064",20125.1826285906,-0.107040084530423,0.0785377856513577,-1.36291192376612,0.172910270355598,0.257634918440167
"pgaptmp_002065",30.1213281259295,-1.30928606540225,0.666048684713682,-1.96575129634117,0.0493273462230544,0.0878031480833135
"cspD",17792.2828169436,-0.886181301842121,0.11408719174445,-7.76757923735317,8.00002940194483e-15,1.13649272649003e-13
"pgaptmp_002067",226.178168311712,0.0963179756841957,0.232730448989612,0.413860653396905,0.678976161014849,0.759131652537479
"pgaptmp_002068",11.7732112397814,-3.31545465955492,1.41596874132748,-2.34147447100185,0.0192077395204731,0.037826035182646
"pgaptmp_002069",56.0659055949226,0.256777885250435,0.483665603949443,0.530899619806902,0.595488341251913,0.688111644253219
"pgaptmp_002070",597.769927872687,-0.312164724059104,0.182297978951865,-1.71238719076271,0.0868253380534098,0.144463079228785
"pgaptmp_002071",433.91808456964,-0.770460542715028,0.196255258281732,-3.92580840615747,8.64389396777541e-05,0.000277918328833515
"pgaptmp_002072",391.27720975689,-0.153107133688573,0.227469246884131,-0.673089377073304,0.500890431708699,0.602947667147405
"sspL",120.862810389186,-0.345867889855595,0.32000825300119,-1.08080928104785,0.279781959147072,0.382426901191848
"pgaptmp_002074",877.261617684478,-0.48660570991181,0.134360915435938,-3.62163139729289,0.00029275104756944,0.000857968030750752
"pgaptmp_002075",501.828352363061,0.821879228709684,0.165025825580329,4.98030672362623,6.34835760813729e-07,2.92509909784122e-06
"pgaptmp_002076",1836.29614861849,0.802586599369032,0.129637946484897,6.19098513306466,5.97893490664259e-10,4.33793288938084e-09
"pgaptmp_002077",8022.85837556439,0.24746652097773,0.0823421062259096,3.00534601700367,0.00265278877437278,0.00635371931674098
"fbpC",1.95406771234305,0.35535735764553,2.79836207167517,0.126987626527115,0.898950191862958,0.933563787420182
"pgaptmp_002079",11.5034329122177,-0.750838961709116,1.46510891003699,-0.512479964161954,0.608315139231129,0.698595787787183
"pgaptmp_002080",60.1976467220627,-0.183926547113425,0.501447172461144,-0.366791473188888,0.713774568440655,0.789500429044909
"pgaptmp_002081",1147.28542035984,0.617965601390995,0.135887104217735,4.54763978486739,5.42508865394259e-06,2.15039190308566e-05
"pgaptmp_002082",119.624358716943,0.632902483412193,0.383294166841501,1.6512186674469,0.0986939326919642,0.161680817552593
"pgaptmp_002083",5688.20030687917,0.574985615954713,0.105865589064952,5.43127961628723,5.59513839836542e-08,3.01813117662552e-07
"pgaptmp_002084",4480.53924784591,0.495164922415356,0.111554060295301,4.43878888051743,9.04665007823278e-06,3.45350067601871e-05
"pgaptmp_002085",143.053445019999,-1.34871644348038,0.345078383820805,-3.90843503017203,9.28959212029078e-05,0.000297544695558486
"pgaptmp_002086",451.300686256744,0.206038159813712,0.172402813652898,1.19509743169582,0.232048965333626,0.328272994668094
"pgaptmp_002087",258.090851397903,0.785198413614986,0.336748348710439,2.33170679714352,0.0197161209983895,0.0387451965976799
"pgaptmp_002088",349.996914911941,0.0882621610833051,0.21918307024947,0.402686945587753,0.687178538637206,0.7655428077844
"pgaptmp_002089",21.8970695100132,-0.441821654891634,0.964485050311995,-0.458090723903613,0.646887262958231,0.731120941796725
"pgaptmp_002090",337.379647597041,-0.915781031826731,0.278907789760084,-3.28345448011504,0.00102543203519342,0.00268400705695492
"pgaptmp_002091",1287.93156576453,-0.309853798342327,0.122293335791391,-2.53369324123172,0.0112867489099921,0.0235610092220923
"pgaptmp_002092",13590.4281955392,-0.684586694982084,0.137558761929936,-4.9766854933659,6.46822899144325e-07,2.97219114890763e-06
"pgaptmp_002093",501.861027237964,-2.7974186289119,0.559725076588802,-4.99784402364199,5.79748480597375e-07,2.69055342242323e-06
"pgaptmp_002094",294.6215973042,-2.24286879603473,0.346129454791942,-6.47985534020188,9.18105999780289e-11,7.49383888417157e-10
"pgaptmp_002095",58.2657225208635,-1.82741815931331,0.889376913312602,-2.05471733295488,0.039906314803348,0.0725604805559655
"pgaptmp_002096",123.88178758358,-2.12915355983873,0.486694184016676,-4.37472571023323,1.21585261692939e-05,4.52839462493464e-05
"pgaptmp_002097",842.610903891267,-2.06584461032116,0.705454666896552,-2.9283874744344,0.0034072513855434,0.00797596833773114
"pgaptmp_002098",1855.24461409173,-2.47031817178263,0.641811705557717,-3.84897649947969,0.000118612384873517,0.000371299660638545
"pgaptmp_002099",1226.98334805136,-2.27790059328479,0.706664485984855,-3.22345418294249,0.00126654558209698,0.00323547196744335
"pgaptmp_002100",696.052571191869,-2.45980898823409,0.56503513562647,-4.35337350394472,1.34058461979734e-05,4.95005551079932e-05
"pgaptmp_002101",5389.04421656658,-2.35287019180598,0.698766305680645,-3.36717751368123,0.000759417880634853,0.00204526291731036
"pgaptmp_002102",830.062612809306,-2.13543786186781,0.708227015315846,-3.01518837277828,0.00256819698041503,0.00616698655555144
"pgaptmp_002103",1725.96615470656,-2.38525211802517,0.635302930113089,-3.75451143850474,0.000173679913986076,0.000528695214265704
"pgaptmp_002104",566.10517214392,-2.26816622040155,0.703177657610722,-3.22559483489335,0.00125711180083073,0.00321578702590515
"pgaptmp_002105",1152.81035307993,-1.93083524351316,0.665440091678756,-2.90159139441403,0.00371272460538843,0.00859910453096187
"pgaptmp_002106",607.048794977604,-2.31589048583309,0.528319796503844,-4.38350124518993,1.16786981077668e-05,4.36426850974982e-05
"pgaptmp_002107",653.042993679055,-2.28379209576158,0.758572762810093,-3.01064341843938,0.00260694801532618,0.00625197198005415
"pgaptmp_002108",662.985702067442,-2.30456564715454,0.684496587991231,-3.36680370302162,0.000760447969670296,0.00204655628569258
"pgaptmp_002109",2322.67738391138,-2.22338157940815,0.571436950129472,-3.89086071333747,9.98892632052155e-05,0.000317767382606677
"pgaptmp_002110",1253.9369078678,-2.73423682813828,0.67541822899561,-4.04821296014511,5.16101775432334e-05,0.000172435440588792
"pgaptmp_002111",2032.91411129336,-2.64807689944985,0.678406478035759,-3.90337796761172,9.48593888569542e-05,0.000303321860245347
"pgaptmp_002112",108.547482434216,-2.21232963123779,0.592546750005493,-3.73359508126116,0.000188765885937949,0.000572605238354561
"pgaptmp_002113",1786.4483030649,-2.41956793993843,0.648500958332546,-3.73101675309737,0.000190708539722532,0.000577556700445294
"pgaptmp_002114",587.039417378652,-2.36490896640626,0.745104476188278,-3.1739293508266,0.00150390291915141,0.00375925229354033
"pgaptmp_002115",325.9182053847,-2.36253595939739,0.386932265320001,-6.10581275108584,1.02278862231147e-09,7.18235616697878e-09
"pgaptmp_002116",15317.568846988,-0.517636077679953,0.120872919371177,-4.28248180297852,1.84820250988289e-05,6.64638622394601e-05
"pgaptmp_002117",12850.5041342847,-0.541166929052743,0.127569398438234,-4.24213750066996,2.21400970698085e-05,7.8332168530254e-05
"pgaptmp_002118",2577.47080492923,-0.729129832806551,0.185584850297247,-3.92882194661214,8.53630125275325e-05,0.000274845270438993
"pgaptmp_002119",54.1922102278911,-0.244273723970996,0.536118434002419,-0.455633883258515,0.648653273550508,0.732267594506496
"pgaptmp_002120",1127.69477423395,0.340272990491026,0.156836320129845,2.16960580437818,0.0300367212949757,0.0563207439092694
"pgaptmp_002121",94.9798082456503,-0.981677882492751,0.430787305822276,-2.27879946605889,0.0226789886687724,0.0438727629028954
"pgaptmp_002122",45.8458536234206,-2.00068909024424,0.605668359863363,-3.30327489898199,0.000955626573024613,0.00252437338878468
"pgaptmp_002123",17.9368024911533,-2.82434972089764,1.01538395660349,-2.78155834798222,0.00540986050250295,0.0120427636305718
"pgaptmp_002124",5.63605800467623,-1.68973749528225,1.58821274771596,-1.06392389666454,0.287363176571016,0.390482362719599
"pgaptmp_002125",250.290322255585,-1.03608263039422,0.274144448111153,-3.77933106992607,0.000157250233288644,0.000482908719719746
"pgaptmp_002126",230.467324438735,-2.49581413286441,0.39330313476467,-6.34577737184261,2.21305075071718e-10,1.71603643628528e-09
"pgaptmp_002127",203.131294239423,-1.75787590807534,0.828319143409941,-2.12222054996664,0.0338192216415173,0.0625621982851528
"pgaptmp_002128",108.894378984256,-1.81814756512056,0.491960853287656,-3.69571593546585,0.000219268026388562,0.000658157737272766
"pgaptmp_002129",258.756473617079,-2.22010150331271,0.295823594420264,-7.50481552245187,6.15151696788394e-14,7.94998130363334e-13
"pgaptmp_002130",61.9491929310814,-1.84035975975299,0.653271543199093,-2.817143619544,0.00484528538163258,0.010923169103838
"pgaptmp_002131",543.783235413824,-1.96052806160401,0.538970387585036,-3.63754318746258,0.000275251049921875,0.000812120437609813
"pgaptmp_002132",209.118000000003,-1.81319563553673,0.337048127877471,-5.37963419929123,7.46373396868735e-08,3.95726749735816e-07
"pgaptmp_002133",979.402556951623,-1.8578295070179,0.517793721713303,-3.58797225441554,0.000333259743490229,0.000968300363208925
"pgaptmp_002134",1813.36406235688,-2.16951807099225,0.54394567664548,-3.98848297567451,6.64971740509519e-05,0.000218063860632285
"pgaptmp_002135",228.006446823806,-1.90109570015552,0.407921115012425,-4.66044936187628,3.15519780999468e-06,1.2947790792503e-05
"pgaptmp_002136",235.090515488415,-2.19463671344756,0.383301839304924,-5.72560965902822,1.03062946783007e-08,6.2171845693088e-08
"pgaptmp_002137",402.722214377457,-2.25141915175315,0.333723645834407,-6.7463578917938,1.51602405693026e-11,1.40714252865198e-10
"pgaptmp_002138",1221.74887777228,-1.89069435115959,0.444061624998685,-4.2577296589526,2.06513466113799e-05,7.36954094799195e-05
"pgaptmp_002139",1153.61404494486,-1.85662715535011,0.491190602766034,-3.77985072372093,0.00015692241049049,0.000482299927205288
"pgaptmp_002140",510.996175892095,-2.04683295786905,0.341177152317345,-5.99932599227863,1.98138225685647e-09,1.31691156428925e-08
"pgaptmp_002141",416.83721388362,-2.20980149218568,0.307865136122356,-7.1778231209247,7.08301122112772e-13,7.89310412126868e-12
"pgaptmp_002142",4681.37619691878,-1.20628580678539,0.167269409849709,-7.21163426037811,5.5284300419762e-13,6.21656091124937e-12
"pgaptmp_002143",261.189762671671,0.19890629039411,0.275180658358006,0.722820751941569,0.469790016196134,0.575372964883847
"pbuX",2047.45640485764,-0.0308500562952477,0.146268051260402,-0.210914523229171,0.832953971145912,0.883767012715247
"xpt",404.274399017873,0.0185065736015641,0.203318703634699,0.0910224847528766,0.927474724966633,0.952134039152217
"pgaptmp_002146",19521.2604997085,1.28339286661312,0.109413269948426,11.7297734289276,8.96984494873384e-32,4.83851636220106e-30
"pgaptmp_002147",4688.77974152923,-0.285602895438614,0.0903233649866436,-3.1620045984873,0.0015668708999406,0.00390354316571546
"pgaptmp_002148",545.708789899009,-0.391716178338029,0.156815661224484,-2.4979404179362,0.0124917187486574,0.0257871199015545
"pgaptmp_002149",23.1153471620594,1.78480974762501,0.69761239449295,2.55845475469551,0.0105138500881616,0.0220963015404503
"pgaptmp_002150",1637.50314857962,-0.301332847601192,0.116038891945891,-2.59682631011079,0.00940894885725832,0.019965853846474
"gpsB",10252.4782989122,0.316272684051254,0.101271609925574,3.12301428093903,0.00179009061886087,0.00442117935195763
"pgaptmp_002153",424.081979138239,-0.102910955427782,0.198468190989978,-0.518526192607752,0.604091190126311,0.694914198616787
"cotD",2633.87622402431,-0.292692427829377,0.100275882282289,-2.91887162862763,0.00351300858699035,0.00820804642861148
"pgaptmp_002155",997.475816857751,0.0638922512221847,0.13248192364383,0.482271463644772,0.629613116179909,0.716204162109297
"pgaptmp_002156",3286.23385468351,0.59395730841667,0.107487610374677,5.5258211280935,3.27948126135885e-08,1.81640316291334e-07
"pgaptmp_002157",4228.99496262915,0.363406743829179,0.0912067301773204,3.98442903415854,6.7642567275807e-05,0.000221429758487734
"pgaptmp_002158",267.002767320123,0.380943563715013,0.239660888002854,1.58951077453438,0.111945123471471,0.17920849443476
"pgaptmp_002159",18.0941664875413,0.00206680977592802,0.799574721270308,0.0025848863413846,0.997937561393524,0.998205752084573
"pgaptmp_002160",12.9476174413292,-0.0192730784626733,1.01542618233457,-0.0189802851235947,0.984856832769793,0.989375744013271
"pgaptmp_002161",412.546424140486,0.0812910566017311,0.247733764024476,0.328138786094978,0.742806729025896,0.814112675334035
"pgaptmp_002162",425.065192174496,-0.523436704263399,0.189943262182456,-2.75575294563802,0.00585572080264018,0.0129383271145692
"pgaptmp_002163",16.7352088770149,0.268066445121685,0.973232683590021,0.275439213706688,0.782978820542015,0.846180943686812
"sspM",0,NA,NA,NA,NA,NA
"pgaptmp_002165",43.6958833621868,0.474622098024795,0.553338436588754,0.857742868814188,0.391034462900835,0.497923459088918
"recU",5322.27673503022,-0.552693097334944,0.0955505290577239,-5.78430180120774,7.28141153166338e-09,4.48698902663097e-08
"pgaptmp_002167",35226.8672017213,-0.123393250109915,0.0696522453104624,-1.77156169998413,0.0764673421309628,0.128841759805995
"pgaptmp_002168",1156.54394194846,0.43357564429132,0.152471813877905,2.84364456133849,0.00446007717230157,0.0101283753723651
"nth",1777.82006266776,0.569472103792252,0.114798767710488,4.96061164374526,7.02715588926493e-07,3.20921156071706e-06
"dnaD",1939.58544627049,0.311333521951199,0.123314231348916,2.52471688421984,0.0115791530956075,0.0240365910885952
"asnS",15755.6641473933,0.0319329397024735,0.0920575410494105,0.346880215769983,0.728681310428588,0.802174456496659
"pgaptmp_002172",5337.55870404398,-0.00517392788256952,0.105298764350773,-0.0491356941790317,0.960811157908646,0.976820303123732
"tseB",3019.74388587176,-0.226014232511088,0.107595697846948,-2.10058800708359,0.0356771477190785,0.0657703535465133
"pgaptmp_002174",604.497861753242,0.0416635121258916,0.192887730144566,0.215998768271396,0.828988707681369,0.880815292603498
"dinG",15738.731031028,0.152185347925223,0.0918330741322796,1.65719539896933,0.097479976473871,0.160256392418616
"panD",1314.96415884029,0.408099080210112,0.177360419053395,2.30095915643531,0.0213939398253099,0.0415813284750933
"panC",6180.26955505138,0.434020626619178,0.105908127139306,4.09808612750077,4.16580285149468e-05,0.000142510277695434
"panB",4874.94258104179,0.33296619135289,0.114705547951268,2.902790643521,0.00369853792345363,0.00857692096641396
"pgaptmp_002179",1349.81618324095,-0.263879994168903,0.16206623558922,-1.62822313487767,0.103477580986213,0.168111547983713
"pgaptmp_002180",1202.44499794804,0.217056742576189,0.151099754188047,1.43651287682478,0.150856454885439,0.229272243807106
"bshA",895.602885944202,-0.0171803425069258,0.160537619243721,-0.107017548832859,0.914775057751142,0.94476437804406
"bshB1",1884.95930994432,-0.107067734870966,0.128484146515299,-0.833314753413695,0.404667237808366,0.510566596312793
"mgsA",943.668243718377,-0.0555132539244207,0.150778245343631,-0.36817814000888,0.712740409030438,0.788590904402881
"dapB",1927.4659432432,0.170067938721114,0.15640433928069,1.08736074397465,0.276877412914506,0.379292503079791
"pgaptmp_002185",157.946382404445,-0.125190737438238,0.306450246539298,-0.408518964667188,0.68289271027148,0.762823129540951
"pgaptmp_002186",1839.0867564244,0.604604899607864,0.153536486817481,3.93785810878034,8.22121828189651e-05,0.000265619569836969
"pgaptmp_002187",1599.25626982165,0.100964297310276,0.161796660707951,0.624019660656161,0.532614673366782,0.633756973871855
"ypjB",827.032848862972,-0.0127857956767607,0.201477366474415,-0.0634602084616004,0.949400044394152,0.968127935680831
"pgaptmp_002189",570.289506483931,-0.412175261820466,0.191079820581861,-2.1570841995002,0.0309991044982245,0.0578919553147975
"pgaptmp_002190",17470.9628561496,0.492158887853367,0.111689448423587,4.40649403144005,1.05057201831202e-05,3.94176315741667e-05
"qcrB",9458.17400165507,0.105195429104525,0.133562039364977,0.787614726494737,0.430922098064449,0.536957498826876
"pgaptmp_002192",4470.43053364334,0.184595198147937,0.125338675945372,1.47277124762664,0.140812727682413,0.216214922621262
"pgaptmp_002193",462.322099342303,1.25908381131145,0.202985261804357,6.20283364476475,5.54554507643567e-10,4.03135132314327e-09
"pgaptmp_002194",20631.5820596638,0.943729189863993,0.101077604802856,9.33667939307289,9.94027090142779e-21,2.55156471000788e-19
"pgaptmp_002195",9603.18894981323,0.322807694117045,0.0899062686753762,3.59049150713399,0.000330054985303186,0.00095973801195192
"aroA",10865.9292886618,0.165552082228259,0.077661693745139,2.13170836540789,0.0330308286923547,0.0613170794977279
"pgaptmp_002197",6773.92573361541,-0.451824779294358,0.0917566048375402,-4.92416627766837,8.47207762691947e-07,3.79003280377335e-06
"hisC",5274.21440161076,-0.500313758688339,0.0842049495144681,-5.94161936528891,2.82220121205701e-09,1.82220045355595e-08
"trpA",1011.25383747604,-0.807905306991234,0.195779982339169,-4.12659811967712,3.68168958979774e-05,0.000126764557384155
"trpB",786.454644035645,-0.379601093122832,0.164927217546734,-2.30162794697768,0.021356162704782,0.0415295912158823
"pgaptmp_002201",248.030740487353,-0.562328479272215,0.283733657051931,-1.98188852572148,0.0474917184476264,0.084982776952916
"trpC",266.078834550175,-0.754099251141081,0.277978944121598,-2.71279270278547,0.00667188292170126,0.0146060443353497
"trpD",332.548107257631,0.17807833254732,0.195378504136762,0.911453045124494,0.362056715210776,0.467908018755037
"trpE",481.446413678521,-1.0789684905157,0.208567308416937,-5.17323879137753,2.30070676084018e-07,1.12971379470279e-06
"aroH",3066.4524671041,0.253150852653822,0.0906267849791122,2.79333370054084,0.00521678449166111,0.0116408104783949
"aroB",6966.32249894495,0.184743212283641,0.0926236036467681,1.99455867629793,0.0460910343835708,0.0827548625063436
"aroC",4453.19453156864,-0.00693129850074226,0.0882211901078287,-0.0785672749627436,0.937376817844468,0.959547996704376
"pgaptmp_002208",777.145515137295,-0.234888524582175,0.142005553699876,-1.65407984731783,0.0981112901778476,0.160983233471449
"ndk",19223.8515998169,0.0130585374979222,0.0782509417026538,0.166880260017105,0.867464265556712,0.90890654173978
"hepT",3483.0415448762,-1.39078161186562,0.146560538978058,-9.48946845831295,2.32215324376706e-21,6.21802472899354e-20
"menG",2625.46205970341,-1.04622861440707,0.126189982480674,-8.29090070257597,1.12394085946988e-16,1.99205137092709e-15
"hepS",1306.17544273532,-1.07131012786667,0.230828160834222,-4.64115870435787,3.46460893363622e-06,1.40778105360197e-05
"mtrB",476.118044968235,-1.15946733717078,0.191976680310489,-6.03962593423091,1.54471912021158e-09,1.0340727635661e-08
"folE",1734.82825372518,-0.942018355701002,0.164815216566534,-5.71560305732282,1.09315645409221e-08,6.56246503569546e-08
"hbs",34921.2174329722,-0.558751006934832,0.113004597622344,-4.94449800000309,7.6340325293618e-07,3.45667506986431e-06
"spoIVA",233.338227991337,0.359285418788435,0.241016265767537,1.49071025411608,0.136037582745206,0.210533007475116
"pgaptmp_002217",1440.50883703081,-0.971228739569721,0.204392338197575,-4.751786432576,2.0162727697716e-06,8.47016619536105e-06
"pgaptmp_002218",312.610559490347,-0.875963965519199,0.256650866601296,-3.41305672222802,0.000642385701561446,0.00176878422683077
"pgaptmp_002219",14156.9053388657,0.380656860772883,0.0935801651001802,4.06770879668121,4.7477661027072e-05,0.000159920230174445
"engA",14679.7949872365,-0.104608153491313,0.0816866867252922,-1.28060223379,0.200333415006858,0.292079224592919
"pgaptmp_002221",45.8203252663663,-1.62285880163661,0.746242055569106,-2.17470831283955,0.0296519815608943,0.0556834890866036
"pgaptmp_002222",1.44756356230546,-1.62581223827571,4.06488575068576,-0.399965051416617,0.689182257998681,0.767315693769396
"fni",3548.71603426788,0.309920279127402,0.129734785612396,2.38887571798469,0.016900018251683,0.0337637509032551
"rpsA",46074.8186842607,0.309501471488266,0.0887165944036366,3.48865365683581,0.000485459712854822,0.00136574531462256
"cmk",3094.14878322612,-0.269833012683746,0.101892701921153,-2.64820745348914,0.00809198515803854,0.017470051483886
"pgaptmp_002226",396.144695101717,-0.051530536707514,0.204550919189166,-0.251920338035046,0.801102638985084,0.859670452244329
"pgaptmp_002227",983.617292318077,-0.552682357214997,0.138755499360683,-3.98313839639858,6.80111224313031e-05,0.00022244059550906
"ypeB",188.780101577805,0.258384628201198,0.296602792618945,0.871146983882759,0.383673903065473,0.49056484617303
"sleB",49.4533738182498,-0.367360715463121,0.516626160213728,-0.711076487708528,0.477036839179952,0.581682514377534
"prsW",1354.70032486298,-0.829225242355645,0.132392674010811,-6.26337709810084,3.76728095357895e-10,2.82697978008485e-09
"pgaptmp_002231",3081.32481662487,0.106201629114102,0.120714050346014,0.879778524618188,0.378979300648242,0.485396062289318
"gudB",69845.5333448431,0.857198160882882,0.09792632044688,8.75350117283195,2.06833736481683e-18,4.30075512393757e-17
"pgaptmp_002233",8174.23151811715,0.596869116952392,0.100184238646153,5.95771475651485,2.55789464674278e-09,1.66151551050203e-08
"pgaptmp_002234",4835.29622318587,0.689797525798691,0.115619994866707,5.96607469662951,2.43029061414413e-09,1.58693713435868e-08
"pgaptmp_002235",238.647182920016,-1.32099508269977,0.33414548836204,-3.95335304144074,7.70636024359485e-05,0.000250945519043395
"pgaptmp_002236",2280.17199008095,0.123495666675376,0.14537630262284,0.849489665422083,0.395608878379979,0.502201993632429
"pgaptmp_002237",2351.3845669853,-0.20523395062199,0.104212064450685,-1.96938762996208,0.0489085951527124,0.0871411159207254
"pgaptmp_002238",3406.01060577437,-0.22658394615884,0.0888613532252501,-2.54985928004589,0.0107766407511723,0.0225975531695004
"pgaptmp_002239",2078.26780837565,-0.277177523952269,0.115805932159804,-2.39346567816392,0.0166900427715877,0.0333800855431754
"pgaptmp_002240",4965.28013348759,-0.374259751741083,0.120762271778459,-3.09914467680493,0.00194080221332196,0.00475867314755226
"pgaptmp_002241",6152.7257417682,0.0166040826244073,0.0909321468560057,0.18259859904881,0.8551129836594,0.900857776728075
"serA",14907.0143819405,-0.937592611585216,0.114342797321439,-8.19983972361173,2.40707742364235e-16,4.05994068157959e-15
"pgaptmp_002243",14390.6553001129,0.00760386047396987,0.0784015725777722,0.0969860708651863,0.922737456137266,0.949524139270916
"sigX",7383.87516996614,-0.105160465447152,0.0926970078456335,-1.1344537206883,0.256604275908339,0.356506575188816
"pgaptmp_002245",21366.9593300031,0.0951851002056854,0.0937143378976785,1.01569410125495,0.309775077875755,0.413997429031799
"resD",8176.14940260549,0.0960359752582231,0.0911474808484129,1.05363279779438,0.292051067196701,0.395853631502593
"ccsB",6838.2053268662,-0.265708459777729,0.0802529408119505,-3.31088751501755,0.000930005844265765,0.00246895988042595
"pgaptmp_002248",7523.89610989241,0.225411041667367,0.086627855442638,2.60206189470575,0.00926651265592203,0.0197085486316239
"resA",2131.08376881352,0.190851572213897,0.133003671796126,1.43493461222968,0.151305731419556,0.229861196874934
"rluB",8255.4405292812,-0.179506970672083,0.111097679444389,-1.61575805696227,0.106146633182113,0.171698291483627
"spmB",29.7766899469875,-0.0448214493762481,0.722764234230404,-0.0620139282680109,0.950551740196723,0.969036860315585
"pgaptmp_002252",38.9879086542583,0.556028510635195,0.549470655969598,1.01193485874878,0.311569200726173,0.415947118042617
"pgaptmp_002253",32.3354894386351,-0.611208917182224,0.606752522669668,-1.00734466581688,0.313769172424434,0.417536238742847
"pgaptmp_002254",373.574025108225,0.0940373348502145,0.234552184742441,0.400922869055667,0.68847691208755,0.766759744700737
"scpB",521.088551988675,-0.326458586526083,0.183680391992592,-1.7773186510798,0.0755158266695776,0.127527180972853
"pgaptmp_002256",154.503616782452,-0.291265024413274,0.270397763177296,-1.07717246248926,0.281403225209902,0.383937978090637
"pgaptmp_002257",5.22101784926868,0.128042520979099,1.46877198928089,0.0871765814663913,0.930531153758353,0.953852094268408
"pgaptmp_002258",458.546855613274,-0.727729092499216,0.197157721523536,-3.69110114925092,0.00022328531562543,0.00066913683152806
"ribT",5725.54748636165,1.11172007657102,0.0918599805820269,12.1023330238819,1.02651693026689e-33,5.96983752258338e-32
"ribE",9977.68279813779,0.503213682858893,0.089650344295448,5.61307027667983,1.98767824928884e-08,1.13468381040691e-07
"pgaptmp_002261",9276.74539310245,0.576831219141719,0.109188226219401,5.28290676672999,1.27150108560316e-07,6.45638068296719e-07
"ribD",16442.1295596705,0.371727013202839,0.100525136121955,3.6978513787026,0.000217432124488367,0.000653701427581342
"pgaptmp_002264",730.537069455353,-0.401387709414099,0.159105080291428,-2.52278373939342,0.0116429978909144,0.0241556511426887
"pgaptmp_002266",369.865291220557,-1.03503378927718,0.206259939325523,-5.01810381919911,5.21839759544313e-07,2.44312903776595e-06
"pgaptmp_002267",16665.3999159208,0.132242617570352,0.0997861898896037,1.32525971496312,0.185085025531184,0.273476167140558
"pgaptmp_002268",31156.7354273271,1.28593876372363,0.118747925832342,10.8291471594984,2.50477277266357e-27,1.03586269553931e-25
"lysA",5083.31951085551,0.0912055756793601,0.0928684428933272,0.982094378217612,0.326053354800549,0.430344179633916
"pgaptmp_002270",59.8704186502477,0.796852791649872,0.439554882689033,1.81286301900464,0.0698529512502511,0.119262699336438
"pgaptmp_002271",6.77467610217734,0.2253949711215,1.30703320305121,0.172447777604521,0.863085513643633,0.90617892292852
"spoVAE",9.99485979395346,0.0234955664284856,1.00505715144036,0.0233773436613169,0.981349277206136,0.987985396202661
"spoVAD",13.5441651823222,-0.421514779850097,1.53675359647478,-0.274289112332013,0.783862450885508,0.846889997734647
"spoVAC",0.856653532231821,0.149002289529449,4.99745499511347,0.029815634092782,0.97621409010715,0.985129538146577
"pgaptmp_002275",1.39280336726054,-4.06196362919025,3.56457345616303,-1.13953708042326,0.254479211524373,0.35395053262097
"pgaptmp_002276",4.31086202603826,1.6941246458684,2.3393480721755,0.724186650981327,0.468951152750034,0.575096679529119
"sigF",3099.07978708813,0.709241861902023,0.135546127212684,5.23247603223043,1.67254345633571e-07,8.41244154659665e-07
"spoIIAB",1307.56796885588,0.953484113893108,0.183664429447997,5.19144679652342,2.08666216832433e-07,1.03830970461272e-06
"spoIIAA",962.443957209257,0.64809906091342,0.18570323077196,3.48997192035541,0.000483071302019569,0.00136005399857552
"pgaptmp_002280",68.9383329701417,0.971184652140777,0.454017117124064,2.13909259257155,0.0324281702097172,0.0603488247602837
"pgaptmp_002281",13763.5721161651,0.0904855563371366,0.0847557303522073,1.06760399516491,0.285699180721624,0.388659484885191
"deoB",11600.4372461734,0.238084485459752,0.0899935427590717,2.64557298402115,0.00815526922365328,0.017545613901987
"xerD",2481.13210734716,-0.425859217576219,0.113355118877123,-3.75685916784976,0.000172059260405471,0.000524491865052549
"pgaptmp_002284",31.7807778337809,-0.609289850383354,0.743397220372093,-0.819602002383578,0.412443031775501,0.518269062886028
"fur",5695.03197752245,0.173035114221034,0.100618963647665,1.71970678238097,0.0854857543516682,0.142489018225217
"spoIIM",89.6678950972186,-0.474665362113201,0.42824293172424,-1.10840209364822,0.26768820112842,0.369013142444437
"pgaptmp_002287",13.5586857531161,1.50647215682633,0.982093485982339,1.53393966901174,0.125044495699064,0.195964468628176
"pgaptmp_002288",53.0046419393647,0.306389166024534,0.448542316728508,0.683077503721871,0.494557869806326,0.596482304413204
"pgaptmp_002289",9788.18279557775,0.494682101549339,0.117753307228454,4.2010038884904,2.65734026566374e-05,9.33958495637435e-05
"nhaC",4935.76846601293,-0.123710096774519,0.0984857542680346,-1.25612173754424,0.209071836032949,0.302435046138607
"aspA",6456.17650614442,-0.413837902407076,0.0989061369989174,-4.18414786952609,2.8623775646109e-05,9.99415506142756e-05
"pgaptmp_002292",1708.78774939348,-0.0401746088058928,0.112345019902096,-0.357600264265415,0.720642480516567,0.795442263488334
"pgaptmp_002293",440.71482792068,-0.290217430905444,0.173144783068241,-1.67615463638348,0.0937079071576697,0.154601431932999
"pgaptmp_002294",4679.53973169679,0.340618939652095,0.100151198574036,3.40104706186113,0.000671282700146407,0.00183579295367004
"pgaptmp_002295",1596.0934219004,0.0881147365969377,0.112003721475295,0.786712579156338,0.431450138666912,0.537435547563001
"mciZ",3.29754201654529,-5.39841395762929,2.69202796156865,-2.00533353839446,0.0449274016486713,0.081017339600947
"pgaptmp_002297",2098.27341917464,0.298285289979233,0.119031886500842,2.50592760266068,0.0122130623828262,0.0252398768400217
"pgaptmp_002298",19.7558887915497,-0.588846434579466,1.00166540839895,-0.587867395281897,0.556621302785973,0.655521287890268
"pgaptmp_002299",112.793692713739,-0.395135158288663,0.35761662081422,-1.10491273417052,0.269197404033606,0.370759036045283
"pgaptmp_002300",1055.28824929182,-0.116765361158297,0.132575850334763,-0.880743822222947,0.378456492156513,0.484893309399842
"pgaptmp_002301",1745.46636907832,0.302246609145229,0.152773217156222,1.978400499586,0.0478835434276504,0.0855980020544932
"pgaptmp_002302",2069.46894523317,0.274480597651323,0.103733169844559,2.64602535584927,0.00814437114454681,0.0175424475694463
"pgaptmp_002303",237.07013833394,0.264457452493446,0.227665801278243,1.16160376749004,0.245396451032725,0.3436288904228
"pgaptmp_002304",503.910445254953,-0.57506599502552,0.180017187801708,-3.19450604716126,0.00140070350652353,0.00353212632200581
"pgaptmp_002305",126.685363933796,2.57473921613498,0.398093161653677,6.46768009136234,9.95189028096657e-11,8.08754052964139e-10
"pgaptmp_002306",57.4495944780151,2.76620632980306,0.48760994927767,5.67298992545339,1.40326485288859e-08,8.22512091724619e-08
"pgaptmp_002307",407.49876526892,-0.246150720477881,0.200907577335589,-1.22519381171333,0.220502205529637,0.315293587776146
"pgaptmp_002308",1208.87686154343,-0.710490250977594,0.137073128777366,-5.18329345302662,2.18001626401968e-07,1.07613004438743e-06
"pgaptmp_002309",212.315561516583,-0.313660625972574,0.262346447637484,-1.1955970008254,0.231853862425335,0.328246600350998
"pgaptmp_002310",3443.55161915444,0.0438752580756465,0.10550708111803,0.415851311691235,0.677518808923925,0.757957621525353
"coaA",3276.39632801369,0.163330117924568,0.115725401853628,1.41135926346708,0.158138708149632,0.239459833902738
"dsdA",4556.71328595517,0.444537029726297,0.103653446457268,4.28868546989957,1.79733680288857e-05,6.48225540731711e-05
"pgaptmp_002313",1389.33153116202,0.334757259953221,0.176706525968489,1.89442499714423,0.0581686210661011,0.101656466595434
"pgaptmp_002314",908.906169192019,0.123442594550845,0.213727922570835,0.577568869177275,0.563555229695445,0.659815213880605
"pgaptmp_002316",4062.49726872643,0.846821098922501,0.127602455170787,6.63640129642563,3.2143400284425e-11,2.81500554961482e-10
"pgaptmp_002317",5923.77974471068,0.432877354561218,0.141577339761837,3.05753276117075,0.0022316724539885,0.00541832020466091
"pgaptmp_002318",9761.61411009844,1.02074067654128,0.122086869254351,8.36077362598848,6.23083040210714e-17,1.1368211155217e-15
"pgaptmp_002319",57075.0248197036,1.19008297360426,0.13028437591526,9.13450262354036,6.57081183671677e-20,1.54788364913037e-18
"pgaptmp_002320",44625.3865926911,1.47609789546043,0.139621900504861,10.5721086027549,4.01367173361435e-26,1.46459668554045e-24
"pgaptmp_002321",62553.2404316759,1.28655799333056,0.150531117442384,8.54679095717865,1.26558118147605e-17,2.42808925641952e-16
"pgaptmp_002322",157592.459273412,1.20268159703716,0.146111818218541,8.23124105702588,1.85283683097954e-16,3.17799939396583e-15
"pgaptmp_002323",69695.545346405,0.899493827813395,0.136579100371734,6.58588192018542,4.52193104259223e-11,3.87802473284061e-10
"pgaptmp_002324",65553.5442350976,0.730104439147383,0.138185724175709,5.2835011974104,1.2673803513457e-07,6.45306384091478e-07
"pgaptmp_002325",117680.837818848,0.42908623282008,0.125977372960987,3.40605795100172,0.000659081875541106,0.00180773967631835
"pgaptmp_002326",4635.22921090445,-1.17154911631923,0.146160777078873,-8.0154822636652,1.09705697569985e-15,1.76763898855188e-14
"pgaptmp_002327",11376.7566602566,-0.477478807117215,0.0937043217327097,-5.09559002496402,3.47656761667051e-07,1.66535195228412e-06
"pgaptmp_002328",2204.5025310522,0.163710920114806,0.129350241985624,1.26564061730167,0.205641777343408,0.298401050788368
"pgaptmp_002329",9355.96745147587,0.0432798503226367,0.093414274172067,0.463310888043899,0.643141542479989,0.728033096444805
"loaP",910.48718192927,0.547370217573783,0.15046577855175,3.63783860252001,0.000274935616451622,0.000812120437609813
"namA",12070.9048986707,0.638491623322305,0.0970759489494754,6.57723803096293,4.79267218610727e-11,4.06339997191145e-10
"pgaptmp_002333",10194.4665492582,0.779267888799776,0.141453257691513,5.50901337669603,3.60850487518837e-08,1.98730151959015e-07
"rnz",880.089728732747,0.0409418704690935,0.137376849334726,0.298025982306062,0.765683333175136,0.831836942813151
"zwf",5952.13956117879,0.147807356058958,0.0820828529778305,1.8007092918527,0.0717487122916768,0.121828789758039
"gndA",14888.3612043786,0.582001261721425,0.0838739261831064,6.93900104844084,3.94882203020806e-12,3.92981700439422e-11
"pgaptmp_002338",613.173861139085,0.895170191786465,0.19302316215672,4.63763095467089,3.52425318916839e-06,1.42889655447546e-05
"pgaptmp_002339",2387.41545487068,0.037823951536032,0.108807293680198,0.347623309584397,0.728123098307825,0.801797092278617
"pgaptmp_002340",10424.8403448566,0.0858692083415969,0.0761518915776314,1.12760440433787,0.259487025815526,0.35984005591855
"pgaptmp_002341",7245.57003403088,-0.123171690440925,0.10932433439869,-1.12666307202691,0.259884961203096,0.360257663164961
"pgaptmp_002342",4508.20013805482,-0.90476382463662,0.0939483693820456,-9.63043670249724,5.94761697412198e-22,1.63468590110224e-20
"mce",15.7695691372372,0.051392407251525,1.1468096294465,0.0448133726225591,0.964256065990448,0.979202565310459
"prli42",44.6334554266689,-1.81727643058542,0.56135542809431,-3.23730089642976,0.00120666108322048,0.00309737417361836
"pgaptmp_002345",11.1672645501646,0.681182765301292,1.00921667885704,0.674961858609739,0.49969999779162,0.60180056413263
"pgaptmp_002346",719.080215902722,-0.495124379620666,0.148097097184621,-3.34324162345622,0.000828057654658735,0.00221251298681968
"pgaptmp_002347",338.736665805907,0.364497087613619,0.205620018901095,1.77267315488841,0.0762828819110791,0.128589169598295
"pgaptmp_002348",346.442572741799,0.169019471728439,0.228569173613513,0.739467483984671,0.459623177292123,0.567214013886367
"pgaptmp_002349",586.834417389373,0.369443187731461,0.154252361512294,2.39505693209123,0.0166177847630277,0.0332713259214572
"brxB",843.705859964985,0.426352977588091,0.151439557704453,2.81533427626721,0.00487265210815251,0.010978214979748
"pgaptmp_002351",611.391697160651,1.03838273853139,0.157914882676631,6.57558502992861,4.8462238900501e-11,4.0994648451742e-10
"pgaptmp_002352",31207.1425340297,0.744956427672635,0.0928330498574934,8.0246897933032,1.01782813776465e-15,1.64711144728697e-14
"bfmBAB",17823.7656857925,0.46674658771217,0.102804135135765,4.54015382840171,5.62132009405156e-06,2.22343819235493e-05
"pgaptmp_002354",14607.6246034947,0.332440941536246,0.0961204032859686,3.45858870927953,0.000543013419803402,0.00151847930015647
"buk",13860.4855771519,0.588121168615362,0.0790812257023657,7.43692530549344,1.03055782421982e-13,1.29149367735561e-12
"bcd",11661.2021845234,1.04727850744521,0.0772046827372603,13.5649609623974,6.46140584432659e-42,5.01028178178824e-40
"yqiS",12042.6840830986,1.04312120550259,0.118474790592039,8.80458366113102,1.31339197585734e-18,2.76183329612487e-17
"pgaptmp_002359",2452.76067809662,-0.079360948272472,0.102991330660621,-0.770559500138741,0.440968074570736,0.546729904581039
"pgaptmp_002360",211.111653436301,-0.363560034035294,0.26088283979581,-1.39357588379461,0.163445715216085,0.246094236259817
"prpB",1942.55255632551,0.804308749685991,0.150409456216636,5.34746132269463,8.91964641452333e-08,4.67590478237406e-07
"pgaptmp_002362",882.495964985455,0.662450624399972,0.167684498267008,3.95057761001339,7.7962811117332e-05,0.000253430203474856
"mmgD",42.9883738591585,-0.0811871919919973,0.584497640066719,-0.138900803744443,0.889528535829265,0.926882757658602
"pgaptmp_002364",31.3445336029628,0.36892631243064,0.696514114282714,0.529675285633758,0.596337086138563,0.688664795100133
"pgaptmp_002365",16.3481916023516,0.873629800582094,1.02753822830209,0.85021634866635,0.395204813986718,0.502031507733298
"pgaptmp_002366",13.3226010355416,1.4235013448785,1.1188284775964,1.27231418701161,0.203261509877616,0.296101502843244
"pgaptmp_002367",799.464357081161,0.305214286421305,0.240265788205578,1.27031937713977,0.203970888631012,0.296323047417887
"pgaptmp_002368",19.8354426343931,0.532560515821808,0.743041816007743,0.716730208648524,0.473540582413547,0.578142150289963
"pgaptmp_002369",10.3468797261682,0.0600380064493273,0.98071811405394,0.0612184129047556,0.951185265857402,0.96941718497296
"ytaF",4049.90276990939,0.254965085849873,0.107467196100519,2.3724922125203,0.0176685355883738,0.0350732210452945
"pgaptmp_002371",6.26745275432666,-0.920500791849187,1.62889497227556,-0.565107516148357,0.572000636509363,0.668022080040116
"pgaptmp_002372",55.5349427467731,-0.336116698532142,0.488234536930011,-0.688432859841548,0.491180236923541,0.593562610983578
"pgaptmp_002373",6586.51930913788,0.563125669367193,0.107183196910405,5.25386147828669,1.48942919460834e-07,7.51172826874287e-07
"pgaptmp_002374",5.63520672772753,-1.72128455614552,1.93145760091665,-0.891184230670462,0.372830342854945,0.479500530789947
"pgaptmp_002375",4.56848454656371,-4.31853163782206,2.21136094623522,-1.95288410296575,0.0508333298091135,0.0902249182401147
"spo0A",5671.05747282652,-0.318019953141159,0.0998664719705051,-3.18445166697272,0.00145028527781585,0.00364234939543224
"spoIVB",148.752899831091,0.420150906278319,0.312352833904176,1.34511635776358,0.178587661500974,0.265244723107193
"recN",6906.06498685885,0.463413079029471,0.10644129570756,4.35369633513921,1.33861098812836e-05,4.94767636327086e-05
"argR",1231.18841127671,0.386196346194947,0.121152249047662,3.18769440295751,0.00143412017685313,0.00360905699678658
"pgaptmp_002381",9966.68161483976,-0.277490815499625,0.0990318088270308,-2.80203723214115,0.00507810126818882,0.0113859595904812
"dxs",18824.5203482679,-0.0950189572940919,0.0728869250107536,-1.3036488681622,0.192353330588104,0.282087902462144
"pgaptmp_002383",2827.86736149573,-0.187758908507,0.0963557795284725,-1.9486003789894,0.0513431668490797,0.090999650958226
"pgaptmp_002384",431.927860938018,0.309988198183277,0.194619876232159,1.59278797307166,0.111207764090714,0.178411766355878
"xseA",2189.00576069511,-0.584387903743649,0.113356521991665,-5.15530905038368,2.53212957169074e-07,1.23520134545648e-06
"folD",5678.8164740229,-0.404423518252725,0.0825876081734769,-4.8969031456054,9.73587938584202e-07,4.31906353684196e-06
"nusB",1168.53911473755,-0.844478670683228,0.175592633607717,-4.80930579679007,1.5145535910608e-06,6.47206482884996e-06
"pgaptmp_002388",16290.5460462971,-0.338533317921675,0.0790505563560432,-4.28249127554426,1.84812380631914e-05,6.64638622394601e-05
"accC",37432.0269897754,-0.754684105704785,0.123764037455636,-6.09776572597115,1.07561225904483e-09,7.46908363463594e-09
"accB",3217.8598209965,-1.33051135270927,0.128591981868815,-10.3467676084704,4.32853694697287e-25,1.46461950151209e-23
"pgaptmp_002391",27.9167547021459,0.562759299982321,0.776506687426874,0.724732071332377,0.468616415886164,0.57488144361513
"spoIIIAG",10.8521195938948,0.185074844946862,1.40873935751316,0.131376215166994,0.895477703116131,0.931256778708645
"spoIIIAF",12.9874912653475,2.50122879233631,1.03158450037223,2.42464751208822,0.0153232566672672,0.0309794466678809
"spoIIIAE",54.2216470288121,-0.724805433128108,0.517324910201767,-1.40106424190055,0.161194863340708,0.243394434626416
"spoIIIAD",15.7008769116847,0.19208729008449,0.936398067852081,0.205134223018103,0.837467258839219,0.887796393449039
"spoIIIAC",4.48156008950268,-1.87884629808569,1.77316816486841,-1.05959848327478,0.289327303924221,0.392877134332708
"spoIIIAB",13.1929285206767,-0.814449402500762,1.40826789669677,-0.578334139698232,0.563038549526758,0.659625269543151
"spoIIIAA",32.8635762008829,-1.3684885228422,0.606919159446647,-2.25481186669063,0.0241451401102517,0.0462761130228408
"pgaptmp_002399",5.76375088626554,-0.937247676726709,1.54859455763728,-0.60522470010271,0.545029706089478,0.64474615646691
"efp",4165.89078184365,0.665032129488834,0.115979663817613,5.73404084473506,9.80656991772955e-09,5.9446340771644e-08
"pgaptmp_002401",10746.4376934953,-0.154000624835035,0.0808568642036262,-1.90460793096313,0.0568310548830339,0.099541264129248
"pgaptmp_002402",22.3841648119789,0.0151968649203839,1.08369226769477,0.0140232290784086,0.988811448733484,0.992009760697042
"pgaptmp_002403",4310.78650705267,0.0952338330338796,0.109485408859749,0.869831277297185,0.384392616052432,0.491146349793049
"pgaptmp_002404",1607.20372286064,0.224135670487665,0.127329655940061,1.76027861563667,0.0783605781163178,0.13167407302435
"pgaptmp_002405",39.9787063961548,-0.115745547893098,0.601022057856793,-0.192581197944448,0.847286971143205,0.894892765776109
"mntR",3235.93049628131,-0.903341806666202,0.12480998948256,-7.23773642167023,4.56234994965505e-13,5.17715442457807e-12
"pgaptmp_002407",1349.74732321109,-0.448207629625749,0.121747301577762,-3.68145842919954,0.000231903604744122,0.000692732918826341
"pgaptmp_002408",1166.42037894269,-0.65326924848661,0.147920877843665,-4.41634242582739,1.00385017664296e-05,3.78554240877923e-05
"gcvPB",32201.3232736384,0.513050925160169,0.105269239115244,4.87370222747123,1.09526039789481e-06,4.78469389784563e-06
"gcvPA",21473.1559598459,0.684834808173422,0.0917055654138508,7.46775623794352,8.15737746297247e-14,1.02921216668419e-12
"gcvT",11033.422135405,1.00157131268158,0.10018456456765,9.99726172393821,1.56669267695602e-23,4.62796043145264e-22
"pgaptmp_002412",15.1894424364467,2.1269625164653,1.19540890685983,1.77927611569545,0.075194504728542,0.127042190921304
"pgaptmp_002413",362.287324808861,-0.363227822846487,0.206771126610206,-1.7566660722956,0.0789747437310886,0.132646207656639
"sinI",200.271816848507,-0.177218692592713,0.251423178290677,-0.704862192092032,0.480896000688698,0.585124195672878
"sinR",3410.94879895913,0.0166642165685242,0.089152701834922,0.186917684215339,0.851725173560961,0.898051301981274
"tasA",14144.0518741068,0.748044749905957,0.140358573515534,5.32952659157061,9.84691027870897e-08,5.13308124052588e-07
"sipW",2119.58658251317,0.991008725560101,0.173510269740926,5.71152777895976,1.11966415921018e-08,6.69998392376252e-08
"tapA",2097.98876607271,0.691495096221305,0.129232849028152,5.35076879772783,8.75813576492753e-08,4.59771245656703e-07
"pgaptmp_002419",21.9555841424628,0.421884905707345,0.737822468339658,0.571797314138081,0.567459297117026,0.663134538106616
"pgaptmp_002420",10.2123240276827,-1.45977222076544,1.23089474858009,-1.18594398298422,0.235644422116283,0.332222931483638
"comGG",26.4006481402672,-0.635433126825579,0.661237296698617,-0.960975931028284,0.336564269988033,0.441244175024818
"comGF",44.0048746547488,-1.52218985986317,0.527173778343122,-2.88745366783478,0.00388373800241981,0.00892300792901637
"comGE",18.9700297983814,-0.744651619806292,0.83389238155071,-0.892982879183444,0.371866341287011,0.478591466898428
"comGD",63.4477623759199,-1.09910640019856,0.483202059011695,-2.27463103623066,0.0229280726746612,0.0442167287539321
"comGC",62.9149893453664,-0.750584357848761,0.597865977393437,-1.25543915564679,0.20931938264843,0.302675502026984
"comGB",212.588230588642,-1.07118991622836,0.28154188271779,-3.80472669248325,0.000141960849335936,0.000440682469748418
"comGA",337.240639895173,-0.102590188855115,0.222735306338429,-0.460592397952562,0.645091066708844,0.729796033522893
"pgaptmp_002428",22.8309691602743,0.710299278141283,0.841735001854928,0.843851421856047,0.39875243663358,0.504643512121789
"pgaptmp_002429",46.2208521408408,-1.04847828133198,0.666092007817674,-1.57407425554785,0.115470283541258,0.183628574301119
"pgaptmp_002430",31.2414323212507,0.54349379469483,0.65686450675023,0.827406244529347,0.408006842393593,0.51373527313564
"pgaptmp_002432",98.6359285289402,0.686840685786862,0.40782196334157,1.68416796427318,0.0921492125689628,0.152399835329996
"pgaptmp_002433",428.66110739759,0.776390255759934,0.280537993833868,2.76750484007419,0.00564872066804045,0.0125220597536906
"pgaptmp_002434",2254.06498763115,0.940893617739353,0.123975517751599,7.58935017819048,3.21513783832309e-14,4.24352589866615e-13
"pgaptmp_002435",4300.61076250027,1.61999061348153,0.159070217824332,10.1841226826668,2.3345611623826e-24,7.30187953477987e-23
"pgaptmp_002436",1527.83431597484,0.45710837093498,0.124456531492888,3.67283553102313,0.000239873879813556,0.000715349325166917
"pgaptmp_002437",6769.58976082542,-0.0962973113218834,0.116599341284972,-0.825882121293722,0.408870963484402,0.514649214098392
"pgaptmp_002438",1400.74301384584,0.0270871236635126,0.117111286388842,0.23129387865808,0.817086501894607,0.871153239774198
"glcK",2365.07062967259,0.498392194231744,0.132796597397622,3.75304943047184,0.000174696390422598,0.000531225461726234
"pgaptmp_002440",112.138088050112,0.0546450116684077,0.347619315241981,0.157197857749558,0.875088916580341,0.915167448022486
"pgaptmp_002442",160.177259664634,-1.00838752596649,0.299382006741813,-3.36823023180588,0.000756523922314441,0.00204042176728576
"pgaptmp_002443",505.088146379947,-0.952296563649227,0.204213914284706,-4.66323054912691,3.11283681933848e-06,1.28163480548427e-05
"pgaptmp_002445",3762.18910709083,0.151369214792419,0.109946162214672,1.37675760338836,0.168587202717992,0.252406101575369
"pgaptmp_002446",5137.95396749444,-0.00192443220597003,0.103665977118399,-0.0185637781986283,0.98518909866368,0.989442478474425
"pstB",909.972643854108,0.825007906831231,0.154391182081178,5.34362063759214,9.11081447077416e-08,4.76940245572735e-07
"pstA",373.136713459486,-0.0760183078813947,0.19834041235287,-0.383271906010508,0.701518167507037,0.778024618433013
"pstC",336.414525094739,-0.366015954987233,0.215712606655015,-1.69677591246484,0.0897390343655317,0.148712682951251
"pgaptmp_002451",369.522525718393,0.157337557917561,0.23681248367145,0.664397228888699,0.506436105990411,0.608835654553072
"pbpA",8003.18107614596,-0.262483586069554,0.0841841360301388,-3.1179697083971,0.00182101518743922,0.00448565091174637
"pgaptmp_002453",141.40539709505,-0.581992051940415,0.290924528710917,-2.00049151757404,0.0454472149594902,0.0817171662218467
"sodA",47524.5532352265,0.200783507280676,0.0814047050459833,2.46648528690398,0.0136446333896676,0.0279297609469298
"pgaptmp_002455",40.5362706930223,0.736293208784237,0.543867472455579,1.353809974073,0.175797010747429,0.261412894127819
"pgaptmp_002456",1007.43283977953,-0.346586241575667,0.132471180147933,-2.61631428955814,0.00888847009506501,0.0189369694870246
"pgaptmp_002457",140.413855594103,-0.550287324112693,0.320080961232955,-1.71921292035922,0.0855756090360092,0.142574940390343
"ispG",11123.6120402446,0.491215032137492,0.0996172936376469,4.93102165497752,8.18006644642586e-07,3.68152446355466e-06
"pgaptmp_002459",59.6941752945583,-0.820761122601398,0.479662192584573,-1.7111232348309,0.0870583658002415,0.144721410231576
"pgaptmp_002460",1658.50002761359,-0.803595153862639,0.126399714331067,-6.35757096537306,2.04968988273298e-10,1.60948222437387e-09
"pgaptmp_002461",497.668616342221,-0.827487107265793,0.206591001485332,-4.0054363516145,6.1903101164282e-05,0.00020371648323029
"pgaptmp_002462",2002.96712119404,-1.2424877518384,0.188801477032608,-6.58092177755478,4.6754052648167e-11,3.98211862600635e-10
"pgaptmp_002463",5.63409625330026,2.08513989687196,1.46783499479305,1.42055469740722,0.155446256553331,0.235574497919991
"pgaptmp_002464",13968.4892932031,0.962560368625308,0.103058488426763,9.33994262209019,9.63863374921646e-21,2.50874089612473e-19
"pgaptmp_002465",11130.2249903457,0.377422730367794,0.105626413503121,3.57318513287062,0.000352665240222889,0.00101990677863993
"vrrA",10.2849719176901,2.34313959135038,1.04758717644531,2.23670129229832,0.0253058694929633,0.0482028895869035
"pgaptmp_002467",2143.00857221906,-0.0800354765064832,0.11412636433568,-0.701288234076002,0.483123154984911,0.58687479858154
"pgaptmp_002468",6794.41923351624,0.355907247941963,0.109441689468095,3.2520262586564,0.00114585435347794,0.00295965989149542
"pgaptmp_002469",3320.78659943663,-0.412352143183567,0.135382205188988,-3.04583709955043,0.00232033511288492,0.00561162267066774
"cccA",3124.53492385537,0.0836943228401024,0.120189098292881,0.696355360252005,0.486206311517673,0.589273816824741
"rpoD",26797.1066163191,-0.219945444887033,0.0735628188423971,-2.98989963065784,0.00279069129980757,0.00663279247629871
"dnaG",23069.0170787561,-0.153084088323766,0.0754124105068721,-2.02995882633689,0.0423607246726495,0.0767234147112416
"pgaptmp_002473",2572.15337244069,-0.136229555411722,0.103293979559356,-1.31885281206965,0.187218324366621,0.276080270718132
"pgaptmp_002474",3590.22400323679,0.208025693363254,0.091442505437902,2.27493431382983,0.0229098705357639,0.0442126629013341
"ccpN",2042.93355703166,-0.148562388020806,0.110948840611356,-1.33901703886395,0.180565126037411,0.267541162066578
"glyS",14930.9640874811,0.121947003950766,0.0984385418845685,1.23881359492061,0.215414538047578,0.309923815466982
"glyQ",3103.2999305555,-0.296755034763254,0.116301138345172,-2.55160902967698,0.0107226768690003,0.0225097593380819
"recO",4971.25162249111,-0.603314770937467,0.118838008304745,-5.07678292108652,3.83879024875757e-07,1.82477360228297e-06
"pgaptmp_002479",2330.86768052507,-0.487462283443709,0.113241882755587,-4.30461125850242,1.6727920927198e-05,6.08020719638973e-05
"era",11344.0795473521,-0.304912877613544,0.0948693614638031,-3.21402898584789,0.00130886459758993,0.00332959827618513
"pgaptmp_002481",3699.67869780276,-0.238623339541321,0.119188716466682,-2.00206317019972,0.045277937959624,0.0814915305056675
"pgaptmp_002482",1688.71097278864,-0.196736718940988,0.132147584660033,-1.48876515183474,0.136549221832688,0.210926944870538
"ybeY",539.799797217819,0.439436615587541,0.239804880030461,1.83247570079359,0.0668805787573852,0.114925906802857
"pgaptmp_002484",8689.65733486823,-0.339808730447424,0.0809547866267678,-4.1975125203414,2.69862742361494e-05,9.47103004334058e-05
"pgaptmp_002485",5079.17306597052,-0.118690742545498,0.0965196176478548,-1.22970589231438,0.218807259523963,0.31369822249875
"yqfD",138.935542250835,-0.128216874459365,0.35322858311243,-0.362985558330523,0.716615672437605,0.791699541004286
"yqfC",29.0800097187961,-1.25552607997832,0.720849047363908,-1.74173231492736,0.0815552951970491,0.136487773706572
"pgaptmp_002488",62963.4056492006,0.488956717419681,0.0996674822135265,4.90588009810608,9.30093327153712e-07,4.13103504017436e-06
"floA",139822.43801822,0.236240236059038,0.0903312892871724,2.61526474296194,0.00891583181778183,0.0189843970399222
"pgaptmp_002490",135492.614315357,-0.0462386921593261,0.0892402386323341,-0.518137253642133,0.604362509651408,0.694914198616787
"pgaptmp_002491",151276.080538287,-0.532951004653714,0.121938828001172,-4.37064234083497,1.23881566660594e-05,4.60626564546185e-05
"rpsU",58571.5565773864,-0.435887938142434,0.137073907211935,-3.17994829948556,0.00147301330223611,0.0036894720800288
"pgaptmp_002493",146.699345870466,-0.265129221440361,0.414564188494805,-0.639537202677802,0.52247351982837,0.62368391302155
"mtaB",10556.6846360345,-0.309628889710776,0.0798677053261101,-3.87677207510246,0.000105851431272894,0.00033501617958989
"pgaptmp_002495",1592.60046851912,-0.854470527214603,0.144212545881388,-5.92507761368685,3.12149925001745e-09,1.99969366756712e-08
"prmA",3520.84159808792,-0.674590806805696,0.124348425208189,-5.42500482556389,5.7952974355845e-08,3.11256811764005e-07
"dnaJ",6566.95418117259,-0.28096533899269,0.117280287189724,-2.39567403632099,0.0165898363963493,0.0332332459995759
"dnaK",61592.0239958457,0.0607153544765625,0.0947163476499749,0.641022969983351,0.521507759283359,0.623348937449841
"grpE",8127.66850630746,0.564340953743183,0.0997068876875381,5.65999969341855,1.51373265463285e-08,8.8308980259302e-08
"hrcA",6281.37322129619,0.477249790788565,0.123508802528903,3.86409536014147,0.000111501658686078,0.000351702689516595
"hemW",2946.14829257676,-0.484971865393059,0.112186002549318,-4.32292669649105,1.53972903536919e-05,5.61299850112058e-05
"lepA",8760.95789127144,-0.451713325399196,0.0972605444619754,-4.64436352786197,3.41126450022927e-06,1.38913856344128e-05
"pgaptmp_002503",77.5715517819816,0.425977810801205,0.422435802465756,1.008384725714,0.313269802771251,0.417020817566022
"spoIIP",151.836123347442,0.0583613379629424,0.328681614974078,0.177561917990287,0.85906703425176,0.903233757481653
"gpr",120.968389370255,-0.278106895566036,0.335983207173844,-0.827740463296842,0.407817498370416,0.513670635849302
"rpsT",9480.65871073643,-0.15343278151157,0.110501541758666,-1.38851258606568,0.164981014922515,0.24790445601195
"holA",1493.5773535663,-0.950256401119764,0.153590322491546,-6.1869549181529,6.13374970245109e-10,4.4415985199461e-09
"pgaptmp_002508",18.7790828009109,-0.464731773444827,0.772485880705868,-0.601605524518031,0.54743675062778,0.646844312963999
"pgaptmp_002509",461.006093438569,-0.708821957887546,0.188098800832497,-3.76834915879531,0.000164330739039695,0.000502166675456276
"pgaptmp_002510",915.777164874244,-1.03535520793138,0.179921699072071,-5.75447660438473,8.69106399904174e-09,5.30297380400547e-08
"pgaptmp_002511",1427.03088582023,-0.0145636077937819,0.114188096028909,-0.127540508163783,0.898512614069572,0.933369787766383
"pgaptmp_002512",495.438018717663,0.0424947612831403,0.252254533165716,0.168459851840299,0.866221525833705,0.908446469189364
"comER",11.5482184585725,-0.276756857805598,1.13451293142224,-0.243943325933404,0.807274713332286,0.864081999451563
"pgaptmp_002514",8778.33338419009,0.303633180276068,0.0831495583078043,3.65165115071417,0.000260559669832415,0.000772751467024898
"rsfS",4711.23093640397,0.262916384704662,0.102388172741697,2.56783940629494,0.0102334553377492,0.0215679053041351
"yqeK",3266.50489601814,0.327100403845449,0.101131298156134,3.2344131817674,0.00121892973340521,0.00312455679596019
"pgaptmp_002517",5758.90245253701,-0.0886598169879001,0.0867635421837081,-1.02185566375537,0.306849219279636,0.410939527476925
"yhbY",2375.50483434668,0.118206995742153,0.116930040820827,1.01092067455345,0.31205439792539,0.416147068820603
"aroE",5807.42485037321,-0.0532407885102849,0.0811351044237776,-0.656199174061605,0.511695980244692,0.614365302732498
"yqeH",5765.40951144659,-0.350575502062052,0.0927207807849633,-3.78098090950185,0.000156211653869076,0.000480909657320678
"pgaptmp_002521",705.952450092791,-0.81558725601412,0.210673989819363,-3.87132391954708,0.000108245835467956,0.000342303313179042
"pgaptmp_002522",482.053814722268,-0.13940385310406,0.166086791674814,-0.839343404122123,0.40127663321777,0.506637152820111
"pgaptmp_002523",1053.96880978288,0.101692281030707,0.131276621742687,0.774641209384809,0.438551699416721,0.544459448041707
"pgaptmp_002524",84.8467099191578,-0.191502486311016,0.38532006906801,-0.496995878709904,0.619191957599567,0.707324833266155
"pgaptmp_002525",20.3441156442733,-1.19806950953882,0.835994902768674,-1.43310623733592,0.151827479214801,0.230559721598322
"pgaptmp_002526",21.4466015142447,-1.00916274529065,0.725800231176021,-1.39041392099792,0.164403221597565,0.247136022126873
"pgaptmp_002527",10.2641028473694,-0.49493464414677,1.04144875745284,-0.475236674493014,0.634618289529453,0.720136973667263
"pgaptmp_002528",687.352381515532,0.139708135119419,0.157800650742588,0.885345747701113,0.37597018334647,0.482538283591573
"pgaptmp_002529",136.675103388956,0.31216255023424,0.289962790125604,1.07656072042561,0.281676560319743,0.384112318663116
"pgaptmp_002530",195.010961246346,0.276246400703857,0.326513966444275,0.846047731777511,0.3975261172161,0.503605244478667
"sigK",32.8455760485511,-0.847694963117669,0.632001272896391,-1.3412867971496,0.179827354756378,0.266766605979768
"pgaptmp_002532",1861.04991616987,0.802301051461696,0.120729306274367,6.64545400135411,3.02283857002216e-11,2.66611496626125e-10
"pgaptmp_002533",3567.23101295182,0.825124927951789,0.0993538256699046,8.30491349868301,9.98921946779223e-17,1.78749398361167e-15
"pgaptmp_002534",8880.23531097489,-0.699671520930769,0.117198954359,-5.96994678627899,2.37330981651971e-09,1.55245327541061e-08
"pgaptmp_002536",718.669576727136,0.674346662752807,0.235664324028027,2.86147114347528,0.00421679888650453,0.00962878862304899
"pgaptmp_002537",307.640382603834,-0.374127181090708,0.215399556995801,-1.73689856334292,0.0824050770655866,0.137724156640374
"pgaptmp_002538",15.0374342041149,-0.737535791047855,1.33507782122416,-0.55242906392647,0.580654422543053,0.675006976978001
"pgaptmp_002539",26.7878401812059,-6.68284074299128,1.70820092806846,-3.91220999425863,9.14553319893396e-05,0.000293192718057125
"pgaptmp_002540",1073.32150758681,-0.370281319465834,0.140950486563236,-2.62703115465806,0.00861334475411628,0.0183929255162483
"pgaptmp_002541",1184.84059062789,-0.378507538918385,0.179538374048859,-2.10822639407094,0.0350114112621928,0.0646070762111461
"pgaptmp_002542",646.692336757027,0.382826229730752,0.157631907097513,2.42860875554802,0.0151568785432408,0.0306930913699359
"pgaptmp_002543",2719.9733952955,0.706080661638574,0.0998795154867313,7.06932405706728,1.55690190598136e-12,1.64158325610839e-11
"pgaptmp_002544",657.721084446523,0.680832161673262,0.161328360862311,4.22016413006473,2.4412451804484e-05,8.62079180420202e-05
"pgaptmp_002545",1863.77116369095,0.124171092933541,0.112623932085897,1.10252848247952,0.270231982874746,0.3714192910856
"pgaptmp_002546",668.848603670822,-0.161606233982096,0.149575875762448,-1.08042980299012,0.2799508303189,0.382517250531184
"pgaptmp_002547",362.677903199861,0.00251849577239881,0.223456037887706,0.0112706543810843,0.991007509262085,0.99340962819108
"pgaptmp_002548",180.504895291591,-0.250950007786218,0.257841875214978,-0.973270953668741,0.330418654611048,0.435025904655933
"pgaptmp_002549",281.916385135788,0.332666607787772,0.227916427311224,1.45959908073458,0.144400292059317,0.220631316520844
"pgaptmp_002550",1751.31876988359,0.612619923396294,0.110364439285838,5.55088149190559,2.84232724387267e-08,1.58607826112355e-07
"ybaK",901.745721512241,0.115932340415501,0.134150809992529,0.864194114235739,0.387481264955112,0.493905913754427
"pgaptmp_002552",714.921109957969,-0.380878562112885,0.163559867058438,-2.32867982202994,0.0198760338510577,0.0389976794905835
"pgaptmp_002553",6192.45911960503,-0.517427449555872,0.097860274760465,-5.28741055369394,1.24059989791426e-07,6.33403679017402e-07
"pgaptmp_002554",198.041162769813,-1.00638487939842,0.297842107249228,-3.3789207600398,0.000727709798303426,0.00196841269570156
"pgaptmp_002555",715.32824664704,-0.205759655419121,0.160654051364013,-1.28076231923281,0.200277162939602,0.292079224592919
"pgaptmp_002556",963.483412438299,1.3063269711468,0.188448324370174,6.93201690974309,4.14882351074289e-12,4.09600029362998e-11
"pgaptmp_002557",1157.87140878129,0.867022296643115,0.13594703345088,6.37764778410106,1.79828494580535e-10,1.42408863155053e-09
"pgaptmp_002558",286.930913205087,-0.446346683836541,0.261399826930775,-1.70752478713287,0.0877245546799028,0.145599786746542
"pgaptmp_002559",542.268220323004,0.439067813736808,0.162206979302914,2.70683675649288,0.0067927649944132,0.0148372484208955
"pgaptmp_002561",1679.54412027581,0.278630660975558,0.143727079735467,1.93860935245039,0.0525489238748595,0.0928713649868124
"pgaptmp_002562",1161.84959672707,-0.531278450170123,0.128293623103262,-4.14111346549551,3.45623924940439e-05,0.000119222636573523
"pgaptmp_002563",5689.42835343094,-0.481032642835381,0.0970926097895279,-4.95436927566514,7.25652816898649e-07,3.30990169668722e-06
"pgaptmp_002564",2343.72524600973,-0.330683214698071,0.114943122687,-2.87692910169622,0.00401565807353612,0.00920904457775812
"mtnN",7835.42846463366,0.578601053928161,0.10247355960985,5.64634483403412,1.63894950376425e-08,9.50182251247747e-08
"pgaptmp_002566",2115.88898348283,-0.360785255316255,0.111960838515941,-3.22242366258168,0.00127111031759522,0.00324490576274993
"pgaptmp_002567",172.86975697142,-0.0334535468123366,0.257297112758418,-0.130019130233097,0.896551291427078,0.932112823098208
"pgaptmp_002568",4130.9016810739,-0.567409956769622,0.135619504253189,-4.18383741995045,2.86629134267747e-05,9.99844084109235e-05
"pgaptmp_002569",1468.25592412865,-0.380623949810874,0.130769721175197,-2.91064281846207,0.00360686083069152,0.00836953616697871
"greA",5294.28110533002,0.194111597470661,0.098423528199824,1.97220726609766,0.0485859505430372,0.0866077145216402
"udk",5092.42252219895,0.599653429355453,0.093998238493583,6.37941134818595,1.77769955136249e-10,1.41078842860793e-09
"pgaptmp_002572",7960.89096200001,0.42014174063576,0.0937837515015414,4.47989906469944,7.46783452781864e-06,2.87438263831861e-05
"pgaptmp_002573",3735.28682534138,0.266865752294111,0.0937462340413398,2.8466823763441,0.00441774160441729,0.0100506321831547
"pgaptmp_002574",1987.10977973065,-0.367433586484494,0.109545995064301,-3.35414896974388,0.000796094910008311,0.00213631236845777
"mltG",13268.9314695134,-0.0618601902552005,0.0863213373209732,-0.716626875521894,0.473604356860316,0.578142150289963
"pgaptmp_002576",4878.46804516938,0.682983914243014,0.104862005142363,6.51316855247791,7.35818626669544e-11,6.07254307863424e-10
"ruvX",6035.52368851718,0.739641714971406,0.112294219033841,6.58664106963963,4.49888097189311e-11,3.86716743126701e-10
"pgaptmp_002578",4734.55480251962,0.415475338865113,0.11765679497563,3.53124814381667,0.000413603535060965,0.00118326852997457
"alaS",11480.3499263642,0.328128649844645,0.0845340801438548,3.88161377383247,0.000103765585516346,0.000329254483624757
"pgaptmp_002580",163.549340212315,-0.465594533969247,0.315462248216658,-1.4759120516046,0.139967503776271,0.21509457021275
"pgaptmp_002581",25.3669490093142,-0.228337981220887,0.771313281932002,-0.296037922034665,0.767201121054471,0.832756655749415
"pgaptmp_002582",49.8321192393939,-0.642446633812366,1.71067769526355,-0.375550950124121,0.707250761780297,0.783681850356137
"pgaptmp_002583",12.6102088423835,-1.34099188771791,1.0545744596043,-1.27159526338338,0.203516960563772,0.296188167133087
"pgaptmp_002584",19.5485975799718,1.799191718078,0.874106806059359,2.05832022540712,0.039559403925704,0.0721058283111999
"pgaptmp_002585",7.77523715745369,0.617367756156204,1.18648469254946,0.520333519709923,0.602831137011191,0.694440573183427
"pgaptmp_002586",43.2625351784965,0.0263609276377069,0.59698712021296,0.0441566103273775,0.964779568237061,0.979249946271705
"pgaptmp_002587",124.14429930136,0.174239002090202,0.353264360904055,0.493225531282859,0.621853239829737,0.709110832918591
"pgaptmp_002588",6399.77756194867,-0.160889039993022,0.0875621029547952,-1.8374277748455,0.0661467696712753,0.113769998482665
"pgaptmp_002589",1880.31286943466,-0.173921467630362,0.105520792013387,-1.6482198845541,0.0993075578381112,0.162542977253056
"mnmA",7288.29638458483,-0.0428706794780837,0.0948373323438846,-0.452044341806585,0.651237038753585,0.734293928579474
"pgaptmp_002591",3679.235268674,-0.157448679621246,0.112229021942923,-1.40292303091905,0.160639792249701,0.24275327111384
"cymR",650.308014249481,-0.186844110282602,0.179034855320184,-1.04361862916834,0.296661870401899,0.401372403357277
"pgaptmp_002593",2737.59938780593,0.333118469975328,0.118733648267173,2.80559449521628,0.00502238527172326,0.0112746188066067
"pgaptmp_002594",5037.85057342951,0.110386186788928,0.0918444294223569,1.20188222065494,0.229409163790186,0.325540671534241
"aspS",33648.5379236895,-0.0946727577768242,0.0784484500936243,-1.20681489135652,0.227503439868678,0.323379796138962
"hisS",4774.20898806579,-0.560469228012121,0.122241377291433,-4.58493875339704,4.54119531877537e-06,1.81941108465898e-05
"pgaptmp_002598",13.5829135856437,-0.756308365791887,1.13398697481159,-0.666946254755303,0.504806464027967,0.607268797385938
"pgaptmp_002599",6683.21702124575,-0.370225022064656,0.0913896489241248,-4.05106077573437,5.09859610399911e-05,0.00017096373602779
"dtd",3179.15459722647,0.187525886470453,0.0949959437733552,1.97404098555892,0.0483770827838899,0.0863594734396345
"relA",17340.5495148531,-0.0544474507885275,0.0766792956097471,-0.71006717465994,0.47766248078498,0.582141373111229
"pgaptmp_002602",2210.6263932632,-0.370945489594465,0.104222166159679,-3.55918038611996,0.000372013960299032,0.00106839194462423
"recJ",5719.86679385715,-0.63569324157843,0.104390010837194,-6.08959838666796,1.13194284173261e-09,7.74465304582498e-09
"pgaptmp_002604",773.940774362801,1.23624899682383,0.176737910264781,6.99481506243762,2.65609056638838e-12,2.69372454716555e-11
"pgaptmp_002605",1051.32763537153,0.893498782757723,0.150386843522468,5.94133610247784,2.82708301992795e-09,1.82220045355595e-08
"secDF",31542.4602291698,0.181256604414754,0.0850089266505971,2.13220671706341,0.0329898565177297,0.0612715798198552
"pgaptmp_002607",658.85229654519,1.11458320531558,0.18255339643871,6.10551886220198,1.02467252140401e-09,7.18235616697878e-09
"spoVB",42.6320019657559,-0.0492259695645156,0.515232132910243,-0.0955413422809387,0.923884854037936,0.949936139501653
"pgaptmp_002609",70.9631422301638,-0.769049880987761,0.476950648103108,-1.61243072851744,0.106868242604073,0.172640450942864
"pgaptmp_002610",55.9717456929341,0.533282969100078,0.621163267573626,0.858523027582067,0.390603720596372,0.497545190985522
"yajC",3063.91990153887,-0.817257435805782,0.12109799032681,-6.74872831167743,1.49146567432821e-11,1.3878088099624e-10
"tgt",10395.9525518126,-0.378351750570319,0.0802742995564962,-4.7132363989553,2.4381306495534e-06,1.01702361627634e-05
"queA",6422.00516752941,-0.0505460778042567,0.0819632945893887,-0.616691630777865,0.537438142527177,0.637690033476909
"pgaptmp_002614",837.746744701643,-0.184148102291927,0.138753401925816,-1.32716099018878,0.184455433573437,0.272654139698306
"ruvB",5647.05148804612,-0.0657223954482028,0.094012192737048,-0.699083741531572,0.484499698529265,0.588112555165407
"ruvA",1658.07839400992,-0.500595341835488,0.129330399336751,-3.87067034821438,0.000108536481590075,0.000342640190397166
"pgaptmp_002617",4.72765457880938,-4.76781099476551,2.21798780884931,-2.14961100135128,0.0315859974775893,0.0588403816874813
"pgaptmp_002618",31.7002040907123,0.124584270193778,0.622389645800479,0.200170859258986,0.841346956875702,0.890640891209147
"safA",211.795809188568,0.212472960357161,0.258072681318358,0.823306671871457,0.410333620493882,0.516141174544856
"nadA",221.490123874493,0.371705656430989,0.254023586704938,1.46327221520081,0.143392907340963,0.219422559166685
"nadC",44.4336409789475,-0.530195076116065,0.662054527301623,-0.80083294389212,0.423228364357281,0.529854010137167
"nadB",113.262112531207,-0.613320361624216,0.385219756463396,-1.59213111823483,0.111355246368543,0.178494499131662
"pgaptmp_002623",54.3192072354147,0.143123585615177,0.493824010038003,0.289827109872933,0.771948506902881,0.836933394317658
"pgaptmp_002624",160.802138579556,-0.779496512373464,0.3216688916202,-2.42328845803911,0.0153807082647774,0.0310618535873584
"pheA",7878.78635013001,-0.372118194537902,0.0886542045741251,-4.19741168876845,2.69982882213443e-05,9.47103004334058e-05
"thrR",3839.59873049275,-0.102956535813395,0.112486566782402,-0.915278497320998,0.360045444509809,0.465730405380862
"obgE",14705.8773431337,-0.150757724217933,0.0825749854992551,-1.82570694147192,0.0678944170355485,0.116506694424302
"pgaptmp_002628",3866.00977007231,-0.40208129588354,0.0996673287317974,-4.03423369523158,5.47807777844064e-05,0.000182048263315679
"rpmA",72611.9619283995,0.27798311784621,0.109368729045965,2.54170566185679,0.0110313026281361,0.0230925243992816
"pgaptmp_002630",91283.2672041832,0.205999651730568,0.0711957709979275,2.89342539371566,0.00381064808037758,0.00878218709298165
"rplU",96837.0677615131,0.254091228748595,0.0890276816935242,2.85406992426578,0.00431630298324049,0.00983187252363593
"pgaptmp_002632",191.01335659993,-0.482290495853095,0.242792134999988,-1.98643376917098,0.0469851801083535,0.0841978047006701
"pgaptmp_002633",173.0059509556,-0.713979588543795,0.345262423168761,-2.06793308692851,0.0386463156087334,0.0705451626756771
"minD",12557.5120369526,-0.10086538987629,0.0991882290944231,-1.01690886909848,0.309196783778979,0.413372999003362
"minC",10629.7418924279,-0.124698050520518,0.0812832042762097,-1.53411829209857,0.125000553983119,0.195964468628176
"mreD",5581.74366060876,-0.69227780267813,0.0909383900014979,-7.61260236371819,2.68631282715215e-14,3.55816951696096e-13
"mreC",9777.38968874706,-0.198153926555809,0.0814945459985767,-2.43149923872538,0.0150364799201158,0.0304658564304143
"mreB",9101.97507582255,-0.395412284940644,0.0910050975427197,-4.34494655373595,1.3930957720426e-05,5.12868690755941e-05
"radC",8293.19024440089,-0.537858711098364,0.106609099989772,-5.04514822046117,4.53169929971881e-07,2.13506136627258e-06
"pgaptmp_002640",5293.62490306132,-0.197096177163346,0.0820458930758618,-2.40226743563027,0.0162937914503499,0.0326753727253245
"pgaptmp_002641",81.5017801158985,-0.243275717298158,0.463446386371789,-0.524927423002918,0.599633644997682,0.691613395314958
"pgaptmp_002642",76.4858694231751,-0.64055556948548,0.455457319619933,-1.40640086763784,0.159605122793371,0.241385724110902
"pgaptmp_002643",4136.8896029072,0.0847594768262058,0.116240633943609,0.729172527287872,0.465896134023097,0.573055324135481
"pgaptmp_002644",11823.1194711726,-0.216130893775311,0.0934415380107749,-2.31300659617127,0.0207222764831951,0.0404704259026883
"pgaptmp_002645",0.579648722010571,0.1490092239301,4.99745499512437,0.0298170216791301,0.976212983465445,0.985129538146577
"ysxE",542.295928026496,0.253359606014261,0.225912878153938,1.12149253324824,0.262078268055755,0.362892601824227
"pgaptmp_002647",480.130794471997,0.324235160692028,0.179292149630643,1.80841805600513,0.0705414598225969,0.120327824683641
"hemL",36703.0271241898,0.675956505787825,0.110725821686399,6.10477750801694,1.02943982732314e-09,7.20220871672317e-09
"hemB",14429.3813395239,0.60529411314972,0.112062910561832,5.40137776285708,6.61309954652392e-08,3.54157647657007e-07
"pgaptmp_002650",6564.62368056331,0.622849007546071,0.097995243383232,6.35591061405178,2.07195489721982e-10,1.62323581776503e-09
"hemC",10405.0736886853,0.706992658675605,0.0968338729916472,7.30108831582715,2.85449295314048e-13,3.34101345018518e-12
"pgaptmp_002652",7211.26114216533,0.333283495947552,0.0948702478515141,3.5130454857585,0.000443001631283477,0.0012577056229116
"hemA",17840.2683928543,0.635165347310765,0.110669814361431,5.73928266687438,9.50784111728496e-09,5.78238311087167e-08
"pgaptmp_002654",1159.84472008239,1.02142832351773,0.144780588785601,7.05500876937529,1.72589838070316e-12,1.80443645308347e-11
"yihA",5674.64346727242,1.03792232988185,0.116350091151126,8.92068342717242,4.63419512074026e-19,1.00281826973228e-17
"lon",16099.6140352605,0.94690146556031,0.11023322553251,8.58998238494848,8.69826597947383e-18,1.69502334950794e-16
"lonB",537.558752406511,-0.535869833905033,0.161698694953697,-3.31400221911798,0.000919707773075866,0.00244510880813455
"clpX",50795.506789535,-0.046919269911459,0.0821464086480001,-0.57116641717728,0.567886840356796,0.663425869368485
"tig",44956.4337224515,-0.843514635841229,0.128971575193328,-6.54031428690237,6.13896861070026e-11,5.13466093685986e-10
"ddcA",1405.69897938204,-0.723502774828303,0.177043130248023,-4.08659050376445,4.37758767833173e-05,0.000148798003093614
"leuD",13377.1260647757,0.194446130266849,0.118311754463673,1.6435064389697,0.100278194221521,0.163987451182998
"leuC",28198.8707119357,0.283241548489245,0.0834828002631397,3.3928132213637,0.000691787911287785,0.00187944131811178
"leuB",17380.4529655886,-0.135072926040886,0.106290675384546,-1.27078810584475,0.203804041268948,0.296196267709107
"pgaptmp_002664",22463.5204714559,-0.281847148045282,0.0731144600065567,-3.85487560217235,0.00011578848999997,0.000363990506570852
"ilvC",14587.5354518073,-0.0906215769831067,0.0766908875237551,-1.18164725835304,0.237345693661281,0.333862687757857
"ilvN",3906.45013675346,-0.278368966043647,0.0928133117242427,-2.99923535613844,0.0027065814135557,0.00647006809329115
"ilvB",8178.6015354386,-0.273294890424305,0.0854539962327702,-3.19815225118169,0.00138311236155014,0.00349249946383284
"pgaptmp_002668",2.89202678319742,0.0428358063608329,2.03630797003524,0.0210360156671643,0.983216925678257,0.988456967721565
"pgaptmp_002669",553.342321573846,-1.35231041045096,0.236519912792824,-5.71753301649277,1.08081679866607e-08,6.49886934512941e-08
"pgaptmp_002672",3127.7085646281,-0.0318182607818452,0.120268296312663,-0.264560667751765,0.791347923292886,0.852996516216658
"pgaptmp_002673",3432.06887925464,0.243255475812771,0.0990670175613521,2.45546380420833,0.014070292153746,0.0286956862445166
"rph",2387.64218329551,0.186847004462225,0.120728640307421,1.54766096914901,0.121703943926336,0.191860262301492
"pgaptmp_002675",217.189021141803,-0.305939778450131,0.248433564199539,-1.2314752212966,0.218145178591597,0.312884915112881
"racE",5627.58957480625,0.312589416334073,0.0998321515530704,3.13114974956641,0.00174123347953888,0.00430908976784822
"pgaptmp_002677",5220.70548580508,-0.492900219699264,0.102409373982303,-4.81303810903523,1.48652928446403e-06,6.3669298006618e-06
"gerE",595.894084196468,0.942637146186944,0.159583674744213,5.9068519865697,3.4870678396119e-09,2.21860965795479e-08
"pgaptmp_002679",2286.65057017042,0.482872951914721,0.112246761453353,4.3018876060437,1.69349212964499e-05,6.1374661212645e-05
"sdhB",41909.0381815316,0.892787551727984,0.0882855581170861,10.1124982473798,4.86281696506358e-24,1.4714963206477e-22
"sdhA",77092.868258255,0.574932414829124,0.0919286825026956,6.2541135060025,3.99780186285812e-10,2.99392727033359e-09
"sdhC",8729.38810742839,-0.179039509003817,0.0926222898250193,-1.93300672378167,0.0532353695109366,0.0938172563066789
"pgaptmp_002683",1133.14644035025,0.159398780276915,0.134943090981841,1.18122965108576,0.237511505174052,0.333969709957621
"pgaptmp_002684",1671.42568437576,-0.543676072999362,0.136567919058958,-3.98099404857046,6.86276677410151e-05,0.000224260034532097
"uvrC",6731.57739055099,1.00831418697332,0.114062444687815,8.84001907668248,9.57022607437699e-19,2.02388530959268e-17
"trxA",6674.09098511513,0.953383697963664,0.127046188127271,7.50422906831799,6.17911687711453e-14,7.95801834485131e-13
"pgaptmp_002687",1720.80093870861,0.820837894938958,0.106476097747165,7.70912826734218,1.26680043980288e-14,1.76592930222708e-13
"pgaptmp_002688",19576.5552423349,2.95552107350804,0.127877122309619,23.112195677598,3.49115037484621e-118,9.99543207321353e-116
"pgaptmp_002689",17412.2708405244,2.87301124769945,0.114312715887814,25.1329104149622,2.17317350989797e-139,8.08855180384024e-137
"pgaptmp_002690",10088.3870123606,2.91286931254913,0.145324881151602,20.0438444502179,2.28424574910151e-89,4.72331259897545e-87
"pgaptmp_002691",10544.8801271493,2.76028628514175,0.117001618044713,23.5918642089796,4.67138705979211e-123,1.58062751241329e-120
"pgaptmp_002692",9939.38982205428,0.0761227197944385,0.0866154995075248,0.878857943754342,0.379478304195978,0.485700910666241
"pgaptmp_002693",1172.25717424324,0.560639759951288,0.150577637601186,3.7232604315136,0.000196666471461175,0.000594632499413886
"pgaptmp_002694",2296.15340896112,-0.100446289717568,0.106773143162424,-0.940744898412961,0.346835604331586,0.452478836075066
"pgaptmp_002695",14913.6369829393,0.281756011313107,0.0932564818368391,3.02130217399865,0.0025169004558617,0.00605552908643649
"polX",10516.8524402128,0.375239103534899,0.0835229939318873,4.49264431110917,7.03442191097538e-06,2.72083045775112e-05
"pgaptmp_002697",1979.97842560267,-0.396746520126986,0.103907482042529,-3.8182671000015,0.000134392376312026,0.000418584455760135
"zapA",606.27468434085,-0.561841447267709,0.183949100042349,-3.05433104667737,0.00225563025598814,0.00546579154478376
"rnhC",2747.38655504578,-0.0670772526358827,0.124849541472683,-0.537264709542879,0.591084778666909,0.684723792778785
"pgaptmp_002700",619.254711555182,-0.580005551355717,0.164902089471655,-3.51727229905969,0.000436006252808534,0.00124068445944447
"pheT",19707.9735091291,-0.201013681111387,0.0778995447257049,-2.58042177036058,0.00986797113698798,0.0208803800863384
"pheS",2469.91363497568,-1.05889282218104,0.141520107467923,-7.48227825096195,7.30450814834299e-14,9.27896905397018e-13
"pgaptmp_002703",1553.5846161795,-0.156491482846319,0.114334705255794,-1.36871374703079,0.171088771453647,0.255227417775741
"sspI",7.49703437011004,0.34305035116645,1.26195608429323,0.271840165784041,0.785744919897034,0.848677478774451
"pgaptmp_002705",3194.47663804495,0.400545980974628,0.12973572440038,3.08739927129473,0.00201916189793058,0.00493779276221919
"glcD",10082.3818303123,0.473349130547521,0.128885021647313,3.67264655347473,0.000240051399014906,0.000715349325166917
"pgaptmp_002707",8920.66559714935,0.644430475113438,0.101075754339493,6.37571769139538,1.82108111263794e-10,1.43907938455168e-09
"cstA",3121.01550813584,0.588205634597141,0.134459862266109,4.37458156422194,1.21665626677449e-05,4.52839462493464e-05
"pgaptmp_002709",887.81641075204,1.37662135357597,0.220871187978598,6.23268868237065,4.5849678084921e-10,3.38596233793802e-09
"pgaptmp_002710",467.60117362549,0.789082028729976,0.206265625625059,3.8255624335794,0.000130473861269759,0.000406720026504223
"pgaptmp_002711",628.185467810037,0.873530127237021,0.265163635810701,3.29430588989445,0.000986650638706457,0.00259527468357981
"pgaptmp_002712",995.038449919873,1.51240535960944,0.175347122442915,8.62520775099579,6.39764093044578e-18,1.28021610446877e-16
"pgaptmp_002713",995.277948272785,1.32582249093045,0.160278793446984,8.27197698720513,1.31755739129693e-16,2.31318330679584e-15
"pgaptmp_002714",672.796330852858,1.3844717929633,0.218940299363909,6.32351283425494,2.55682956607366e-10,1.96622306713351e-09
"araD",584.557130314691,0.958928202960692,0.209935632228806,4.56772484394439,4.93046672237516e-06,1.97112751242539e-05
"araB",1159.73909758104,1.05416394172038,0.13962453008517,7.54999097277069,4.35288411832206e-14,5.66483730363451e-13
"araA",912.750984407174,0.80533358556098,0.153941095565874,5.23143987380785,1.68194744115802e-07,8.44832439404879e-07
"pgaptmp_002718",2635.54477682065,0.93576283794297,0.118515703992665,7.89568644844637,2.8872170316596e-15,4.4041892589496e-14
"pgaptmp_002719",13600.3566757774,-0.0888494000185452,0.0778714527528967,-1.14097524673752,0.253880223981012,0.353249418189654
"pgaptmp_002720",466.826825555599,-0.0131154614220195,0.20037523857681,-0.0654545018395171,0.947812130881817,0.967152813854262
"pgaptmp_002721",270.797358385648,-0.0599929485946519,0.222454775731429,-0.269686044713563,0.787401797589419,0.850220333805575
"rplT",31737.3532110033,0.239701014427756,0.0971406638238406,2.46756615604811,0.0136035081638825,0.0278965605432344
"rpmI",16339.8646626517,0.178469469612585,0.0988945235266143,1.80464461780389,0.0711303113694737,0.120951464102729
"infC",40221.4730580057,-0.0692709668038782,0.0741283090678154,-0.934473855872073,0.350059515891572,0.455885765622264
"lrgB",78713.1400053902,1.15534027742415,0.11200190318585,10.3153629051021,6.00539965673173e-25,2.01370247949149e-23
"lrgA",52579.7966103246,0.704284163420309,0.0889634442081682,7.91655684746573,2.44178122994929e-15,3.74004515961781e-14
"pgaptmp_002727",2176.12758961729,-0.146728486858799,0.110995173369035,-1.321935741935,0.186189549321187,0.274999008957721
"pgaptmp_002728",11540.5383862235,0.146485870850115,0.0802689750205889,1.82493760276048,0.0680104459399401,0.116652018335694
"pgaptmp_002729",2526.24764829063,-0.268778673117733,0.110903220538898,-2.42354254287379,0.0153699528909282,0.0310569840716802
"ytxC",1167.56249626652,-0.294356837765148,0.151954994146475,-1.93713171073144,0.052729245211374,0.0931458237668411
"pgaptmp_002732",1842.16469166201,0.243482545746971,0.159623432566964,1.52535590690813,0.127170350273153,0.199044593657139
"dnaI",3065.06039243399,0.197293728110446,0.0959141465071322,2.05698257551377,0.039687901983248,0.0722523167225755
"pgaptmp_002734",3407.27271395781,0.228575680901623,0.122970158835437,1.8587898321536,0.06305693425904,0.109111068950324
"nrdR",1257.72183145043,0.235599934357022,0.124631364871587,1.89037434196256,0.0587079124779564,0.102491017937596
"speD",19875.1310349083,0.788733239661346,0.118172964047259,6.67439668641909,2.48251288873837e-11,2.21580646807775e-10
"pgaptmp_002737",32362.287750376,1.55002991520081,0.108125288324487,14.3354985611611,1.31300229693255e-46,1.25307552543153e-44
"pgaptmp_002738",120.35074355783,-0.448645318696895,0.323543609465211,-1.38666104219603,0.165545145243482,0.248351080449916
"pgaptmp_002739",73.6121749352786,0.0419211561287623,0.459357361217066,0.091260442670805,0.927285648956463,0.952134039152217
"pgaptmp_002740",203.389943582178,0.969452055686061,0.284782201971148,3.40418765279538,0.000663611471346465,0.00181748483911077
"coaE",2684.64316312766,0.496748067534396,0.115312128361253,4.30785620379992,1.6484449176744e-05,5.99756792139209e-05
"mutM",5286.68376228119,0.459320241710657,0.1077303894876,4.26360884700527,2.01151444086495e-05,7.19198534956709e-05
"polA",10073.3084243785,0.155707106929448,0.0746990264492449,2.08445965537778,0.0371183763601093,0.0681825643606166
"pnpS",7404.19044402503,0.51358882907957,0.0908235498959701,5.65479800853235,1.56029657766515e-08,9.0740997844839e-08
"pgaptmp_002746",2616.60211587471,0.89427456156446,0.145518694296056,6.14542733420262,7.9748516385533e-10,5.69719727422176e-09
"mdh",170565.577407727,0.751825403602831,0.102055841696752,7.36680420349479,1.74766870465235e-13,2.10512068566862e-12
"icd",199065.917254105,0.663204864456525,0.0954343556566129,6.94933035271737,3.67024183451636e-12,3.68211323667652e-11
"citZ",128819.700107069,0.35124111704506,0.0941968163166,3.72880030111126,0.000192393539567919,0.00058218597908276
"pgaptmp_002750",342.202372882925,-0.684684304696335,0.209278818231429,-3.27163690278097,0.00106926805122563,0.00278494486794786
"ytvI",22.231053719326,-0.0252753597639953,0.924213280248134,-0.0273479729237491,0.978182194300525,0.986397758652548
"pgaptmp_002752",2998.12135986461,-0.209153239025708,0.133154085634055,-1.57076095735072,0.116238184037677,0.184494038800953
"pyk",72264.4382695879,0.0668115206144437,0.0912082926726099,0.732515856362559,0.463853768199096,0.570920544059866
"pfkA",10928.8518367182,-0.270851730045351,0.100291983248882,-2.70063190766914,0.00692078869843154,0.0150550412247587
"accA",9664.05542522421,-0.0648643821919938,0.0763221179310846,-0.849876601309249,0.395393695785331,0.502100080420677
"accD",13821.3471588783,-0.420490050933677,0.119564873301922,-3.51683600142214,0.000436723523809337,0.00124177613110646
"maeB",43715.1913152988,0.539243940514926,0.0978943774296559,5.5084260677015,3.62056240231443e-08,1.99050712871703e-07
"dnaE",30154.3655559289,0.539334568123866,0.103689385658666,5.20144433972533,1.97745696627672e-07,9.86607885855489e-07
"pgaptmp_002759",5.32039448851037,-0.685297250438598,1.42970971739389,-0.479326147190058,0.631706623682142,0.717905204903217
"ytrI",5.35569898699157,-0.432215119355592,2.20818216492451,-0.19573345271103,0.844818799351859,0.893299878178301
"pgaptmp_002761",3729.71248621562,-0.106765050351094,0.110828462040852,-0.963336027452407,0.335378918859363,0.440465891317766
"pgaptmp_002762",3216.43229751914,0.0119369475892568,0.111571414680258,0.106989300292246,0.914797468161016,0.94476437804406
"pgaptmp_002763",772.080702981713,-0.0303445771593217,0.20529748589135,-0.147807836163084,0.882494424907801,0.921100462565013
"pgaptmp_002764",1845.1026808756,0.279567406757666,0.121253266558502,2.30564845544001,0.0211302834187931,0.0411548481866813
"pgaptmp_002765",9220.10901850427,0.704768334312107,0.0953198390174994,7.39372140759408,1.42775396220073e-13,1.74805929187866e-12
"pgaptmp_002766",5251.87685609419,0.719945734703023,0.100560597708459,7.15932234999496,8.10768362230653e-13,8.94484248483592e-12
"pgaptmp_002767",68.222459983013,0.363007787099299,0.419602782404425,0.865122449901731,0.386971583953825,0.493425226267946
"argH",1211.79287580253,0.599801029307974,0.117096786583387,5.12226720142182,3.01883688784014e-07,1.46113275637724e-06
"pgaptmp_002769",531.526559214681,-0.0678135301182539,0.170544220810447,-0.397630185273918,0.690902806694488,0.768541615814968
"pgaptmp_002770",200.334780886668,0.586776752080124,0.37017622592579,1.58512813893607,0.112937223454754,0.180563722379121
"pgaptmp_002771",3896.44130236366,-0.591046469733592,0.0952085789133631,-6.20791189700906,5.36932363009538e-10,3.91855344141471e-09
"pgaptmp_002772",5498.04702784172,0.1042211582134,0.113886269646838,0.915133655150797,0.36012146874963,0.465730405380862
"tpx",8597.55145642512,1.39795108549486,0.0965452721002565,14.479746704149,1.6269560840463e-47,1.63662987697846e-45
"ytfJ",25.2755631042846,-0.930978325677679,0.748113090672427,-1.24443528296088,0.213339404070776,0.307651786885481
"pgaptmp_002775",68.9188514481615,-0.711388042945182,0.441308362764689,-1.611997648285,0.106962451477075,0.17264277727566
"pgaptmp_002776",17761.8865840375,0.219173340617916,0.0968397536551102,2.26325793225879,0.0236197938945961,0.0453159138534468
"sppA",30637.6586398183,-0.228313078436342,0.0802638837694921,-2.84453066203511,0.00444769048482857,0.0101064126889694
"pgaptmp_002778",16975.8876852985,1.7262168421231,0.107382660911428,16.0753777888493,3.79671713092615e-58,5.65255246452286e-56
"pgaptmp_002779",19528.1481741801,0.158947208248035,0.0901771413847599,1.76261085467162,0.0779661450768295,0.131070457080379
"pgaptmp_002780",5718.60104521749,0.0417012122232114,0.091802607221536,0.454248669894298,0.6496498563851,0.732863354566759
"pgaptmp_002781",3005.99257212513,0.286371383165909,0.127604508166235,2.24421054774055,0.0248188577067304,0.0473721991715131
"thiI",8857.6597146592,0.0972465045344506,0.0894808080644146,1.08678616831942,0.277131321950727,0.379500655003902
"pgaptmp_002783",5512.86108308419,-0.456479027277655,0.101413815945271,-4.50115226434237,6.75860660106643e-06,2.63408730567217e-05
"brnQ",5175.1604139652,-0.41487191273438,0.103219457402232,-4.01931886851217,5.83666334799288e-05,0.000192760079691477
"ezrA",11374.4626665345,0.331913435872514,0.120751886069063,2.74872258047116,0.00598279990717545,0.0131763202689391
"hisJ",1143.79312485059,-0.376077501870702,0.128969615999981,-2.91601629542541,0.00354531983440694,0.00824730026478915
"refZ",165.300823002643,-1.50997904822501,0.301756354057383,-5.0039676975215,5.6162172187804e-07,2.60968295734091e-06
"pgaptmp_002788",2783.08436550096,-0.476769788940112,0.126421092602185,-3.7712835661086,0.000162409987649761,0.000497113465487181
"pgaptmp_002789",3311.27653923446,-0.73319607733985,0.111843200169635,-6.55557133762085,5.5429243135435e-11,4.64656853491191e-10
"rpsD",41463.4772361737,-1.12916750068104,0.141272916854964,-7.99280942036675,1.31897942940476e-15,2.1069705734955e-14
"pgaptmp_002791",1690.23064458071,0.164561808737195,0.122718948803965,1.3409649474758,0.179931833530579,0.266815252749328
"pgaptmp_002792",292.356183490343,-0.164559811673587,0.243849194059064,-0.674842548930995,0.499775804334755,0.60180056413263
"pgaptmp_002793",64686.2055718879,0.00106220992179957,0.116606167479715,0.00910938027342646,0.992731866640754,0.994387453514129
"pgaptmp_002794",11016.8983216701,-0.263716838988678,0.13751313840544,-1.91775740155927,0.0551417795076882,0.0969932435385706
"pgaptmp_002795",36.7234984321713,-0.23257021358713,0.651024744039904,-0.357237133789917,0.72091428874787,0.795506369024481
"pgaptmp_002796",1.79224839267566,5.09885499151888,4.48626576890158,1.13654768891841,0.255727418845943,0.355553773980052
"pgaptmp_002797",2266.47591532645,-0.50741429494784,0.139095211350178,-3.64796379416977,0.000264326875149186,0.000782054554296717
"pgaptmp_002798",70.9756163604564,-1.33002899111306,0.525725194978439,-2.52989395185371,0.0114097006371034,0.0237729712415019
"pgaptmp_002799",456.23567816605,-0.922374369847687,0.314798576380403,-2.93004619161012,0.00338911620576885,0.00794350788279072
"hmpA",121.818790147407,0.190089309169336,0.326110167218131,0.58289905767393,0.559961255031704,0.657676172681604
"pgaptmp_002801",21.261465110834,-0.285339615571349,1.0665606562417,-0.26753247825287,0.789059211143179,0.851022423609073
"pgaptmp_002802",2045.10275691586,1.00968393682177,0.111013839188369,9.09511772769634,9.44840519238651e-20,2.19793525787891e-18
"pgaptmp_002803",111.221002134519,-0.242276472637108,0.340265598460394,-0.712021649362559,0.476451369986509,0.581236315663647
"pgaptmp_002804",2396.03990759508,1.07345793815903,0.12077195646197,8.88830461645331,6.20483778065586e-19,1.32726472526443e-17
"pgaptmp_002805",6.16901589139671,5.67874981677228,1.98051286416601,2.86731276505169,0.0041397367578567,0.00946443502011217
"pgaptmp_002806",3585.6880517904,3.36729593689368,0.179924852416654,18.7150129160367,3.73530940169708e-78,7.3172745226929e-76
"pgaptmp_002807",495.824979408958,0.0320182652403061,0.163118996197037,0.196287777553695,0.844384927409041,0.893094828023999
"pgaptmp_002808",237.374748712208,-0.00918986654615114,0.286991401942019,-0.0320214002369582,0.974454984725923,0.985041133392147
"pgaptmp_002809",119.099092174086,0.0291552006262106,0.309088615136399,0.0943263491388855,0.924849919639794,0.950646617205002
"pgaptmp_002810",8.23890032830036,-5.94454969769451,1.85472352948494,-3.205086689845,0.00135021807599957,0.0034163913520533
"tyrS",16503.3272365703,-1.131770241702,0.144232805198154,-7.84682957630283,4.26686453925444e-15,6.2771817451008e-14
"acsA",21861.4970427416,1.2822235869093,0.0948048407559813,13.5248746444248,1.11533610735736e-41,8.2338598944796e-40
"pgaptmp_002813",2608.8837099372,0.562916763063632,0.120815919709303,4.65929295094615,3.17297368045125e-06,1.30063965183255e-05
"pgaptmp_002814",3928.61503781186,0.909551868678861,0.108188794418895,8.40708017465451,4.20343751592444e-17,7.78367882302028e-16
"pgaptmp_002815",6536.00551658239,1.19714315648886,0.0923307229368239,12.9658159105717,1.91185176859329e-38,1.27069862191147e-36
"motS",140.369008616868,-0.751426570938031,0.406166667821758,-1.85004489651472,0.0643070789365726,0.110964741679148
"motP",572.834561731204,-0.0831097752295022,0.163284810665576,-0.508986567034209,0.61076163986056,0.700961329023549
"ccpA",12246.3264014176,0.502076652749316,0.117468340926556,4.2741444102222,1.91872652269356e-05,6.88005791663338e-05
"pgaptmp_002819",19565.9163191883,0.317911828124297,0.0966886882586844,3.28799401305088,0.00100903985252811,0.00264668522276929
"ytxJ",10291.2868512543,0.738825852588325,0.0936334701417885,7.89061701408189,3.00696123191971e-15,4.54955679073381e-14
"pgaptmp_002821",9277.13412135023,0.520872656885259,0.138895244409558,3.75011152541243,0.000176755940087518,0.000537049476739383
"pgaptmp_002822",9002.70517482899,0.205973899160476,0.118288412632587,1.74128551204967,0.0816335444689222,0.136517795848514
"murC",19422.83447607,-0.496090768711932,0.0876809431326794,-5.65790867419439,1.5322862841315e-08,8.92514796484731e-08
"pgaptmp_002824",8088.25118257293,0.107491665077737,0.0846330816903781,1.27009040591226,0.204052428718234,0.296325844591989
"ytpR",16812.0456128641,0.237947375143505,0.0882940837121472,2.69494132720434,0.00704010265845547,0.015296708753515
"pgaptmp_002826",11178.2791097497,0.0434266884978044,0.0873538780188789,0.497135210052369,0.619093706501763,0.707324833266155
"pgaptmp_002827",2552.0171519744,-0.32816466397169,0.152100885997066,-2.15754603808172,0.0309631440433734,0.0578538263701987
"pgaptmp_002828",1237.94045239138,0.232307999314618,0.136939065946632,1.69643335675411,0.089803841086524,0.148753848030281
"pgaptmp_002829",2639.7096098335,0.189111352674319,0.11979388258112,1.57863948141308,0.114418773317812,0.182500781531809
"pgaptmp_002830",4187.54783244866,1.32599004650014,0.330235504590151,4.01528614600602,5.937371460827e-05,0.000195565456435381
"pgaptmp_002831",2795.39242566154,0.755525267528022,0.127794589419891,5.9120285996273,3.37919845830173e-09,2.15735448744409e-08
"pgaptmp_002832",743.292238376761,1.1957603814099,0.166764473651616,7.17035442397604,7.48038519609098e-13,8.3110428954778e-12
"trmB",2007.09158359344,-0.401749915556372,0.11313769735704,-3.55098190029917,0.000383796809719593,0.00110053291662275
"pgaptmp_002834",16.9710509731124,-0.242514795392045,0.795928350977689,-0.30469425431843,0.760599026057454,0.828058810613507
"pgaptmp_002835",3690.28132536093,-0.261026442747961,0.11072775429585,-2.35737141431165,0.0184048281927767,0.0364182724792743
"pgaptmp_002836",5297.72239188778,-0.3374698698766,0.0870250457870689,-3.87784765666559,0.000105384671141711,0.000333822762544212
"pgaptmp_002837",4715.28142916322,-0.148604070851066,0.0961263405802814,-1.54592456088513,0.122122788094043,0.192090033475852
"thpR",427.233847421384,0.278941847456598,0.182929381381795,1.52486082525154,0.127293814766137,0.199154089348282
"pepV",10133.4175731266,0.441809479370262,0.0777302191334421,5.68388310615454,1.31670291489943e-08,7.77899722104079e-08
"pgaptmp_002841",213.676517627099,-0.24752561576298,0.267741970310763,-0.924493143438369,0.355229619705936,0.46100580353748
"pgaptmp_002842",43834.2210804417,-0.32861471131102,0.103122510159987,-3.18664383558155,0.00143933899635033,0.0036197430705513
"pgaptmp_002843",20779.9156790982,-0.527936298323489,0.105280529048218,-5.01456730030009,5.31529459440708e-07,2.48224924471558e-06
"pgaptmp_002844",1083.20133615356,0.379048881715127,0.121363761461688,3.12324599328429,0.00178868182425189,0.00442063330004351
"pgaptmp_002845",925.383639980361,-0.149550397779926,0.150339477877977,-0.994751344695422,0.31985721558795,0.424121323982312
"pgaptmp_002846",8525.67207599744,-0.520532521062433,0.0979053576564811,-5.31669086883699,1.05671368764219e-07,5.46262270195035e-07
"pgaptmp_002847",9108.1012781138,-0.147531103327983,0.082546766056697,-1.78724267921837,0.0738982740222957,0.125193161543461
"pgaptmp_002848",5122.08194228199,-0.502863724980577,0.113251710826494,-4.44023071537511,8.98624859194294e-06,3.43396481100735e-05
"pgaptmp_002849",198.976274570682,0.264928202639413,0.257190730536901,1.0300845683138,0.302970308611194,0.407389988674445
"pgaptmp_002850",24.2480510034942,-0.392533030149325,0.862026379258847,-0.455360809824425,0.648849684761532,0.732267594506496
"pgaptmp_002851",572.088567113925,0.852301656337046,0.192824866077508,4.42008167138803,9.86636057660757e-06,3.72818213869374e-05
"pgaptmp_002852",247.961115675432,0.526495353001656,0.249227552351073,2.112508621278,0.0346428472870635,0.0639904107208191
"leuS",31178.7271469496,-0.111994203375111,0.0709374396457127,-1.57877425425065,0.114387845945174,0.182500781531809
"pgaptmp_002854",1098.66207350618,-0.426954659485258,0.137156683172191,-3.11289723264339,0.00185260514962962,0.00455743315725145
"pgaptmp_002855",3858.27255222235,0.518717666495349,0.137961093910015,3.75988368745236,0.000169992374037435,0.000519041522696745
"pgaptmp_002856",1638.45735560183,0.0970616301097079,0.176702615099306,0.549293682242111,0.582803922317312,0.67675421174615
"pgaptmp_002857",14.2736517882655,-0.628877241887492,0.874723231706516,-0.7189442546994,0.472175267597259,0.577263778124344
"pgaptmp_002858",1254.72951824713,-0.111112349325624,0.158319326263568,-0.701824293647171,0.482788746471139,0.586660043867313
"pgaptmp_002859",406.726055717037,-0.22529871546969,0.221210550104255,-1.01848087879854,0.30844948328923,0.412818761885118
"pgaptmp_002860",646.914114032055,-0.22360326842071,0.186370133300906,-1.19978058962746,0.230224564531001,0.326312196947595
"pgaptmp_002861",523.317939488424,-0.143117938313027,0.178576872011759,-0.801436024165568,0.422879267042409,0.529595098227405
"pgaptmp_002862",6211.88373012807,-0.0826630027491089,0.0830991114447446,-0.994751945140523,0.319856923482624,0.424121323982312
"pgaptmp_002863",2020.15886673529,-0.940594326099695,0.122490172866176,-7.6789370452381,1.6041403904695e-14,2.19507740195863e-13
"pgaptmp_002864",2392.43261568609,-1.20643089002998,0.158075739402173,-7.63198005331231,2.31175212561164e-14,3.07297907554519e-13
"pgaptmp_002865",2728.68662693419,-0.883053435151491,0.122774461825232,-7.19248467493596,6.36227106206248e-13,7.11122309098996e-12
"pgaptmp_002866",2225.5033267131,-0.844359878183375,0.120644102075986,-6.99876631890025,2.58226134593667e-12,2.6331991039935e-11
"pgaptmp_002867",645.059637124538,-0.781072803313978,0.173317330945958,-4.50660530629521,6.58730004929534e-06,2.57438126357213e-05
"pgaptmp_002868",52.4785333866906,-0.881992274039445,0.482538662201418,-1.82781680128108,0.0675770508087658,0.116015582615418
"pgaptmp_002869",15.4482580528425,-1.82274494775041,0.95199129813319,-1.91466555558304,0.0555351689588726,0.0975929645254598
"pgaptmp_002870",166.04643212613,0.193922592181761,0.314330789171584,0.616937948372295,0.537275655179059,0.637690033476909
"pgaptmp_002871",1430.93478625052,-0.423480827035082,0.111970371826362,-3.78207931372949,0.000155523788382058,0.000479188361223527
"pgaptmp_002872",887.180813193047,-0.853363826640861,0.198887900576823,-4.29067743269399,1.78128896717501e-05,6.43060866714394e-05
"pgaptmp_002873",601.49262661106,-0.776739065557216,0.205262674019185,-3.78412231677648,0.000154251952847927,0.000475663437033955
"pgaptmp_002874",947.550775395054,-0.408207052479661,0.163949396057918,-2.48983565840922,0.0127802175477444,0.0263388536615198
"pgaptmp_002875",3289.12671771392,-0.594614656864226,0.116440104666896,-5.10661389875299,3.27982946917062e-07,1.5771996491283e-06
"pgaptmp_002876",4328.20936832574,-0.798342998438991,0.112022515870541,-7.12662978719025,1.02856251579186e-12,1.10644788548477e-11
"pgaptmp_002877",492.940877487346,-0.446148495108506,0.193722791744651,-2.30302532340428,0.0212774183329609,0.0413980925432726
"alaP",39198.4214867106,0.601384494262094,0.104961371112797,5.72957925269301,1.00680043065853e-08,6.09318894782285e-08
"metK",46314.5674000911,1.03118474531801,0.122931068247174,8.38831680242653,4.93151797722509e-17,9.08668807486721e-16
"pckA",105576.287960928,0.51969104350234,0.0914272355574108,5.6842038407254,1.31423450780501e-08,7.77675808911006e-08
"pgaptmp_002882",460.008142898325,-0.434528488177953,0.193259382172411,-2.24842118035077,0.024549345863453,0.0469299770435398
"pgaptmp_002883",112.253356753276,1.10122988930678,0.385471138642438,2.85684135311692,0.00427879642585089,0.00975240679547888
"pgaptmp_002884",95.165673743102,-0.133141174781568,0.352280876257487,-0.377940398570638,0.705474870626434,0.782179764215546
"pgaptmp_002885",6.25362790546235,0.460931690401834,1.33120296705675,0.346252000490157,0.729153338052556,0.802456748737911
"pgaptmp_002886",15.8613864305615,1.47901733930726,0.914732527901138,1.61688503928124,0.105903098373239,0.171527994841251
"pgaptmp_002887",14.0625516773992,0.111954755233904,0.991822521084612,0.112877811154636,0.910127428017514,0.94325864880379
"ytkD",782.241689347695,0.141585594389916,0.154669016233876,0.915410195509508,0.35997632798366,0.465730405380862
"pgaptmp_002889",52.919663193286,-1.08302164508267,0.510146997760519,-2.12295995043977,0.0337572080407339,0.062478532236505
"pgaptmp_002890",3566.97105784249,0.939128957293925,0.112744310530915,8.32972371618179,8.10312353457793e-17,1.46406921338345e-15
"ytzI",59.0431082533747,0.00644128305969592,0.563021783011165,0.0114405574598669,0.990871954958986,0.99340962819108
"pgaptmp_002892",1038.05110607363,0.955797183120289,0.177639593377757,5.38054138126602,7.42621653141776e-08,3.94299257203094e-07
"pgaptmp_002893",25731.1798869699,0.453050676834723,0.106485809500322,4.25456386123779,2.0945687563664e-05,7.46741849731394e-05
"yidD",484.670618663562,0.36298183665007,0.201070935780302,1.80524268831512,0.0710367136007849,0.120895586658492
"pgaptmp_002895",7472.30649390939,0.491942977499772,0.111354575311199,4.41780659775276,9.97075768605301e-06,3.76380934153035e-05
"pgaptmp_002896",100.114982308765,0.775806977349235,0.558967930272103,1.3879275273835,0.16515911459498,0.248071922729022
"pgaptmp_002897",54.5464269236454,-1.14673158838933,0.511024391851424,-2.24398601451247,0.0248333011970142,0.0473754726065027
"pgaptmp_002898",45.7078050766263,-0.918285267510662,0.619006274074027,-1.48348297258267,0.137946137117918,0.212426777969753
"pgaptmp_002899",10.9823817690098,2.13898845661947,1.30989184677375,1.6329504316618,0.10247942219134,0.166789859852196
"menC",3442.94164415639,0.180851815999149,0.129523709423437,1.39628348202962,0.16262914591312,0.245162284766558
"pgaptmp_002901",3978.88215151954,-0.275523912049668,0.120380520497931,-2.28877488575408,0.02209243538789,0.0428941285934932
"menB",24155.7360638454,-0.204354087026888,0.0776316746192612,-2.63235448712304,0.00847953376769821,0.018117580185633
"menH",6778.61577635768,-0.0341619060717884,0.0941868335122432,-0.362703626376268,0.716826290484805,0.791699541004286
"menD",5564.82672805574,0.34580880771492,0.115519912244264,2.99349957073821,0.0027579789665739,0.00657182952214343
"pgaptmp_002905",5544.37038654178,0.541377066961065,0.118718184709727,4.56018653153064,5.11082020832559e-06,2.03448907116447e-05
"pgaptmp_002906",14.7200319554488,0.798143981714408,1.02333195059146,0.779946312878336,0.435422476612998,0.541350143504462
"pgaptmp_002907",25.4434844829661,2.82523501449331,1.06710226031838,2.64757663773514,0.00810709817516534,0.0174722752796557
"thiT",1830.56918897288,0.0204664415151882,0.106034739002108,0.193016380365507,0.846946139631314,0.894892765776109
"pgaptmp_002933",56749.850158113,0.260402053928559,0.0918929042289613,2.83375583907696,0.00460044666975107,0.0104153664871128
"pgaptmp_002934",38754.7226709022,-0.636691684976888,0.0939515256445357,-6.7768104946566,1.22857863460767e-11,1.15183115315107e-10
"pgaptmp_002935",3009.83747344424,1.74162943763195,0.170941753248068,10.1884379008593,2.23323694936251e-24,7.10436574831391e-23
"pgaptmp_002936",571.66040186377,0.685705417455991,0.15749667441072,4.35377711955878,1.33811754555233e-05,4.94767636327086e-05
"gbsB",696.18835001292,0.602887929222953,0.18333459137666,3.28845704837187,0.00100738154337131,0.0026441989452948
"betB",590.328263608087,0.155628885396818,0.165708489878484,0.939172673113747,0.347642096880493,0.453213269558387
"pgaptmp_002939",271.917075214758,-0.370852300385904,0.221723285077264,-1.6725906810224,0.0944079026988698,0.155687290139651
"bslA",15078.584003097,-0.281911000696221,0.107460628228415,-2.62338872705082,0.00870598780546074,0.0185646154735894
"pgaptmp_002941",1579.52867246138,-0.990420349919661,0.210839453634617,-4.69750956401193,2.63352856979033e-06,1.09397247062049e-05
"pgaptmp_002942",941.656105109536,-0.861620214408034,0.169883204993013,-5.07183870497069,3.93990265431273e-07,1.86568927218219e-06
"pgaptmp_002944",51.1693227981745,-0.505756074911013,0.47778025420482,-1.05855373984166,0.28980306422783,0.393288760247244
"pgaptmp_002945",2580.75691824828,-0.157124737644894,0.106761567486341,-1.47173501986092,0.14109244689964,0.216555087571324
"pgaptmp_002946",44.0215485772023,-1.45627147472879,0.521054782240484,-2.79485291060369,0.00519233336279874,0.0116001589293739
"pgaptmp_002947",2287.30285644898,-0.519102397024447,0.105308208436377,-4.92936310219415,8.24981201806186e-07,3.70395661414068e-06
"pgaptmp_002948",1860.17690388415,-0.283637740161982,0.157173318783494,-1.80461761803663,0.0711345392049632,0.120951464102729
"pgaptmp_002949",2588.57325677519,-0.353790006262678,0.158094671603906,-2.23783637154497,0.0252317276023819,0.0480862724711036
"pgaptmp_002950",1142.91118848745,-0.243077238160008,0.155804916476942,-1.56013843244787,0.118727171114586,0.187644386789167
"pgaptmp_002951",2932.57727727225,-0.243177739239891,0.111594211460105,-2.17912502860265,0.0293223814120467,0.0551201533412312
"pgaptmp_002952",53.759581453731,-1.13863572491639,0.519979537661096,-2.18977025526438,0.0285409029605174,0.0538414803948535
"pgaptmp_002954",2963.43753060297,0.277781398613163,0.117043839790761,2.37331071083922,0.0176294267124815,0.0350142615922392
"pgaptmp_002955",4671.36960068183,0.744145739184096,0.0902083816792792,8.24918622118487,1.5947675980408e-16,2.77370327098498e-15
"pgaptmp_002956",4403.9934806873,0.66598146907686,0.118629946873767,5.61394054897052,1.97770187520801e-08,1.13072294616347e-07
"pgaptmp_002957",5143.54311481976,0.937288235123725,0.113543985620882,8.254847053311,1.52096888227845e-16,2.65776815954949e-15
"pgaptmp_002958",6909.52405785732,0.0477726167062332,0.113865204770139,0.41955412808217,0.67481120492256,0.755448555992888
"pgaptmp_002959",50336.0363227293,0.413322274999842,0.0952649488623375,4.3386605455183,1.4335374431536e-05,5.26195893828174e-05
"pgaptmp_002960",11782.3974132048,-0.256844792726269,0.076328999817254,-3.36496997656466,0.000765519884760106,0.00205723105492932
"pgaptmp_002961",73583.8528320237,-0.0812617329839138,0.0857456566832976,-0.947706695909448,0.34327879121365,0.448624880933008
"pgaptmp_002962",819.23395163011,-0.0217300693873008,0.154421130025433,-0.140719533549081,0.888091513108109,0.925903812825877
"pgaptmp_002963",1128.81633324677,0.20995261626668,0.130240724169767,1.61203508046385,0.106954306177679,0.17264277727566
"pgaptmp_002964",5712.90974547538,0.455664396437971,0.101792056764374,4.47642390695309,7.59037036299077e-06,2.91551687214155e-05
"pgaptmp_002965",1197.7976385565,0.673998490077918,0.165856847360753,4.06373629309324,4.82933850034258e-05,0.000162373964754066
"pgaptmp_002966",126.003498360963,0.281971847159378,0.388574676917013,0.725656775671974,0.468049206111604,0.574374989815051
"pgaptmp_002967",1035.16167010996,0.189501099243509,0.170406934685993,1.11205039626293,0.266116482574199,0.36741877117277
"pgaptmp_002968",3489.09844089126,0.0534706173220642,0.102445389033166,0.521942645019907,0.601710265111894,0.693578695183174
"pgaptmp_002969",13.2112903234533,-0.201496803341733,1.15571868980357,-0.174347620333093,0.861592276670448,0.905121776394978
"pgaptmp_002970",13.1488960280263,0.956025469447463,0.934181922255175,1.0233825411003,0.306127010897437,0.410329887970623
"pgaptmp_002971",107.576764684304,0.815534924093428,0.334864152814084,2.43542020619392,0.0148745048564752,0.0301923347060391
"pgaptmp_002972",293.842794429097,1.50206168137097,0.226695197115224,6.6259087112794,3.45118416542617e-11,3.00124006161593e-10
"pgaptmp_002973",342.254782749666,1.30500865742264,0.237902792249542,5.48547011610433,4.12371267370497e-08,2.25381183135535e-07
"pgaptmp_002974",46891.1036033943,0.730333120010418,0.108326407195581,6.74196753051929,1.5625600742041e-11,1.43956648420487e-10
"pgaptmp_002975",7342.14301791086,-1.77914335790127,0.305045334236466,-5.83239000312691,5.46390240059543e-09,3.41792348487667e-08
"ycaC",6140.63254870853,-0.750167611500862,0.13219340403171,-5.67477338975939,1.38872367171093e-08,8.15272792761526e-08
"pgaptmp_002977",6247.36886570381,-0.0365120387553042,0.0859714496025583,-0.424699582525333,0.671055688172331,0.752536689176684
"pgaptmp_002978",16373.3921483078,0.550264871487407,0.0937082096780463,5.87210953424417,4.30284278940614e-09,2.7236702146547e-08
"pgaptmp_002979",7.66117022506502,2.38906957001785,1.60370849481677,1.48971560463725,0.136299029801849,0.210813203884817
"yugI",3832.63102642299,0.0244192360938594,0.100643012851126,0.24263220468152,0.808290330830553,0.8642506783543
"pgaptmp_002981",11592.5904006388,0.418444491917554,0.0894702350552831,4.6769128488262,2.91225952393219e-06,1.20304438935356e-05
"pgaptmp_002982",3212.13506475551,0.505638121189056,0.121063949464045,4.17662007085953,2.95872594659306e-05,0.000103015696662482
"pgaptmp_002983",197.089368743042,-0.171014543478482,0.303738679498815,-0.563031826439311,0.573413212125667,0.669116839400632
"pgaptmp_002984",963.573455521916,-0.338558571956498,0.141734973048972,-2.38867348455713,0.016909322854644,0.0337642165584684
"pgaptmp_002985",665.6578416696,-0.541454997901398,0.166206938392792,-3.25771597225258,0.00112312757743426,0.00290701032212123
"pgaptmp_002986",1802.39961828005,-0.818648386943947,0.171408740883414,-4.77600140299006,1.78815144833279e-06,7.57167200306557e-06
"pgaptmp_002987",430.302570325788,0.216937858372937,0.20999393683017,1.03306724778622,0.301572429325196,0.405893092546625
"kapD",232.274838782021,-0.597838024730621,0.257750732720724,-2.3194425809,0.020371051096823,0.0398429070848005
"pgaptmp_002989",1179.82713410929,-0.0647205486978862,0.1184895063958,-0.546213337084001,0.584919299369709,0.678637665914606
"pgaptmp_002990",19752.7160072629,-0.316901372785645,0.0822780533880438,-3.85159054858845,0.000117353121839,0.000368286947289002
"pgaptmp_002991",2938.86997273594,0.1500602701847,0.111668016854567,1.34380706679993,0.179010783722755,0.265661139161123
"pgaptmp_002992",1579.6456124913,-0.671413909979611,0.146910077470577,-4.57023726036821,4.87172351577592e-06,1.94973708878688e-05
"malK",5936.28282228035,-0.497177582160096,0.0997829067110877,-4.98259269595772,6.27379192872092e-07,2.89715304698502e-06
"pgaptmp_002994",3842.19034157672,-0.150014184022124,0.114980403894821,-1.30469348637313,0.191997240342125,0.28171165479722
"pgaptmp_002995",29213.8832409155,0.632770329999953,0.0911401235516644,6.94282940752495,3.84323423957899e-12,3.83499137793914e-11
"pgaptmp_002996",5168.56115150761,-0.689842665794676,0.104817844183424,-6.58134758607989,4.66203260066738e-11,3.97983608708348e-10
"pgaptmp_002997",2899.97472539155,-0.502287853808957,0.106573331618354,-4.71307264379876,2.44009158875544e-06,1.01702361627634e-05
"nupQ",2823.30921743662,-0.137786991214546,0.134253469828547,-1.02631977698984,0.304740878138528,0.408884480328624
"pgaptmp_002999",4.95928272301515,-0.894074395794387,1.42354041788876,-0.628063934510818,0.529962057999337,0.63120600955953
"pgaptmp_003000",7116.04345162713,0.00276401360936438,0.10308098252555,0.0268140013962253,0.978608085734449,0.986559939085488
"pgaptmp_003001",900.051270341546,0.0813311103874802,0.165517809802046,0.491373771105053,0.623162111832956,0.71038572136057
"pgaptmp_003002",1122.93385213507,0.0811666573866335,0.145560689844155,0.557613854905023,0.577108093520679,0.672156874168904
"pgaptmp_003003",6537.71381307659,-0.037909809558688,0.118803045915514,-0.319097959707592,0.749652230774046,0.819925243297385
"pgaptmp_003004",1403.18840618263,-0.235791619894763,0.14248866386557,-1.65480967747174,0.0979631103200691,0.160837537102469
"pgaptmp_003005",720.665447211293,-0.195312142450484,0.162001033281733,-1.20562281915092,0.227962956498317,0.323846612246845
"mnhG",1047.95836257405,-0.126058212227042,0.130471026550334,-0.966177821697532,0.333955208644565,0.439060857144144
"pgaptmp_003007",816.628451535476,-0.434510119636527,0.159737086402506,-2.72015803857625,0.00652507225611531,0.014302896900625
"pgaptmp_003008",1572.49231770855,-0.724110873115679,0.181975201579797,-3.97917335345361,6.91553036513939e-05,0.000225786000167095
"pgaptmp_003009",12819.5527846652,-0.440837200956531,0.0879343914567208,-5.0132512848912,5.35179310247081e-07,2.49616214629027e-06
"comX",1902.05742584321,0.142518309602523,0.144428639583603,0.986773191338035,0.323753839982768,0.428068132296932
"pgaptmp_003011",13837.2795289922,0.0743775491171577,0.083219916324476,0.893746982719357,0.371457281431751,0.478230370629187
"degQ",217.509019211196,0.313409516259975,0.290897396383458,1.07738852308888,0.281306729269436,0.383937978090637
"pgaptmp_003013",26.9372537355506,-0.415330474220305,0.93827530766113,-0.44265310067214,0.658016670117948,0.740144468473558
"pgaptmp_003014",14796.6850365277,0.478382393652309,0.136713696789432,3.49915483880975,0.000466735456880941,0.00131804959826317
"pgaptmp_003015",10228.99785527,-0.641807868575653,0.10732223719753,-5.98019464870441,2.22871139040046e-09,1.46559431008313e-08
"pgaptmp_003016",3576.99883187848,-0.826622167853017,0.138262862371179,-5.97862762043705,2.25025286836742e-09,1.47715011923519e-08
"pgaptmp_003017",1353.31374892239,-0.56200337235895,0.166871730937795,-3.36787644738011,0.000757495343454355,0.00204156239560978
"pgaptmp_003018",246.614532812611,-0.700556576909302,0.296313905686929,-2.36423793640477,0.0180672047209487,0.0358073141487598
"pgaptmp_003019",432.367393135744,0.403459804147985,0.183432999861573,2.19949411748406,0.0278428069582609,0.0526045317252016
"pgaptmp_003020",3094.93741041035,-0.0688010063072245,0.13315201149484,-0.516710228668912,0.605358454655311,0.695844400317192
"pgaptmp_003021",222.491314618783,-0.808867931179604,0.264148215255184,-3.06217450834634,0.00219735307627294,0.00533847790462656
"pgaptmp_003022",2401.14255881144,-0.943417194125085,0.177646684957039,-5.31063776592981,1.09242268399195e-07,5.62378593335828e-07
"pgaptmp_003023",3524.8720964563,0.319023630817241,0.0983849740487658,3.24260522403668,0.00118442202413946,0.00304448810348555
"essA",1627.57124416459,0.102546161651785,0.175400302605956,0.584640733956766,0.55878931215633,0.656788259184685
"esaA",8023.21697471532,0.205685317028243,0.10155072219619,2.02544415815056,0.0428217770211644,0.0774077970241738
"essC",6909.58651347617,0.102926652160062,0.0914713280214168,1.12523404203733,0.260489871246092,0.36082742864829
"essB",646.89137261946,-0.659360983589903,0.186240403215646,-3.54037562314788,0.000399557915321317,0.00114484569732559
"pgaptmp_003028",317.360676260056,-0.388287158990077,0.24141171585896,-1.608402299816,0.107747098311445,0.173784606330393
"pgaptmp_003029",28823.42541358,0.0509743289282867,0.0978308322267587,0.521045643464783,0.602334975490096,0.694083832437813
"pgaptmp_003030",1231.94284296263,0.584233237826482,0.14226844809993,4.10655521747251,4.01603491151719e-05,0.000137766653831032
"ald",24821.9638364852,0.751027582211993,0.113367212042668,6.62473363047271,3.47874907982079e-11,3.01815945806364e-10
"pgaptmp_003032",1960.77915295399,1.27806597949741,0.137901527405118,9.2679610120836,1.89738228400357e-20,4.67685884838496e-19
"pgaptmp_003033",31.0836175338481,0.360245134078676,0.725608852487252,0.496472903884542,0.619560799994525,0.707363588214608
"pgaptmp_003034",2434.11519632532,0.422187867727638,0.167944930922653,2.51384704145715,0.0119422216531543,0.0247213286946832
"pgaptmp_003035",364.165344536103,0.424400928656945,0.2028081318001,2.09262283957756,0.0363828360806113,0.0669717684925991
"pgaptmp_003036",472.248038893162,0.526732375387164,0.167083527761716,3.15250930144567,0.00161873664326711,0.00402467453990659
"dhbC",311.099665037172,0.128832889392713,0.293032141824408,0.439654464491861,0.660187387262677,0.742137558257833
"pgaptmp_003038",331.904590075768,-0.233925490757834,0.194261274429849,-1.20417973908798,0.228520115233248,0.324514257496432
"pgaptmp_003039",683.282937792002,-1.01004564678829,0.209514607195792,-4.82088413933069,1.42923352421875e-06,6.13564841654232e-06
"pgaptmp_003040",349.302703777655,-0.424612931245744,0.260487244893244,-1.63007187326874,0.103086307478926,0.167695470470526
"pgaptmp_003041",951.19371788535,-0.0512592721907183,0.174480892946426,-0.293781578745459,0.768924812296927,0.833898062753253
"pgaptmp_003042",4314.95230854359,-1.26124223306595,0.169945091332482,-7.42146903553954,1.15828335529015e-13,1.43704354946331e-12
"pgaptmp_003043",5515.49835782769,0.871215489956522,0.116128435717566,7.50217192346748,6.27689686033261e-14,8.02838835538075e-13
"pgaptmp_003044",553.54099194779,-0.742246190478845,0.184779793602521,-4.01692293301012,5.89629960386977e-05,0.000194556978063859
"pgaptmp_003045",10258.1950693528,-0.107363336893358,0.0888293242220974,-1.20864745773502,0.226798315587544,0.322808157023648
"pgaptmp_003046",8870.65439730328,-0.267095408784689,0.115098767360274,-2.3205757534192,0.0203097520599558,0.0397438996672742
"pgaptmp_003047",66.320909403187,-1.76344373224782,0.500038875251472,-3.52661326854032,0.000420911080989458,0.00120232620371662
"pgaptmp_003048",412.886147468559,0.135194581665046,0.180138906279975,0.750501845808501,0.452952512523984,0.560096096881817
"yumC",5866.4148972929,-0.664097762594492,0.0841515532086844,-7.8916875241461,2.98127433200136e-15,4.52910329130983e-14
"pgaptmp_003050",217.652621688944,-0.815323266451403,0.265610590671921,-3.06961881447898,0.00214332133824282,0.00522083901893963
"guaC",1084.40529649822,-0.124240710367962,0.158960546109801,-0.781582055475222,0.434460236116192,0.540642259720651
"pgaptmp_003052",1672.10482434548,0.278517252716133,0.123587310769854,2.25360719463174,0.024220890322677,0.0463974028723643
"pgaptmp_003053",1910.95548834398,0.108476559092974,0.102832185883101,1.05488916880838,0.291476016479375,0.395218117790978
"pgaptmp_003054",995.036087877701,-0.876226545625762,0.174632866488176,-5.01753514814513,5.23386284146324e-07,2.4472911427043e-06
"pgaptmp_003055",1270.75164113,-0.62671084374274,0.17492796836803,-3.58267948567383,0.000340087788976192,0.000987284552095738
"pgaptmp_003056",165279.790764912,0.374683069490817,0.119559356630285,3.13386655842799,0.00172519291258496,0.00427507857565994
"pgaptmp_003057",1068.78910343961,-0.928048170431111,0.155435345647893,-5.97063793027753,2.36327688668197e-09,1.54861207257576e-08
"pgaptmp_003058",48.8062562120352,-1.37098524284474,0.585369854223214,-2.34208378336128,0.0191764095545233,0.037784328407589
"pgaptmp_003059",2054.83946284939,0.289040486319779,0.116638060668022,2.47809749805814,0.0132085046325075,0.0271613559349132
"pgaptmp_003060",4432.12733974578,0.373666688055903,0.116539784124992,3.20634443303187,0.00134432971670638,0.00340612335301645
"dapF",2299.5396417474,-0.128082568966976,0.129771019086587,-0.986989004698461,0.323648028879626,0.428068132296932
"pgaptmp_003062",5089.7563880625,-0.411150908292671,0.0956445637381996,-4.29873787095817,1.71773481333216e-05,6.21322543753381e-05
"pgaptmp_003063",413.181093990825,-0.536163720862203,0.236064623721179,-2.27125823603065,0.0231313498738623,0.0445164861584879
"pgaptmp_003064",3331.73854878055,-0.0767573663885219,0.0904333972871021,-0.848772341758184,0.396007983189769,0.5025372360833
"pgaptmp_003065",873.915849253652,0.628589276756841,0.14795178751085,4.24860887003978,2.15102104067154e-05,7.64258339212392e-05
"pgaptmp_003066",1299.35451277678,-0.0389174900200309,0.152634255464728,-0.254972187609775,0.798744580499379,0.858089394165145
"pgaptmp_003067",3080.39866717524,-0.604264992575485,0.0989132528984964,-6.10903973803768,1.00232371792032e-09,7.05226631020688e-09
"thrB",15672.3764042041,-0.265827426777245,0.072749581912638,-3.65400624702512,0.000258179981205164,0.000766916113364421
"thrC",13985.1277935366,-0.259986452030534,0.0839521075059066,-3.09684247071751,0.00195593784329438,0.00478947411364585
"pgaptmp_003070",8451.83311330005,-0.577431127834543,0.0810067750576905,-7.1281831355873,1.0170240512816e-12,1.0972068170638e-11
"yutH",395.996030817643,-0.894137518405651,0.218999544409424,-4.0828282123457,4.44909117012384e-05,0.000151090486635045
"pgaptmp_003072",8.24395150829896,0.315566876063671,1.27437730075714,0.24762436985984,0.804425053430235,0.861850906409711
"pgaptmp_003073",5036.12055250979,0.524043613255493,0.112753774622602,4.64768133048777,3.35686966846926e-06,1.36998562566256e-05
"pgaptmp_003074",4052.77851788395,0.263461827663206,0.102135771780986,2.5795254989423,0.00989361540681796,0.0209227480364639
"pgaptmp_003075",887.548058434229,0.195813351897412,0.134478756393861,1.45609133478238,0.145367372647857,0.221744820080051
"lipA",19005.2173949733,0.16705783090773,0.0857750436662953,1.94762746560249,0.0514595549020316,0.0911625242005529
"lytH",37.7552515931955,1.23197836793671,0.63356976139526,1.94450310447838,0.0518348114181714,0.0917399753202254
"yunB",137.361081445047,-0.389756679566519,0.292827176424972,-1.3310126618879,0.183184844681814,0.270883588361426
"pgaptmp_003079",6164.55204794926,0.0235196173082708,0.0945730622014277,0.248692563831519,0.803598601367832,0.861326115531147
"pgaptmp_003080",1641.09863007006,-0.562253794025362,0.129516483621215,-4.34117556549586,1.41722423337572e-05,5.21080648785896e-05
"pgaptmp_003081",1999.74650773108,-0.304225133886952,0.105089066937895,-2.89492658705155,0.00379247216046361,0.00874571337127978
"pgaptmp_003082",149.086029741269,-0.156855509235319,0.314408057011456,-0.498891506554501,0.617855817847734,0.706500569594244
"pgaptmp_003083",231.910927300774,-0.0118588970647944,0.326124177708356,-0.0363631336631517,0.970992809801032,0.98287605060632
"pucR",738.429624842849,0.700081011678483,0.151409110174056,4.62377072868131,3.76826362444268e-06,1.52616726987765e-05
"pgaptmp_003085",233.485910699189,0.517062259705324,0.266962984681045,1.93683128139688,0.0527659707565391,0.0931664815729784
"pgaptmp_003086",184.519147099445,0.577793633622413,0.291318486424441,1.98337441854132,0.0473256223975587,0.0847262946434408
"pucL",218.484359908484,-0.166554113329267,0.263085267680485,-0.633080349947781,0.526681173584451,0.628102315950441
"uraH",70.7749154863725,1.49634568704479,0.505894666730476,2.95782064024406,0.00309822339895486,0.00731699713890227
"pgaptmp_003089",457.74860884895,-0.398431018222672,0.178398397770744,-2.23337778366533,0.0255240419721851,0.0485935980667381
"pucE",35.2671771131531,1.18650939775541,0.581358121673659,2.04092684615739,0.0412580989225821,0.0748355965837478
"pucD",118.902816670615,1.28075773434429,0.358792871557424,3.56962982231187,0.000357486025568765,0.00103144417609841
"pucC",36.4373478850833,0.69715260538393,0.605708432605781,1.15097061202327,0.249744325928665,0.348667809867401
"pucB",13.3308792121717,-0.191899910843946,1.24247040634859,-0.154450286995493,0.877254706012549,0.916659746147868
"pgaptmp_003094",20.5664039021424,-1.25211140578651,1.28591695330286,-0.973710940329766,0.330200083645792,0.434891971454224
"pucG",351.346202149481,-0.15752771856871,0.210590581867488,-0.748028317181974,0.454443077429426,0.561752618463077
"allC",211.537422033581,-0.0533561914644049,0.23831236189605,-0.2238918327186,0.822841470972108,0.875783801818183
"pgaptmp_003097",679.489729662518,0.301168097549044,0.172453794615446,1.74636979267762,0.0807467154201337,0.13525619927711
"pgaptmp_003098",204.646721145612,0.406345189444524,0.30217693230696,1.34472603961624,0.178713722297934,0.265326076742285
"pgaptmp_003099",138.686577900567,-0.445212416248301,0.300444090243869,-1.48184780698107,0.138380795248508,0.213007990039266
"pgaptmp_003100",143.605752585373,-1.05386806279212,0.314509874660167,-3.35082662803782,0.000805707284539471,0.00216054936099129
"pgaptmp_003101",378.410530179828,-0.779240185171784,0.237777029337764,-3.27718866427954,0.00104846286824224,0.0027385114355071
"pgaptmp_003102",153.749430511299,-0.478043711585204,0.315754122471197,-1.51397456933856,0.13003228952481,0.202756674323981
"pgaptmp_003103",1067.13091314421,0.0693470827519985,0.158687852604033,0.437003095158374,0.662109103359509,0.743848500665286
"frlR",1249.01686564974,-0.0932805401964549,0.119609858319409,-0.779873344113126,0.435465429783009,0.541350143504462
"pgaptmp_003105",242.179185062244,-0.139626331167645,0.217679379998862,-0.641431132192565,0.521242611526212,0.623348937449841
"pgaptmp_003106",132.025817455196,0.452369534122857,0.334606700750495,1.35194403790549,0.176393218296873,0.262090043313757
"pgaptmp_003107",74.4262221474489,0.519473953029115,0.387772949593042,1.33963432357592,0.180364259160865,0.267349969174328
"pgaptmp_003108",26.0316914675657,-0.643732761329837,0.922648562076552,-0.69770093163211,0.485364245421484,0.588636598715791
"frlB",96.7274295500209,-1.0840111984466,0.351291349252158,-3.08578961808848,0.00203012407577097,0.00495808517717819
"pgaptmp_003110",1226.77686383948,0.367351637268249,0.156611179658998,2.34562844152067,0.0189950326398914,0.0374637680976998
"pgaptmp_003111",357.886493459121,0.310834549314228,0.254405698038994,1.22180655429575,0.221780789392871,0.316756752924123
"pgaptmp_003112",225.014376933171,-0.529033916836442,0.333041474214662,-1.58849259865891,0.112174993367884,0.179422142378712
"pgaptmp_003113",39.1273504978339,-1.7434810507188,0.708755838854617,-2.45991772503257,0.013896886973666,0.0284042906732481
"pgaptmp_003114",188.378057848932,-1.1359983390017,0.28712102372628,-3.95651396145993,7.60514454818653e-05,0.000247866444906745
"pgaptmp_003115",233.494952485635,-0.322404716564891,0.262222194879857,-1.22950964052684,0.218880785553266,0.31369822249875
"pgaptmp_003116",1086.41136436201,-0.367648033021716,0.126161582103052,-2.91410449118665,0.00356710488416562,0.00829279474007773
"pgaptmp_003117",253.244673466747,-0.688951837587101,0.286603952710842,-2.40384625219106,0.0162235949203975,0.0325696981088023
"pgaptmp_003118",699.754123376885,0.311493466975979,0.191205172587442,1.62910585922317,0.103290611084331,0.167881071814795
"csn",2440.2717244762,0.617062428832348,0.130308252332067,4.73540560777284,2.18617436534254e-06,9.14263032337632e-06
"sufB",100429.125726163,1.17784390533317,0.11984893618404,9.82773767407055,8.55182512730649e-23,2.48671040029959e-21
"sufU",14010.4574076727,1.06367660117228,0.0955027852400145,11.1376500538605,8.22612961322359e-29,3.82720680255228e-27
"sufS",72728.0689615772,1.04901613748708,0.116596463348885,8.99698076045552,2.32010198057296e-19,5.1709099231692e-18
"sufD",68234.0662258487,1.16230363906409,0.109254752294386,10.6384721456535,1.97338599047947e-26,7.34494265656458e-25
"sufC",22603.0974132184,0.661570989790039,0.0817929072653694,8.08836623991899,6.0470345937996e-16,9.91500562031812e-15
"pgaptmp_003125",143.045103330273,-0.283625049596263,0.288402096045939,-0.983436159046102,0.325392821298256,0.429777175611111
"pgaptmp_003126",100.347665087694,0.703966093321582,0.37840377637335,1.86035694481816,0.0628350418892995,0.108777686470685
"metQ",14441.7851389157,-0.415016904733534,0.117782560578869,-3.52358534823694,0.000425749953492485,0.00121335476791656
"pgaptmp_003128",6545.49213053961,-0.809719603292607,0.130168079330346,-6.22056964701514,4.95353119820707e-10,3.63649765675083e-09
"metN",5771.72344023761,-0.788243617853397,0.124601457229076,-6.32611877407049,2.51404332763746e-10,1.93732282928916e-09
"pgaptmp_003130",1261.18156154324,-0.179733123070351,0.154963943157632,-1.15983834308813,0.246114629717849,0.34424601721527
"pgaptmp_003131",516.103068175229,-0.0597937258635899,0.18310976062703,-0.326545814154505,0.744011432526088,0.814473691724147
"pgaptmp_003132",362.163150472041,0.0724198112826434,0.221452692379916,0.327021588693998,0.743651556740936,0.81447163569159
"pgaptmp_003133",5335.46604626448,0.561089567451406,0.108783978031229,5.15783277653563,2.49824581527087e-07,1.22027177486065e-06
"gcvH",13724.5635532143,0.708794448882435,0.115676669152201,6.12737602212456,8.93401632621944e-10,6.32175071600546e-09
"pgaptmp_003135",3392.03508835836,1.28359297515532,0.142150602628868,9.02981029568035,1.71969654180744e-19,3.87921850218625e-18
"pgaptmp_003136",33116.5088308223,4.27104422702011,0.150773248967524,28.327599599184,1.58036619298029e-176,9.80353828378775e-174
"pgaptmp_003137",19351.9313991819,4.21603775037842,0.128040275110948,32.9274343305274,8.90193434640812e-238,1.10443332124437e-234
"pgaptmp_003138",43767.8431252973,3.90879385612697,0.124005704425297,31.5210810199598,4.46747817557139e-218,3.32559075389534e-215
"pgaptmp_003139",1.0753490356054,4.36028441506683,4.81676971602599,0.905229992739661,0.365343555586134,0.471664486261391
"pgaptmp_003140",67.9309308877055,0.0554477813660886,0.409600338652339,0.135370448053149,0.892318988069977,0.928771830415123
"pgaptmp_003141",4.31587557944248,0.306731033991349,1.85555357928083,0.165304326113952,0.868704453918506,0.909768704975993
"pgaptmp_003142",4.02993715103515,0.258003888575751,1.75082528153418,0.147361299437985,0.882846850560225,0.921209974147788
"pgaptmp_003143",711.444187714531,-0.950315473885264,0.203279579036128,-4.674918545145,2.94070314209278e-06,1.21344757149327e-05
"pgaptmp_003144",7665.4178510781,-0.433681778554215,0.0879976802482418,-4.92833194387394,8.29346270985221e-07,3.71906845856264e-06
"pgaptmp_003145",66.8725549100235,0.186367674834646,0.446099492056499,0.417771546825797,0.676114155946548,0.756613616486185
"pgaptmp_003146",430.770516568263,0.0268348448688627,0.208799328890431,0.128519785056131,0.897737641849851,0.933085591445168
"pgaptmp_003147",336.643923638106,-0.017093498962965,0.22188418654456,-0.0770379323969183,0.938593368929052,0.960481649083848
"pgaptmp_003148",1024.18862092396,0.452843505103719,0.181545643951201,2.49437824696825,0.0126178005819716,0.0260185339424367
"pgaptmp_003149",3021.30502173165,-0.0482806600472991,0.119472094817018,-0.404116627579396,0.68612695830453,0.764829152084295
"pgaptmp_003150",6441.33257082953,-0.202095315664547,0.0995851978624812,-2.0293710310605,0.0424205134245974,0.0767570009559317
"pgaptmp_003151",390.539067635236,0.29252440250276,0.200689256026614,1.4575987190065,0.144951182949014,0.221200616210017
"pgaptmp_003152",9628.64383360354,0.536086317529997,0.101092010398169,5.30295436225402,1.13943414921811e-07,5.84961917708937e-07
"pgaptmp_003153",531.708762608128,0.0977223102833162,0.186429231190162,0.52417911965553,0.600153962394367,0.691999085511721
"pgaptmp_003154",40189.5911532219,2.05167916934902,0.138983699040057,14.7620129808007,2.57479515368208e-49,2.73811073200135e-47
"pgaptmp_003155",6057.45866380271,-0.651169663221135,0.0948916249324209,-6.86224589034996,6.77862501605834e-12,6.50258822416731e-11
"pgaptmp_003156",5679.58599914133,0.649749987211383,0.106154775528266,6.12077962557956,9.31186156286057e-10,6.56415695775891e-09
"pgaptmp_003157",8780.86519875909,0.822814908825179,0.106816957941194,7.70303634071068,1.32870552823736e-14,1.84531417018637e-13
"spxO",1450.38432175373,-0.949719143774536,0.167325891191988,-5.67586484679073,1.37989697432288e-08,8.11370701173739e-08
"pgaptmp_003159",705.622730233523,-0.399615953798798,0.141589800436591,-2.8223498625366,0.00476731380050929,0.0107734923894934
"fumC",45673.2614943027,0.306616231807777,0.0834798660117622,3.67293631933448,0.000239779253006184,0.000715349325166917
"pgaptmp_003161",540.344027621738,0.732149476562546,0.186500171532907,3.92573084809932,8.6466798707472e-05,0.000277918328833515
"pgaptmp_003162",24.5329669874423,-0.715031836882179,0.822492630930771,-0.869347408101414,0.38465713964549,0.491238214557473
"pgaptmp_003163",34.392667471682,-1.36884048744636,0.657963197727988,-2.08042105116684,0.0374869300580404,0.0687210359684782
"pgaptmp_003164",162.841326060884,-0.150635223692797,0.378505909946012,-0.397973240931119,0.690649910718608,0.768489975394517
"pgaptmp_003165",2946.2430933907,0.148665158862347,0.108524641969306,1.36987467698253,0.170726025759223,0.254995523622135
"liaS",5522.67359847554,0.234548076714801,0.106755549767049,2.19705745721518,0.0280163429486488,0.0528787162550055
"liaF",4749.43389648827,0.135013525265581,0.0871633956968933,1.54897046158096,0.121388820984396,0.191525727725274
"pgaptmp_003168",6851.15711366288,0.468712336487839,0.0827530273966168,5.6639902035415,1.4789285380178e-08,8.64140034301766e-08
"liaH",7235.63017087103,1.34945632555744,0.114270395011841,11.8093258137211,3.49351257954068e-32,1.94072445090305e-30
"pgaptmp_003170",2714.63040178501,1.46584987317104,0.15995894165859,9.16391330157514,5.00486781260351e-20,1.19411012810963e-18
"pgaptmp_003171",654.664490175768,-0.481274123948848,0.155344642555281,-3.09810570890839,0.00194761944231664,0.0047722446111274
"pgaptmp_003172",1302.32479116499,0.611688675002344,0.150274039421898,4.07048800548319,4.69147567464646e-05,0.000158310720408287
"pgaptmp_003173",3640.60672585819,0.408160875876582,0.120787827375197,3.37915570423113,0.000727088157608212,0.00196816154372201
"pgaptmp_003174",3281.53584117596,0.475277774505732,0.116074188863432,4.09460345283932,4.22891557229134e-05,0.000144403887707049
"pgaptmp_003175",1132.39920276963,-0.0638477596468668,0.131932518079074,-0.483942553181616,0.62842663943337,0.715291728431499
"pgaptmp_003176",1300.01225304345,-0.251809994135497,0.145869785159013,-1.72626561327281,0.0842996386803097,0.140637944943125
"pgaptmp_003177",4777.06030313784,0.206256630965317,0.11701235803695,1.7626910048269,0.0779526187041133,0.131070457080379
"pgaptmp_003178",8767.05436350278,0.104006085412675,0.0805584537514231,1.29106357643859,0.19668163286158,0.287642057961022
"pgaptmp_003179",1391.57375290008,-0.275862720347127,0.12800341319178,-2.15512003522763,0.0311524422767671,0.0580617877587017
"rsoA",5.91911506592734,2.28804312155944,1.51822725438158,1.50704916866442,0.131798054596505,0.204823532028472
"pgaptmp_003181",19.8511432862336,0.632158022460222,0.74508227848931,0.848440555775871,0.396192664616511,0.502600237799132
"pgaptmp_003182",10.7560651285332,3.86457887319283,1.43535036597571,2.69242894613107,0.00709336484864583,0.0153944629543206
"pgaptmp_003183",487.520979172216,-0.158956453125864,0.172146853602736,-0.923377045813965,0.35581074955625,0.461438191584796
"pgaptmp_003184",8.6170583168066,-0.902773529584324,1.12018152211058,-0.80591717660489,0.420290606527187,0.526885024417039
"pgaptmp_003185",2193.84567691662,0.322099767794647,0.1072312192713,3.00378723643645,0.00266641720720429,0.00637815221414805
"pgaptmp_003186",1769.77247832769,-0.157211948830473,0.161989926827944,-0.97050447462362,0.331795095599613,0.436375033859278
"pgaptmp_003187",1036.14820227511,-0.267802625210612,0.177085191568206,-1.51228130844281,0.130462314029439,0.203256899463195
"pgaptmp_003188",11695.7059301894,-0.15263559529798,0.0865380155740585,-1.76379819071949,0.0777659622389688,0.130852129951827
"pgaptmp_003189",644.688037806919,0.0643759940572892,0.144876836338496,0.444349805560901,0.656789697497891,0.739434741103192
"pgaptmp_003190",1234.0142540231,-0.818089277189393,0.202112933904689,-4.04768394275639,5.17269283813422e-05,0.000172670517879243
"sspJ",5.76609455441658,2.6051925683545,1.69630451544764,1.53580477127187,0.124586269182484,0.195493294223106
"pgaptmp_003192",476.053058175278,-0.873891410081021,0.178677153214894,-4.89089620221337,1.00377890436002e-06,4.42661739576776e-06
"pgaptmp_003193",3210.96610230404,0.0277802425544874,0.100481374417929,0.27647156217173,0.782185898850386,0.845569536892576
"pgaptmp_003194",1703.71638423243,0.428927901934025,0.155290660462267,2.76209722244209,0.00574313739809566,0.0127086548131463
"modA",4643.52113280554,0.673410241926848,0.104713987660044,6.43094830953326,1.26810283051814e-10,1.01941225382042e-09
"modB",2463.59228507006,0.740675181232931,0.149878821796722,4.94182681951888,7.73939478483122e-07,3.50012483464663e-06
"pgaptmp_003197",295.99281323399,0.216613482229114,0.232651806943476,0.931062969486161,0.351820992295476,0.457660481656925
"pgaptmp_003198",1209.03929882504,-0.0454467743646252,0.145772692401131,-0.311764663298985,0.755219381050175,0.824318632336878
"pgaptmp_003199",91.0368508484042,-0.0890719625572915,0.381271704126456,-0.23361807758949,0.815281492173192,0.869727060438126
"pgaptmp_003200",216.78692454046,-0.156888768792236,0.249667729242726,-0.628390257996498,0.529748317388878,0.63115340503246
"pgaptmp_003201",253.510404898537,0.119346784648519,0.29280457812737,0.40759876574267,0.683568270603609,0.762917785467473
"pgaptmp_003202",23596.4723776519,-0.239443884118476,0.101234462574316,-2.36524082836613,0.0180183497695217,0.035729514034182
"pgaptmp_003203",5.87841862961505,-1.09191182701296,1.8091744283012,-0.603541488278859,0.546148524209678,0.645732149653247
"pgaptmp_003204",4481.87871312851,-0.886453809127173,0.121042388160125,-7.32349900395634,2.41587388537387e-13,2.85456590519414e-12
"cysI",48296.3318985986,0.192823006259003,0.0741803757117061,2.59938028634943,0.00933922471937072,0.0198405219209463
"pgaptmp_003206",25156.9464547104,0.095338587234964,0.0747116466665603,1.2760873503493,0.201924642700718,0.294269193473794
"helD",2478.95226022509,0.197901072488217,0.10878518787424,1.81919134723561,0.0688822424809771,0.117929947798619
"pgaptmp_003208",543.563277110291,-0.371526168376501,0.156449861312186,-2.37472993111284,0.0175617944117145,0.0349172002138896
"pgaptmp_003209",256.347770530596,-0.0618785920644715,1.02502978106843,-0.0603676041489964,0.951862859727524,0.969842201999958
"pgaptmp_003210",4451.24939471422,-0.0862717106520896,0.119252144650696,-0.723439489535305,0.469409917358803,0.575096679529119
"pgaptmp_003211",12412.5902532944,0.00127209561220142,0.0802134585836673,0.0158588799767878,0.987346974898346,0.991074822160637
"pgaptmp_003212",123555.36793574,0.953214572196433,0.105249089873666,9.05674883593392,1.34396608098817e-19,3.08780355150492e-18
"pgaptmp_003213",19592.0552788529,2.77238056862712,0.134369137424523,20.6325695153354,1.40009304688358e-94,3.47409754700045e-92
"copZ",693.826578004071,2.8785800378055,0.182488144268599,15.774066032304,4.69288583032376e-56,6.02307622774657e-54
"csoR",399.173179508381,1.37687337632232,0.189375417597381,7.27060245617306,3.57887744754978e-13,4.14971397500944e-12
"pgaptmp_003216",68.3559371541552,0.596315849815644,0.472857344234504,1.2610903839952,0.207276284744599,0.3002719988805
"azoRB",2699.62590964871,-0.522702394305524,0.118460027580193,-4.41247908668327,1.02193668597332e-05,3.84206903554816e-05
"pgaptmp_003218",1073.59281527233,-0.0380727226080586,0.136605498574175,-0.278705637807,0.780470735547371,0.844205776724009
"pgaptmp_003219",147.586427335637,0.183326210495463,0.311166510161203,0.589157909058046,0.555755349707438,0.655425035364729
"pgaptmp_003220",325.317321672149,0.358794142329123,0.237429384268216,1.51116149096274,0.130747311101325,0.203486700490605
"pgaptmp_003221",206.062081311417,0.22462466817524,0.313911815986887,0.715566145444566,0.474259284149486,0.578751821509635
"pgaptmp_003222",171.144275845307,0.225635853112856,0.288665939166787,0.781650421813314,0.434420045752998,0.540642259720651
"pgaptmp_003223",122.509379122655,0.331069071731074,0.300430171029983,1.10198343460662,0.270468873415703,0.371607658491416
"pgaptmp_003224",103.601523140121,0.112172797438913,0.353740784084477,0.317104508402189,0.751164304083748,0.820855413916533
"pgaptmp_003225",35.0950641040881,0.644000510506006,0.583785040786941,1.10314664733083,0.269963486214559,0.371324499516108
"pgaptmp_003226",4.99342878650132,-2.64427654941177,1.69017239527719,-1.56450108687174,0.117699937930102,0.186258150074762
"pgaptmp_003227",413.435087552565,0.040202046484195,0.227007010140506,0.177096057338987,0.859432938766812,0.903363286667629
"pgaptmp_003228",380.604043555647,0.576569951004582,0.190868779373422,3.02076616666868,0.00252135993891409,0.00605842588291687
"pgaptmp_003229",41.1061057407015,0.587728655136695,0.610473768585956,0.962741866039642,0.33567708106747,0.440701973803571
"smpB",2261.00146093177,-0.322718976655276,0.119795041869049,-2.693925989091,0.00706158431742256,0.0153344322225477
"rnr",14254.2873065291,-0.0840973049667071,0.0871666304932856,-0.964787837854821,0.334651088828994,0.439820392874829
"pgaptmp_003233",1709.25808507461,-0.728015291137046,0.137868320911686,-5.28051176893196,1.28823548831524e-07,6.53244208107539e-07
"secG",1665.11911439538,-0.316023406252087,0.152559087118536,-2.07148202195613,0.0383137728214478,0.0700411898042381
"pgaptmp_003235",23.2910814225726,-0.899998024660703,0.723386210334666,-1.24414595108791,0.213445851736007,0.307686080620224
"pgaptmp_003236",1880.82071730983,-0.292314514870277,0.133585445410093,-2.18822128393481,0.0286534874680823,0.054026484476293
"pgaptmp_003237",2783.80523834749,-0.256794330145858,0.114336267913437,-2.2459569026713,0.0247067685393193,0.0471824486933537
"pgaptmp_003238",2322.41613999914,0.115943781352792,0.112768273742162,1.02815958341165,0.303874766672112,0.408458606556014
"pgaptmp_003239",1898.65434824199,0.301985876360518,0.103560534193676,2.91603243177322,0.00354513647664334,0.00824730026478915
"pgaptmp_003240",338.356343278447,0.0904444140496707,0.228508258126872,0.395803700010939,0.692249847058331,0.769809958395909
"pgaptmp_003241",42.3273746813413,0.0582511678188188,0.571412153571587,0.101942472617571,0.918802337276134,0.947692886394937
"pgaptmp_003242",46.5299408359102,0.330921653677478,0.573883169760365,0.576635927162074,0.564185423932297,0.660345329520757
"pgaptmp_003243",34.6512472557425,-0.943816253920251,0.633907737107109,-1.48888584043387,0.136517432790775,0.210926944870538
"pgaptmp_003244",93.76787747793,-0.630092793789946,0.418781823835531,-1.50458486478488,0.132430839885643,0.205721029238048
"pgaptmp_003245",87.4080376725722,-0.748653519047707,0.417900653325735,-1.79146290653,0.0732190419575239,0.124098940877006
"pgaptmp_003246",69.6005037092061,-1.85214952548867,0.498320031863506,-3.71678721917403,0.000201772235952666,0.000609155013684059
"pgaptmp_003247",59.0577158720963,-0.900576607956425,0.505897231548905,-1.78015721730504,0.0750502348121223,0.126856028142924
"pgaptmp_003248",1081.57443231972,-0.498883662979258,0.161893118155943,-3.08156188886739,0.0020591766533609,0.0050257413139733
"opuCD",4261.67904447067,0.135712513945865,0.113866222491281,1.19185927992172,0.233316427068816,0.329441600384756
"opuCC",4970.01950332235,-0.258867763183003,0.0927295881229944,-2.79164146442285,0.00524414285001854,0.0116948470268238
"pgaptmp_003251",2330.47532573785,-0.560990379962727,0.110795776667975,-5.06328306758358,4.12097258453417e-07,1.94401266915541e-06
"opuCA",2278.75912974489,-0.409293699670363,0.117506389435573,-3.48316122754135,0.000495529839141584,0.00139302270489802
"pgaptmp_003253",414.896246545276,0.165853696492252,0.225982525107708,0.733922662441278,0.462995874164043,0.570619418423366
"pgaptmp_003254",7.38003019390044,-1.75597513959273,1.74823581925356,-1.00442693156949,0.315172874244167,0.419104479434365
"pgaptmp_003255",1287.12145606689,-1.01085933946138,0.153572325813239,-6.58230142773703,4.63221252772007e-11,3.96347012141934e-10
"pgaptmp_003256",4789.33270850101,-0.924223974107867,0.138750473581282,-6.66105095177524,2.71876358851562e-11,2.41509261967903e-10
"pgaptmp_003257",2540.64401730767,0.433275931316233,0.116573672368936,3.71675630107103,0.000201796918826557,0.000609155013684059
"pgaptmp_003258",1840.15101716377,0.834042774127047,0.168595435578027,4.94700684670106,7.53633267198488e-07,3.41659320403505e-06
"pgaptmp_003259",644.529091719655,0.265079735632751,0.212111210288767,1.24972053703278,0.211401652476197,0.305093815632572
"pgaptmp_003260",366.127572649673,0.571112604806752,0.239036947675922,2.38922313207014,0.0168840444898338,0.0337499535935347
"pgaptmp_003261",249.010410573136,0.826114613061146,0.272830864268268,3.02793679621543,0.00246229580365272,0.00593182199430124
"pgaptmp_003262",232.218391646267,0.538024807922278,0.252132629725162,2.13389599160074,0.0328512956818739,0.0610446942226334
"pgaptmp_003263",400.354363670811,0.822479107845799,0.210447692834276,3.90823532807027,9.29727245928316e-05,0.000297544695558486
"pgaptmp_003264",277.425706348578,0.962444534556512,0.23830093013767,4.03877791832576,5.37304058785532e-05,0.000178877075742375
"pgaptmp_003265",300.335152154959,1.45311993068325,0.342984372030317,4.23669429041741,2.26834644126652e-05,8.01783993769609e-05
"pgaptmp_003266",358.107122069041,0.956633456573383,0.207771248368967,4.60426292898122,4.139292396994e-06,1.66556176233639e-05
"pgaptmp_003267",565.171870794485,-0.188690770988171,0.272626109870515,-0.692122889762063,0.48886015813732,0.591303282259967
"eno",247828.202354463,0.489910506823338,0.0963887218510796,5.08265383558305,3.72197648179007e-07,1.7760508288747e-06
"gpmI",243763.881915431,0.0493976580101147,0.0902170978894914,0.547542086430477,0.584006364612905,0.677789737788971
"tpiA",76960.1562000143,-0.184931271629566,0.107987361490325,-1.71252699461626,0.0867995942386195,0.144463079228785
"pgk",133514.38112118,-0.318643381009828,0.0980513695829291,-3.24975961442668,0.00115502597369171,0.00297921460435243
"gap",222945.729085445,-0.709685599404193,0.0979420405774109,-7.24597522392109,4.29338597552652e-13,4.90183515365329e-12
"cggR",47111.1680683285,-0.723424348968143,0.118510003036703,-6.10433153684163,1.0323180727099e-09,7.20879524695357e-09
"pgaptmp_003274",2508.12619280821,1.62233212009463,0.16525772379843,9.81698212226035,9.51493841040864e-23,2.74531788864659e-21
"pgaptmp_003275",1236.19991273417,-0.390453798945685,0.117992759848752,-3.30913353875429,0.000935851891342444,0.00248094069770412
"pgaptmp_003276",2639.67238470964,0.161257810013603,0.101029172636137,1.59615095131366,0.11045509537146,0.177457082513756
"pgaptmp_003277",31991.6031858248,0.142659083733718,0.089786024042541,1.58887850592566,0.112087824707781,0.179359795168685
"pgaptmp_003278",340.286750740926,-0.124656995281733,0.213805609442855,-0.583038937128778,0.559867088650001,0.657676172681604
"pgaptmp_003279",1556.2935251364,-0.152933496513319,0.119425764786869,-1.28057372532844,0.200343433741462,0.292079224592919
"pgaptmp_003280",662.23764684268,-1.23759224207973,0.186752863649177,-6.62689833985409,3.42813547401403e-11,2.98817804081504e-10
"pgaptmp_003281",934.146340669878,0.246226487826779,0.149186357071128,1.65046249979403,0.0988483771422865,0.161862586767968
"pgaptmp_003282",6202.92158549233,1.09290756908271,0.119685695956171,9.13148025210076,6.75689940133983e-20,1.58170940703062e-18
"gntK",136860.211153475,1.10209631210017,0.111674473486914,9.86882926499146,5.68239350299841e-23,1.6653439856819e-21
"pgaptmp_003284",97034.2269841399,1.49250866170898,0.137072248731693,10.8884816257041,1.30802825803309e-27,5.47020356898784e-26
"pgaptmp_003285",30116.8417251074,0.138865127991222,0.0718073298286039,1.93385728619457,0.0531306770756594,0.0936771104100447
"pgaptmp_003286",32357.6909203135,-0.0799988586722099,0.0763356124333281,-1.04798869259196,0.294643816573355,0.399077250831887
"pgaptmp_003287",2866.42297348482,-0.818441974722954,0.0992388049965195,-8.24719699871092,1.62152985616025e-16,2.80713215098998e-15
"pgaptmp_003288",5923.37261915621,0.0272723867862002,0.0876898499688251,0.311009618512244,0.755793309489178,0.824461517561172
"pgaptmp_003289",1620.06226118989,-0.111487679639014,0.145425953216078,-0.766628494938326,0.44330242855525,0.549258202091426
"lutP",7064.75853778866,-0.243865371055413,0.105551576678138,-2.31039060457657,0.0208665387840124,0.0406837387920871
"rpoN",17002.4750449089,1.55418168974847,0.102441997742718,15.1713332812171,5.47531944730162e-52,6.57391580092149e-50
"yvfG",593.927074352611,0.0480700987708048,0.182376612014031,0.263576004839407,0.792106650216559,0.853320101912021
"pgaptmp_003293",1997.43053467821,0.567815296098357,0.196582024504207,2.88843955865459,0.00387158426484012,0.00890057852608704
"pgaptmp_003294",2775.46083575911,0.427939096611574,0.194180375698468,2.20382258028019,0.0275368239249664,0.0520792980938644
"pgaptmp_003295",1286.92356070375,0.527748790814136,0.163259506521332,3.23257617310743,0.00122679424048376,0.00314039075865238
"pgaptmp_003296",1151.96703125013,0.546990122267954,0.178934560505461,3.05692830229551,0.00223617756777714,0.00542571897475001
"pgaptmp_003297",1939.50015035604,0.254842578789802,0.194031516828853,1.31340816664639,0.189045447102049,0.278223469400485
"pgaptmp_003298",1548.49018629248,0.337978766253013,0.18632809024705,1.81389057229584,0.0696945744736176,0.119101563907624
"pgaptmp_003299",731.532080736136,0.513061585423,0.18621478378107,2.75521403298568,0.0058653752396162,0.0129483550663413
"pgaptmp_003300",689.109373902664,-0.0471646945391656,0.187793794453091,-0.25115150730365,0.801696974674924,0.859670452244329
"pgaptmp_003301",1035.95488124969,0.23125465366679,0.194682407969948,1.187855934587,0.234890172978822,0.331285041238036
"pgaptmp_003302",1162.1497195774,0.907846199289765,0.170679241985053,5.31901939996468,1.04328012167862e-07,5.40820141070728e-07
"pgaptmp_003303",1681.57667847066,0.744776180190311,0.161644708732035,4.60748876986104,4.07561208417476e-06,1.64171300620113e-05
"pgaptmp_003304",2165.53316226743,0.938335200382292,0.129069773650846,7.26998408566699,3.59529853096215e-13,4.15580780504383e-12
"pgaptmp_003305",2810.34209907323,0.581703303621047,0.148317520233107,3.92201341221724,8.78121028567117e-05,0.000281755730028173
"pgaptmp_003306",3640.15767884609,0.513421839150438,0.167459721753671,3.06594226822895,0.00216985206949941,0.00527855516514823
"pgaptmp_003307",2122.56239103996,-0.0578705035590796,0.174295128836474,-0.33202593753136,0.739869673627145,0.811610646990933
"slrR",395.816127590702,1.09229340440652,0.212052646811952,5.15104819877661,2.5903460070406e-07,1.26029644943858e-06
"pgaptmp_003309",13404.2296107597,0.963658110107801,0.105055969341481,9.17280680144375,4.608599372509e-20,1.10665850738571e-18
"pgaptmp_003310",127.169398990193,0.537540653699102,0.388129798324441,1.3849507459094,0.16606752857663,0.249034384110482
"pgaptmp_003311",2.58233998065206,-4.89793734645892,2.9125133975352,-1.68168749046921,0.0926294550380049,0.153093619738656
"pgaptmp_003312",28.300406099268,-0.351118935407413,0.658020753480762,-0.533598573525353,0.593619295391469,0.686591366515553
"pgaptmp_003313",113.537965764249,-0.632231307130188,0.373351298756628,-1.6933952265218,0.0903802628895469,0.149642054481714
"pgaptmp_003314",738.196057728309,0.892944354392464,0.198440198385424,4.49981587227669,6.80123478835737e-06,2.64516153419709e-05
"pgaptmp_003315",223.641380320165,0.526579195166755,0.237270981574199,2.21931561825685,0.0264652597977079,0.0502826426580239
"pgaptmp_003316",67.4434035138232,0.570924271653584,0.552725757771281,1.03292503312255,0.301638982800635,0.405893092546625
"pgaptmp_003317",1626.64331944217,-0.163088920139634,0.108690038115448,-1.50049556488705,0.133486081497095,0.20718732082243
"pgaptmp_003318",351.16236450195,-0.32940063342826,0.220673429487138,-1.49270636792935,0.135514065755373,0.209897358610694
"pgaptmp_003319",71.2138152243585,0.0947500466694005,0.49697463647675,0.190653686757781,0.848796925625632,0.89571594300119
"pgaptmp_003320",1889.9753118455,0.119081086725083,0.121236998404156,0.982217378296628,0.325992767908885,0.430344179633916
"pgaptmp_003322",462.199001877873,0.751598795652326,0.184358766529809,4.07682699228084,4.56544359719373e-05,0.000154337702713488
"pgaptmp_003323",513.520473547089,0.514923481475484,0.175758574398566,2.92972040332893,0.00339267118186313,0.0079468358331621
"pgaptmp_003324",505.8836549733,-0.59046805976686,0.210814874699334,-2.80088423840581,0.00509627968476516,0.0114198392454521
"clpP",20562.5768209977,-0.0878048690022661,0.0842328168317239,-1.04240689442546,0.297223071399449,0.40188443679572
"pgaptmp_003326",363.979929584814,0.12067739182276,0.215328322547005,0.560434365509054,0.575183196683179,0.670896853041301
"pgaptmp_003327",40.400411769781,0.417559737732912,0.513347903662778,0.813404973028214,0.415985909035321,0.522192092219044
"pgaptmp_003328",210.948212033853,0.547636860989863,0.253942333275838,2.15654024252431,0.0310415049649276,0.0579130232979753
"pgaptmp_003329",8.6091514973694,0.872526597965944,1.15901670955006,0.752816237053792,0.451560348226226,0.558560191458296
"pgaptmp_003330",944.294615055846,-1.30935708707055,0.219648220219521,-5.9611550039511,2.50461241795902e-09,1.62974954888872e-08
"pgaptmp_003331",207.736651883324,-0.448497110048781,0.246512969827635,-1.81936516509608,0.0688557375726521,0.117929947798619
"pgaptmp_003332",515.709632299557,-0.213726346933833,0.160381530938351,-1.33261196400468,0.182659176937989,0.270213615486167
"pgaptmp_003333",547.78045239383,0.604432170160964,0.211850240591137,2.85311061471719,0.00432935488711205,0.00985557118644102
"pgaptmp_003334",5750.25555121059,0.743804013937308,0.117658728104802,6.32170707535423,2.58689413900122e-10,1.97708829268225e-09
"pgaptmp_003335",3033.11254868343,1.45378718914459,0.143287406075113,10.14595231337,3.4539304436656e-24,1.06244042242342e-22
"pgaptmp_003336",6816.55559181309,0.365075417976672,0.0913798828711297,3.99513992036438,6.46560563969734e-05,0.000212400566557401
"pgaptmp_003337",1339.98629203124,0.466884013650923,0.125110333849661,3.73177817758808,0.000190132894392175,0.000576282274371072
"whiA",7837.0649895408,0.0792942486401037,0.0913005332455099,0.868497103153593,0.385122257462822,0.491572373894589
"yvcK",16386.6185344414,0.148214048317533,0.0893303536367534,1.65916782239798,0.0970819796454415,0.159672615218883
"rapZ",9214.42857397411,0.115718499318003,0.0967872242752227,1.19559683816273,0.231853925933039,0.328246600350998
"pgaptmp_003341",1982.70084729003,-0.00104084939944155,0.119519700286339,-0.00870860115067175,0.993051629422896,0.994387453514129
"trxB",11282.9894808797,1.12891091760666,0.0932907095705144,12.1010004404926,1.0433185969002e-33,5.97420279640392e-32
"pgaptmp_003343",10860.9980390878,-0.861326738883806,0.13195073456539,-6.52763883218069,6.68145681814218e-11,5.5509781868583e-10
"pgaptmp_003344",6359.4803362858,0.0523420820167347,0.0938823470491832,0.557528477524254,0.577166407803283,0.672156874168904
"pgaptmp_003345",3446.22519968702,0.219767833557432,0.0995244882147649,2.20817848450718,0.0272318336084528,0.0515811118018632
"pgaptmp_003346",1988.15389519969,0.186365510158992,0.135514478929696,1.37524426637597,0.169055728850707,0.252904108835343
"pgaptmp_003347",1426.59962194684,-0.129257726388787,0.116199505570491,-1.11237759364109,0.265975834301377,0.36741877117277
"pgaptmp_003348",23835.5929468514,-0.060560865487607,0.0798404561797631,-0.75852354038725,0.448137625969107,0.554695125991691
"hisIE",9734.66517581154,-0.287856398825136,0.0893775798611089,-3.2206779292129,0.00127887779216198,0.00326026242631979
"hisF",8174.33130327133,-0.106576221332356,0.0964326585876447,-1.10518804410533,0.269078116364247,0.370759036045283
"hisA",5128.47097545086,-0.197484283375531,0.0908826444600853,-2.17295925474818,0.0297833840634213,0.0558738686915595
"hisH",4429.7640477784,-0.204228136589765,0.110570978642434,-1.84703200692653,0.0647425016225234,0.111612594274679
"hisB",3665.82271838267,-0.256617188201941,0.112841289852534,-2.27414263464463,0.0229574120047528,0.0442503819169808
"hisD",6752.13972620877,-0.337290482345652,0.0855566704209963,-3.9423049153965,8.07022865440019e-05,0.000261194704797196
"hisG",1922.20184390386,-0.2145757423371,0.110827790406161,-1.93611856331994,0.0528531814610292,0.0932762168790663
"pgaptmp_003356",1536.56454955076,-0.744749979245862,0.11948297326052,-6.23310551221399,4.57277947103273e-10,3.38367498830692e-09
"pgaptmp_003357",984.248937669672,-0.439180385829067,0.148733521925926,-2.95280028430842,0.00314905625502904,0.00742818290270546
"pgaptmp_003358",4591.3212782006,0.421437069659117,0.120004482980598,3.51184438440731,0.000445008486294108,0.00126244023322155
"ppaX",5911.51117795711,0.367953860292181,0.111856442580485,3.28951870633133,0.00100358885326621,0.00263781629074126
"lgt",4213.72209312734,0.461966932701145,0.0943726715354141,4.89513463151023,9.82384504601879e-07,4.34772309884446e-06
"hprK",5580.10097369693,0.573992570297417,0.122584426809169,4.6824265140218,2.83498833981785e-06,1.17372932155751e-05
"nagA",1786.14487161489,-0.156334260858677,0.110806023903505,-1.41088232707293,0.158279314035882,0.23957527728408
"nagB",2134.28771729808,0.23769067888015,0.114258654147815,2.08028600242965,0.0374993079129444,0.0687210359684782
"pgaptmp_003364",3590.67048183279,0.462199688189294,0.0991488188301866,4.66167619183552,3.13644392419153e-06,1.28850378430915e-05
"pgaptmp_003365",473.946589492031,0.165974065301901,0.166401539725949,0.997431066895461,0.318555317936034,0.422846966247475
"pgaptmp_003366",1842.01348943669,0.241379354797953,0.132302502532077,1.82445040855845,0.0680840071153836,0.116724400959676
"pgaptmp_003367",16793.6225384642,0.316237874310462,0.143700484843499,2.20067367660499,0.0277591336261219,0.0524730804247971
"pgaptmp_003368",12744.5342714175,0.233912889329862,0.100338555804755,2.33123635728847,0.0197409000090242,0.0387734194372495
"pgaptmp_003369",92505.0286825417,0.180540947764117,0.0774680525009694,2.33052131731152,0.0197786146780519,0.038827006240353
"pgaptmp_003370",18132.4655408907,-0.0509561180469145,0.083662592595914,-0.609066925442173,0.542480079394731,0.642378789688237
"pgaptmp_003371",171.944529803094,-0.942163118593962,0.319098102450728,-2.95258138910256,0.00315128984507575,0.00742818290270546
"uvrA",31914.8293542073,1.56456381405725,0.123339002026654,12.6850695104469,7.15503478709136e-37,4.67211218904457e-35
"uvrB",9902.55887905572,1.75974544349388,0.126068423301226,13.9586535423638,2.7864842384217e-44,2.35711234895581e-42
"pgaptmp_003374",495.487026793103,1.09057400770047,0.253668680772671,4.29920636784404,1.7141080964235e-05,6.20613845806252e-05
"pgaptmp_003375",1179.66573477549,0.193722855674498,0.149710818450905,1.29398033942367,0.195672211947712,0.286278291222242
"pgaptmp_003376",1698.10673003303,0.223584360095307,0.136773301471645,1.63470763438184,0.102110351327843,0.166325920193536
"pgaptmp_003377",3711.56610203374,0.689898443975432,0.142492237881273,4.84165631920433,1.28761324359813e-06,5.54400080299525e-06
"pgaptmp_003378",9790.37963629308,-0.720101660917925,0.132214261063819,-5.44647495000811,5.13778349393373e-08,2.79165403860165e-07
"pgaptmp_003379",12617.820943418,-1.02413309924243,0.131480498665744,-7.78923954225354,6.74136937448871e-15,9.65052954301807e-14
"pgaptmp_003380",10778.7652228239,-1.17077205132959,0.131033774129451,-8.93488765860444,4.0759213175338e-19,8.92387008462401e-18
"pgaptmp_003381",8703.17317927615,-1.32944588363607,0.169518131833122,-7.84249961499586,4.41665084213911e-15,6.46368423540034e-14
"pgaptmp_003382",339540.163707983,0.198108369346664,0.0872834997305638,2.26971157158233,0.0232250888560468,0.0446737884869283
"pgaptmp_003383",581999.834435212,-0.143859502761364,0.088279374836227,-1.62959358319253,0.103187421490187,0.167786624196801
"pgaptmp_003384",180.140880658324,0.502928969097998,0.284692399233109,1.76656970980878,0.0773003174947338,0.13014521496996
"pgaptmp_003385",12121.8355181438,-0.561263370450261,0.100565856606665,-5.58105294767674,2.39066846732281e-08,1.34615250156967e-07
"swrA",4708.32684047663,-0.955290451610692,0.139665097010965,-6.83986530676087,7.92676746253283e-12,7.52638482029265e-11
"pgaptmp_003387",151.557431322345,0.0805855658654973,0.279779773975651,0.288032135848786,0.773322139705993,0.837690629797935
"pgaptmp_003388",6251.6712371543,-0.0559565332364008,0.0871046973475294,-0.64240546078871,0.520609954983165,0.623057958986283
"ftsX",12803.9537764516,0.13593294636835,0.0909109975515876,1.49523105047015,0.13485415254305,0.208962179752386
"ftsE",4553.93269162738,-0.343282289330284,0.115422681541427,-2.97413198814893,0.00293818661829543,0.00695669885069693
"cccB",1294.54011391715,-0.0306107443540614,0.16163352844804,-0.189383630042462,0.849792153642404,0.896267043314544
"pgaptmp_003392",1199.58775569835,0.0368769844929878,0.129096864379807,0.285653603363243,0.775143443672922,0.839175071946078
"prfB",30196.4002560297,0.333515324120624,0.0922062959053874,3.61705587287492,0.000297973001382562,0.000871898986749917
"secA",87847.6850516313,0.336811741169096,0.0976122530797303,3.45050678109014,0.000559535110460328,0.00155999227051186
"raiA",101830.704195015,1.54088365992498,0.117958067502155,13.0629781629547,5.35895571325836e-39,3.62655148449956e-37
"pgaptmp_003396",28804.0037920843,0.41427312067766,0.0919613520558268,4.50486113368764,6.64163599654461e-06,2.59121270221583e-05
"fliT",24494.9918768272,0.500603582729541,0.0932737927709832,5.36703363139399,8.00421361484065e-08,4.2257706488563e-07
"fliS",21594.201070813,0.59760015805509,0.0955692161747583,6.25306120500471,4.02484310323466e-10,3.00812570888341e-09
"pgaptmp_003399",66705.4954768913,0.23865870448369,0.102515589436782,2.32802353081004,0.0199108542219282,0.0390454159188707
"pgaptmp_003400",2529357.53918859,0.92963256186757,0.10899875277196,8.52883669056735,1.47826699192425e-17,2.80719884895002e-16
"csrA",685.431407041355,0.479292855673702,0.161524652810739,2.96730466423164,0.00300423108289103,0.00710403309435859
"fliW",4460.08611747595,0.327159406867822,0.117968743404199,2.77327194837422,0.00554957223578627,0.0123169396908745
"pgaptmp_003403",4616.06421242609,0.291130665907535,0.0971769653409,2.9958814301953,0.00273652817216134,0.00652489292555062
"flgL",60837.667494223,0.382828560727862,0.0898378792266866,4.26132678134439,2.03216831536177e-05,7.25885841629223e-05
"flgK",66320.9674210695,0.385700950688628,0.0904354904042027,4.26492905566976,1.99965729966634e-05,7.15646583592125e-05
"pgaptmp_003406",15387.6188243967,0.344308572450489,0.0857199130366819,4.01666964248027,5.90263777229258e-05,0.000194593603086563
"flgM",12817.4720701359,0.174654256733249,0.0967012135157035,1.80612269881066,0.0708991759698028,0.120716712241357
"pgaptmp_003408",10565.7892243538,-0.110107748410996,0.107214295361691,-1.02698756765172,0.304426318241087,0.408609721057817
"pgaptmp_003409",2963.78058498854,-0.869584298542809,0.122675810517289,-7.08847404289416,1.35598806795647e-12,1.44199645398114e-11
"pgaptmp_003410",1719.18234150959,-0.989401969623906,0.161393308467668,-6.13037788875935,8.76705849968711e-10,6.22728849920523e-09
"pgaptmp_003411",1071.69657499336,0.29655601795572,0.157698724367313,1.88052261770348,0.060036886836701,0.104492771115756
"pgaptmp_003412",916.779443651941,-0.0353575778458812,0.13399459449778,-0.263873165767647,0.791877653617204,0.853320101912021
"degU",10987.0959674633,0.453169015610281,0.103514280696911,4.37784055068844,1.19860985660414e-05,4.47016621871804e-05
"degS",5633.61466944542,0.817025846132585,0.114538953193217,7.13317018669042,9.80831571062261e-13,1.06433093512937e-11
"pgaptmp_003415",731.205963664348,-0.152849864370404,0.177749165854449,-0.859918884207678,0.389833758048211,0.496734422271633
"pgaptmp_003416",5404.86926831398,0.185940533570547,0.0826046709312125,2.25096875847838,0.0243875161791313,0.046644571027095
"pgaptmp_003417",8723.15615161857,0.518726850540422,0.119970103019353,4.32380099279188,1.53363651856065e-05,5.60176165071906e-05
"pgaptmp_003418",337.457098245334,0.429309010036488,0.236107361995541,1.81827879659507,0.0690215318661834,0.118059807723315
"pgaptmp_003419",85.8327112521877,0.127266720323704,0.407692910271675,0.312163192239219,0.754916503677248,0.824229752621507
"pgaptmp_003420",64.072909109001,0.707501947089244,0.476223310651929,1.48565164968658,0.137371285780505,0.211716739409954
"pgaptmp_003421",140.604202022617,-0.611418105841164,0.330157535983424,-1.85189807653477,0.064040460210738,0.110607235686481
"pgaptmp_003422",424.314959671069,0.384363498780688,0.202206898784684,1.9008426571537,0.0573226248510131,0.10035503748611
"pgaptmp_003423",301.218584570584,0.607239910168295,0.257957479202228,2.354031028859,0.0185710608113366,0.036727677119976
"pgaptmp_003424",409.477699297195,0.354156982407565,0.210298638296152,1.68406693108885,0.0921687343707206,0.152399835329996
"pgaptmp_003425",192.292134580804,0.278578456265784,0.297938126302312,0.935021172762279,0.34977738809527,0.455677787361076
"pgaptmp_003426",8134.82410824048,-0.0352833328968876,0.110810757905273,-0.318410717189117,0.750173409854068,0.820254239564289
"pgaptmp_003427",10563.1981700124,-0.595514127384907,0.0993814853986144,-5.99220393010155,2.07016097209411e-09,1.37102119895628e-08
"pgaptmp_003428",1962.36512012329,-0.814899419982444,0.439753167154318,-1.85308368614086,0.0638703647328766,0.11036466923666
"pgaptmp_003429",4097.1977739184,0.687523529182599,0.142641665672997,4.81993480613674,1.43605141978319e-06,6.15781495902423e-06
"wecB",4688.11316340476,0.328948350066804,0.111410006272167,2.95259251007676,0.00315117633268831,0.00742818290270546
"tagH",11941.7632858871,0.0927998671733444,0.083588167328425,1.11020339528113,0.266911390032489,0.368351573489405
"pgaptmp_003433",6289.43170667278,-0.337231825386583,0.111238415403006,-3.0316129923716,0.00243250859261567,0.00586765844570027
"pgaptmp_003434",31519.9438835993,0.471298825940519,0.106312898857822,4.43312929102623,9.28751324249475e-06,3.53819081766279e-05
"pgaptmp_003435",19897.8453484078,0.421534103601924,0.0800027598043154,5.26899452760112,1.37173053539379e-07,6.94636877923224e-07
"tagD",10334.2395060089,0.374168444209679,0.102077855669036,3.6655202223569,0.000246836304579425,0.000734392266702334
"pgaptmp_003437",14569.5230694656,0.431858363033044,0.0832478119616179,5.18762418923581,2.1299388299111e-07,1.05561016310641e-06
"pgaptmp_003438",9682.25047872248,0.634217658294889,0.115232483892927,5.50380966259652,3.71670810122342e-08,2.04035214642383e-07
"pgaptmp_003439",86864.9826306036,0.0794721735462695,0.0792261803846326,1.00310494789024,0.315810227645481,0.419652148267219
"manA",2225.82604361312,0.365265031791007,0.110802790530872,3.29653278623192,0.00097886188784146,0.00258025775251127
"pgaptmp_003441",247.058742609292,0.371195482254915,0.260762624424807,1.42349956430184,0.154591388328329,0.234469905198876
"pgaptmp_003442",200.810182098244,0.0567429955760714,0.277243848706987,0.204668185933466,0.837831378152845,0.887929495866996
"pgaptmp_003443",264.77596450031,0.201168717390946,0.224324685306506,0.896774766968152,0.369839115065507,0.476311829160491
"pgaptmp_003444",70.3643812578938,-0.121632706670171,0.398093874342313,-0.305537750037272,0.759956623232848,0.827790035608037
"pgaptmp_003445",130.004733357792,1.1037103617357,0.384264215101549,2.87226943951578,0.0040753533541811,0.00934018792134362
"pgaptmp_003446",9928.56823679107,-1.1155119984217,0.140504688872256,-7.93932222031321,2.03289034970671e-15,3.1266189593423e-14
"pgaptmp_003447",1841.52015446072,0.724911160085267,0.13469791861233,5.38175472608164,7.37632282979492e-08,3.92209622464238e-07
"pgaptmp_003448",502.772286191863,-0.102122805260632,0.251083385651916,-0.406728645129104,0.684207299272011,0.762917785467473
"pgaptmp_003449",19922.8026162332,-0.00436551967378559,0.0746637227794407,-0.0584690866095908,0.953374985666144,0.971117048891458
"pgaptmp_003450",2.69313909821015,-1.92692952402499,2.21526889339453,-0.869840013449697,0.384387841159748,0.491146349793049
"pgaptmp_003451",153.02297986928,-0.0885854067588537,0.298042535730691,-0.297224040661426,0.76629546896828,0.83225904158154
"pgsC",32.2223050252289,-0.98384295098026,0.650346614849701,-1.51279783505544,0.130331018924937,0.203137375393056
"pgsB",211.278107666989,-0.25850194671356,0.282043291115767,-0.916532868734167,0.359387476122359,0.465428039710307
"pgaptmp_003454",41761.7389158287,0.194411443965685,0.101948618308666,1.90695516222763,0.0565263939914756,0.0991009130646595
"rbsK",32840.2666451039,0.523540446185363,0.0983405548888153,5.32374915697071,1.01650057883314e-07,5.27672964353826e-07
"rbsD",11329.1593864069,0.676725089810358,0.107182677626372,6.31375428191256,2.72346244546729e-10,2.06871984123046e-09
"pgaptmp_003457",45978.29509151,0.932851954515131,0.110855903259397,8.41499574751837,3.92909165388986e-17,7.34878348531561e-16
"rbsC",21416.7857459202,1.20096773254322,0.118634998415448,10.1232161552997,4.35853536719947e-24,1.32971054399315e-22
"rbsB",16766.5565158339,1.39064203357277,0.119939045446647,11.5945731299936,4.39049186286259e-31,2.23854941281843e-29
"pgaptmp_003460",9614.46401437543,1.62594820905971,0.105984138530317,15.3414296856752,4.04193920163107e-53,5.01469923615694e-51
"pgaptmp_003461",1433.76222684821,0.780254593439962,0.140995836827149,5.53388391457615,3.13216315005159e-08,1.74258762996891e-07
"pgaptmp_003462",527.331298501179,-0.511743029117082,0.211008046751309,-2.42522992367308,0.0152986941347899,0.0309465975922217
"budA",25823.4585215861,-0.493836843363538,0.092438869528581,-5.34230725540027,9.17709294289036e-08,4.79062271156212e-07
"alsS",30221.0396194296,-0.506004056170947,0.0870396639783926,-5.8134881620931,6.11843005906002e-09,3.79671169163189e-08
"alsR",2256.93758716866,-0.319078018170662,0.123604977701482,-2.58143340263582,0.00983909730536338,0.0208311263768842
"pgaptmp_003466",66.1359236557179,0.263102826950908,0.450096945319043,0.584547017452902,0.558852341976867,0.656788259184685
"pgaptmp_003467",204.112380856054,-0.11624997855473,0.269246123366109,-0.431761011454411,0.665915119109335,0.747447549253602
"pgaptmp_003468",78.0843961478861,-0.353915907691965,0.484344506008622,-0.730711101914852,0.464955632964007,0.572087558972573
"pgaptmp_003469",27.9468225690175,-0.16109043135807,0.640810492759607,-0.251385445741291,0.801516119112451,0.859670452244329
"pgaptmp_003470",4.40249785923029,-1.71445500947437,1.78465366319988,-0.960665391177551,0.336720438044514,0.44129347549355
"pgaptmp_003471",953.565047499092,-0.764401160050624,0.132429958474777,-5.7721165879261,7.82819194755405e-09,4.80008738530415e-08
"pgaptmp_003472",703.087610136419,-0.186619117861594,0.162054970639679,-1.15157910383713,0.249494072226366,0.348449132017461
"pgaptmp_003474",1423.79983585167,1.16929994507939,0.148275020988028,7.8860211065072,3.11973867851144e-15,4.70107990340874e-14
"chrB",2123.84349334674,1.13742162787075,0.136799080231927,8.31454148626131,9.21076789205978e-17,1.65615836204089e-15
"pgaptmp_003476",1929.78590240113,1.05041218904294,0.136478723082763,7.69652708727319,1.39814173180979e-14,1.92736426881334e-13
"pgaptmp_003477",990.976235653527,0.792249946937543,0.14871001659995,5.32748206913862,9.95836062819685e-08,5.1766785276744e-07
"pgaptmp_003478",2782.07992555336,0.455485008436337,0.112877676294073,4.03520893936272,5.45537291351848e-05,0.000181455746060016
"pgaptmp_003479",10871.3109560997,0.846305930646345,0.10632615007585,7.95952764247193,1.72697287430118e-15,2.68945315403724e-14
"pgaptmp_003480",1408.8144019859,1.10570562034774,0.126631428117479,8.73168404388478,2.50908326479174e-18,5.10317372216112e-17
"pgaptmp_003481",2301.97382281263,1.19231024999766,0.111017842753118,10.7398074077977,6.61823025567486e-27,2.59295294859177e-25
"pgaptmp_003482",2821.96986806501,0.386075109315626,0.118343433115132,3.26232811701539,0.00110501161260793,0.00286410391513002
"pgaptmp_003483",1611.1530052104,-0.032712635227556,0.126394707182334,-0.258813331323799,0.795779271351698,0.856189012912172
"pgaptmp_003484",2898.16087988503,0.331440658442298,0.101395547697529,3.26878907376696,0.00108008784985678,0.00280732330807746
"pgaptmp_003485",3594.05496319808,-0.289861205270358,0.0993336966660046,-2.91805515146562,0.00352222046296182,0.00821480617052551
"pgaptmp_003486",494.667600252419,-0.470903907008457,0.228941150647206,-2.05687752366594,0.0396980085162995,0.0722523167225755
"pgaptmp_003487",1579.37243306616,0.0125060119776002,0.145979671376066,0.0856695446681947,0.931729112929229,0.954291623093724
"pgaptmp_003488",6208.55768193725,0.219924161251239,0.0931550249531603,2.36084055972096,0.018233568004223,0.036101434670208
"pgaptmp_003489",1513.21268027672,0.340353331454574,0.14737464064359,2.30944299486153,0.0209190115201613,0.0407646915591835
"pgaptmp_003490",480.040397675792,0.00173821875406455,0.169843447753476,0.0102342408674342,0.99183439976432,0.993970822811739
"ssb",620.681348751031,0.18524419302413,0.167674700498513,1.10478320505945,0.269253539610532,0.370759036045283
"pgaptmp_003492",44.3560727982608,-0.872234959814548,0.633341489026779,-1.37719535973376,0.168451856103106,0.252304953084813
"pgaptmp_003493",2216.32988658801,1.54780545297436,0.163163047876648,9.4862499390457,2.39495348977049e-21,6.36715492066127e-20
"mscL",789.096760527438,-0.784258054442707,0.139383883656592,-5.62660498379374,1.83790947517163e-08,1.05566343620197e-07
"fabZ",642.229129836098,-0.983827506761036,0.188268297677611,-5.22566740602146,1.73528037116031e-07,8.7044656892974e-07
"pgaptmp_003496",1065.8176067262,-0.156855937108698,0.127227810506563,-1.23287460881524,0.217622549973707,0.312255640324648
"pgaptmp_003497",12453.8343610253,-0.0953355113330746,0.0956813749573968,-0.99638525654051,0.319062993722794,0.423369861902403
"pgaptmp_003498",6719.91985156515,-0.281049878389539,0.0866009175984322,-3.24534527096774,0.00117308295452129,0.00301951227989504
"mbl",7359.590629134,-0.908504351904437,0.11861910503211,-7.65900528130358,1.87378693864517e-14,2.51886878155093e-13
"spoIIID",0.658710952282962,-2.24054426568487,4.89630001985783,-0.457599464207245,0.647240228513656,0.731120941796725
"pgaptmp_003501",287.406588372705,-0.613226311042292,0.236864192285481,-2.58893632306905,0.00962728951697196,0.0204175336650539
"pgaptmp_003502",1038.19488856701,-0.998594638771512,0.145193294580723,-6.87769116098075,6.08303670505784e-12,5.88079548473384e-11
"pgaptmp_003503",104.489835094909,0.189602269688888,0.325708629598741,0.582122340210849,0.560484278289169,0.658082802458135
"pgaptmp_003504",2025.68379218151,-0.11500591005291,0.125815453437351,-0.914084136017336,0.360672637648679,0.466281193931359
"pgaptmp_003505",787.431115373993,-0.167611215763675,0.145687567811837,-1.15048399998107,0.249944580449539,0.348685805259815
"pgaptmp_003506",3576.70678042697,1.66600372090472,0.133034176487828,12.5231257477445,5.57938164907322e-36,3.40433745866402e-34
"pgaptmp_003507",4139.31606481137,1.5648631978364,0.124459987674417,12.5732231464624,2.96389362618002e-36,1.90200208217966e-34
"ftsW",4962.46589677408,-0.528532262707346,0.0860167551947082,-6.14452686003972,8.02022182714781e-10,5.71863326449122e-09
"pgaptmp_003509",6517.65957486414,-0.103671363164079,0.0995231600084756,-1.04168078219432,0.297559701788475,0.402148587529667
"pgaptmp_003510",302.191466869281,-1.06472836470956,0.230538155213539,-4.61844749179735,3.86621783093246e-06,1.5607443347864e-05
"pgaptmp_003511",172.222841561517,0.758034289758292,0.277916709657427,2.72755924137372,0.00638047994137941,0.0140189765890284
"pgaptmp_003512",2088.5652984595,-0.115611248804733,0.11531759639631,-1.00254646660701,0.316079736178767,0.419860377607913
"pgaptmp_003513",1731.0048872421,-0.459902807754678,0.10391252850979,-4.42586485335453,9.60566512399627e-06,3.64819240729736e-05
"pgaptmp_003514",671.04344812958,0.998410435474019,0.163878803962577,6.09237077237891,1.11250643994776e-09,7.66805364719549e-09
"cls",3277.6322768138,-0.441006148709773,0.0977817359509727,-4.51010758216535,6.47947573600823e-06,2.53859038836028e-05
"pgaptmp_003516",266.269710821053,-0.944740319441166,0.261880896835315,-3.60751903196387,0.000309138868602937,0.00090315138849304
"xynA",32333.983001645,1.3687703063191,0.125222904023745,10.9306705270112,8.22384765522078e-28,3.51829436468181e-26
"pgaptmp_003518",600.806211439135,-0.851291552887074,0.192428596353461,-4.42393474264806,9.69193067492332e-06,3.67720346300353e-05
"ureC",3979.10037686024,0.222631393166118,0.0979880524829556,2.27202590034988,0.023084946022477,0.0444501650779407
"ureB",143.581576529734,1.50134034391534,0.368200411341832,4.07750860039513,4.55208466290333e-05,0.000154025991957511
"ureA",375.98528550948,0.976694012076538,0.212472568490245,4.59680051413968,4.29028019117434e-06,1.72445171399038e-05
"pgaptmp_003522",3.64486202458891,2.10867224698893,2.46074155015167,0.856925525908628,0.391486044640566,0.498327995264086
"pgaptmp_003523",33.0834419366118,0.792825358045598,0.630582945454827,1.25728956636109,0.208648800691882,0.301940449523788
"pgaptmp_003524",2935.27312543019,0.0532822568659229,0.0957496761310582,0.556474538806715,0.577886495395192,0.672574589074705
"moaA",5740.98974329504,0.469800576741537,0.10083982702728,4.65887924038626,3.17935636668957e-06,1.30182226587663e-05
"fdhD",2174.35694929639,-0.195488407194948,0.100175209742552,-1.95146491529539,0.0510017658586849,0.0904807304699834
"pgaptmp_003527",10.6468807688526,-0.605228723718894,1.10870217242321,-0.545889363954334,0.585141989929778,0.678684476945663
"pgaptmp_003528",604.87149834235,1.35822721229254,0.205679137588422,6.60362168092343,4.01232671725158e-11,3.4569166762987e-10
"pgaptmp_003529",103.525575182307,-0.568341923498503,0.34384339261948,-1.65290924792459,0.0983493347265039,0.161258248392972
"spoIID",332.738222775062,-0.701824698527098,0.218597384632921,-3.21058140611167,0.00132466742168901,0.00336088080676653
"murA",22425.1697975406,-0.353256859531172,0.0815460459143852,-4.33199250276408,1.47765974743893e-05,5.41323777555876e-05
"pgaptmp_003532",3091.29313808906,-1.33627184229803,0.167080963534856,-7.9977503961381,1.26712909003195e-15,2.03286830737022e-14
"pgaptmp_003533",1874.78298778028,-1.24928639704571,0.15979924887802,-7.81784899376674,5.37335942698481e-15,7.72187018812256e-14
"pgaptmp_003534",110.808927537477,2.13538893183717,0.455074513120741,4.692394037173,2.70026402253439e-06,1.12044400132363e-05
"pgaptmp_003535",57895.1909045747,-0.111002503503776,0.0956907741409513,-1.16001259787355,0.246043677006947,0.34424601721527
"atpD",174780.719318489,-0.24028254934815,0.0740377460769484,-3.24540605407439,0.00117283255837934,0.00301951227989504
"atpG",80458.4014800595,-0.139157833720066,0.0700468461159412,-1.98663953391609,0.0469623568933286,0.0841974433318733
"atpA",148785.392534771,0.0362862780718879,0.0807636899176653,0.449289502607917,0.653222829373032,0.736087003005275
"pgaptmp_003539",30799.143337217,-0.0772642753504333,0.0942209934331708,-0.820032484641922,0.412197588810191,0.518135570939388
"atpF",33394.1438475769,-0.0515743372201694,0.0700905290651443,-0.73582462435452,0.4618374334585,0.569380234293652
"atpE",17368.2942113559,-0.0791932377910682,0.0877151063600646,-0.902846055569781,0.366607604033332,0.472804401320881
"atpB",40134.4306033137,-0.516679350217538,0.083076823333521,-6.21929594182089,4.99390617755363e-10,3.65892102221547e-09
"atpI",14769.4678293697,-0.407144741916262,0.0903163984668819,-4.50798247967736,6.5446978986066e-06,2.56144748460713e-05
"upp",4859.54847161451,0.438305749547066,0.116634904694026,3.75792950400991,0.000171325130129061,0.000522682077328169
"glyA",59776.1093435914,0.918152874038734,0.11333734381622,8.10106221941768,5.44813761842194e-16,9.01243031811843e-15
"pgaptmp_003546",8388.7919587194,0.765956472968021,0.132895499023918,5.76359981033041,8.23385218545934e-09,5.03224923387187e-08
"rpiB",3598.22887944858,0.53005149806532,0.0917430699925192,5.77756443193519,7.57897022172365e-09,4.65493847611476e-08
"pgaptmp_003548",1007.21845178106,-0.011509242511416,0.12635855839371,-0.0910839966657048,0.927425848591118,0.952134039152217
"pgaptmp_003549",1252.40415676464,-0.180426993736772,0.113043423250046,-1.59608572130444,0.110469656148408,0.177457082513756
"pgaptmp_003550",6552.1121475962,-0.0385919428011769,0.0943550779020909,-0.409007587712688,0.682534092809379,0.762651424027772
"pgaptmp_003551",609.22348364369,0.233863410378026,0.178857007391899,1.3075440195955,0.19102801499692,0.280697304310516
"spoIIR",1114.13937722423,0.0833791701628464,0.118539353860633,0.703388093888852,0.481813924311259,0.585889700855678
"pgaptmp_003553",2411.49350970068,-0.167084195007018,0.109779073442097,-1.52200405567411,0.128008064481946,0.200047221145296
"pgaptmp_003554",666.326343525827,-0.133427904137852,0.166052998779441,-0.803526013493297,0.421670767370856,0.528259372653762
"prmC",2197.15290158365,-0.311275543904756,0.117958103792269,-2.63886527417336,0.00831840319362545,0.0178244655651548
"prfA",11561.6195963811,0.0444306042574969,0.102860333671512,0.431950808164667,0.665777166193676,0.747447549253602
"pgaptmp_003557",350.450918634719,0.600904666878321,0.257012796107287,2.33803404336133,0.0193854822062411,0.0381558777216444
"racA",1356.82178212092,0.633858430575401,0.148377382245971,4.27193431357773,1.93784664254171e-05,6.94192993603488e-05
"pgaptmp_003559",633.194394279158,-0.549628411070045,0.161697403977342,-3.39911710114444,0.000676037649921981,0.00184337885202169
"malS",2212.16863693764,-0.898808201284258,0.175888385820226,-5.11010546314821,3.21979027307099e-07,1.55233930004796e-06
"pgaptmp_003561",626.338752183902,-0.94313934727096,0.185314558493117,-5.08939694182739,3.59204009872267e-07,1.71624817040382e-06
"rpmE",7001.91566843239,-0.755266633192715,0.134746680449803,-5.60508526571139,2.08152468189031e-08,1.18462306819507e-07
"rho",13379.4705905625,-0.407588614452522,0.0780224038560286,-5.22399457474584,1.75103911682112e-07,8.77169258789797e-07
"glpX",20549.4267985296,-0.106149592921493,0.079304956439858,-1.33849884908509,0.180733875270245,0.267684633408616
"pgaptmp_003565",19626.2548516331,-0.558805799544245,0.0828820595899427,-6.7421804225055,1.56027158090519e-11,1.43956648420487e-10
"fsa",56498.5001578139,-0.050954937156863,0.0699157883750707,-0.728804442331536,0.46612129380914,0.573142866058017
"pgaptmp_003567",128857.244163382,-0.592902396097421,0.0909735847565996,-6.51730277182916,7.15828474750441e-11,5.92069685115809e-10
"spo0F",1458.3848523033,-0.855690027883197,0.196684435820699,-4.35057316209433,1.35782140074002e-05,5.0087326596178e-05
"pgaptmp_003569",6853.06091165715,1.20334608726724,0.109337885847021,11.0057559458475,3.58496565864949e-28,1.55153978854574e-26
"pyrG",10146.8004115747,-0.0418242310222099,0.0841888755692967,-0.496790469517364,0.619336816661579,0.707324833266155
"rpoE",1624.03703198956,0.148399575101621,0.126207506943042,1.17583794099185,0.239659641777914,0.33635489694472
"pgaptmp_003572",12569.8829528198,3.54046089574329,0.137289438376148,25.7882976113798,1.19969397526336e-146,5.58157621991277e-144
"uvsE",26.9171417152278,-0.0173872055771411,0.690071282568553,-0.0251962456870009,0.979898431514775,0.987058717753178
"pgaptmp_003575",7.42185109133692,1.17220370847696,1.53109676207943,0.765597405408231,0.443915888775394,0.549835253917476
"pgaptmp_003576",1443.85554496313,-0.129773536316873,0.126939664984091,-1.02232455342573,0.306627315902486,0.410823207267477
"pgaptmp_003578",4416.57406597252,-1.05010194688678,0.122527128394802,-8.57036283020679,1.03159495559002e-17,1.9997898045344e-16
"narI",77892.9564079548,0.454945123708689,0.120038245958778,3.79000142891891,0.000150646418151181,0.0004660897492591
"narJ",42600.9731569968,0.630870284530857,0.104220807367969,6.05320857190696,1.41988830443816e-09,9.60877139839788e-09
"narH",138492.268221311,0.320010669154382,0.0996505294959662,3.21132934037582,0.00132122420281922,0.00335467366742779
"pgaptmp_003582",175758.422840076,0.240476103011059,0.0968679093725124,2.48251567076039,0.0130458329527146,0.0268565211559755
"pgaptmp_003583",2416.78983408912,-1.77537895810161,0.455637968237942,-3.89646842858029,9.76055243323526e-05,0.000311567548512021
"pgaptmp_003584",6953.45880302607,-0.602234823556552,0.363849776142916,-1.65517436877576,0.0978891328482474,0.160787004616583
"fnr",11456.8571714513,-0.0739565061146151,0.0788138624189791,-0.938369264552193,0.348054675407733,0.453592262558677
"narK",31994.13589493,-0.24227005754916,0.0863133851116981,-2.80686543849066,0.00500261339745931,0.0112370109024403
"argS",14258.1370963229,0.121275186513046,0.0960320597286227,1.26286145330796,0.206638974938064,0.299614438924609
"pgaptmp_003588",519.222833652427,-0.179185991486788,0.18986102008094,-0.943774511536903,0.345284888178992,0.451006509461838
"pgaptmp_003589",16.727421787981,-0.548848425571857,0.980044357522699,-0.56002406560373,0.57546302286306,0.670904684758336
"pgaptmp_003590",175.109568514812,-1.0166277372562,0.316167824238712,-3.21546868250779,0.00130231703970823,0.00331547470710947
"pgaptmp_003591",7657.60648537975,-0.342623630051694,0.0996331628816563,-3.43885128346934,0.000584188060742454,0.00162385956839687
"pgaptmp_003592",696.29113564718,-0.290807186685027,0.155840673211032,-1.86605448175413,0.0620337434434693,0.107490499579419
"speB",2855.66339965469,0.0238891998018793,0.0949832123611455,0.251509705852521,0.8014200591366,0.859670452244329
"speE",1865.7986810287,-0.575733148220869,0.157489767915039,-3.65568605403914,0.000256495101614891,0.000762519782915835
"pgaptmp_003595",269.683180426224,-0.151751240867036,0.229001267918976,-0.662665505069291,0.507544806901703,0.609971511555743
"pgaptmp_003596",415.479658669723,-0.606324366238358,0.175664364704666,-3.4516070875145,0.000557258571696653,0.00155597629696545
"pgaptmp_003597",2226.23052416327,-0.0474922946020835,0.100834711892652,-0.470991523758639,0.637646787922922,0.722692248675127
"pgaptmp_003598",4717.20663615756,-0.453270374000489,0.0833914956639082,-5.43545082615257,5.46580579798388e-08,2.95264574457126e-07
"pgaptmp_003599",4342.15808732036,0.643891377375999,0.114515092194044,5.62276434520032,1.87925681500764e-08,1.07774943997819e-07
"pgaptmp_003600",950.331333244943,-0.0942826967136545,0.133420580517378,-0.706657821065126,0.479779147196204,0.584296835309569
"pgaptmp_003601",25750.6983238949,0.0433484593464423,0.0834950090014312,0.519174258017018,0.603639228405444,0.694914198616787
"pgaptmp_003602",1343.1771536898,0.197034669747073,0.153353565935672,1.28483917895802,0.19884848824097,0.290354677611962
"pgaptmp_003603",5807.24828768808,-0.23622556623247,0.0892199249449498,-2.64767725794687,0.00810468583434274,0.0174722752796557
"pgaptmp_003604",155.401506657797,-0.628561922209,0.304055673629767,-2.06725931045893,0.038709726148961,0.0706262748658984
"pgaptmp_003605",28.7470959948923,-1.20215523710862,0.640129405786526,-1.87798783533703,0.060382829235154,0.104922918026724
"pgaptmp_003606",52.8912786769284,-0.582194875220567,0.513731176610124,-1.13326755651118,0.257101911810504,0.357064670059215
"pgaptmp_003607",374.754100092693,0.0777175729305224,0.215820640352314,0.360102596320969,0.718770411276052,0.793611234283437
"pgaptmp_003608",525.926426125404,0.136902862691848,0.177813041059155,0.769925883255676,0.441343859215077,0.547013601065107
"pgaptmp_003609",509.001595162034,-0.241827174305715,0.208257231002135,-1.16119461082836,0.24556276589128,0.343732461319046
"pgaptmp_003610",114.773642397236,-0.692314631848784,0.328605930503594,-2.10682330287771,0.0351328987787269,0.0647991324352932
"pgaptmp_003611",85.6775206376924,-0.943109061796289,0.437262626850675,-2.15684809056037,0.0310175026550749,0.0578972642337958
"pgaptmp_003612",166.829664791058,-0.726164075552258,0.317339725271905,-2.28828607868133,0.0221208666887979,0.0429269373387412
"pgaptmp_003613",723.254035272658,0.845163481313972,0.219034696500979,3.85858265752062,0.000114046496869423,0.000359121033289333
"pgaptmp_003614",2941.04097804648,0.104245026870174,0.115640730920848,0.901455966596462,0.367345935926044,0.473592509011685
"pgaptmp_003615",695.583047976094,-0.662619099096674,0.185333702151141,-3.57527579390986,0.000349858890323432,0.00101257759703251
"pgaptmp_003616",357.478635444382,0.759341437509071,0.247464865297811,3.06848180890342,0.00215149426919723,0.00523731960101509
"pta",6870.14536923312,-0.522022856294925,0.0869802544313187,-6.0016248481674,1.9535264592412e-09,1.30072012187759e-08
"hemQ",11062.4131452368,0.0605557832504525,0.108230748676251,0.559506277015528,0.575816248532984,0.671004407338687
"pgaptmp_003619",329.171025671794,0.16574050599193,0.2295557967835,0.722005317723447,0.470291208111328,0.575797327825778
"pgaptmp_003620",19.2011720292006,0.425025008753179,0.851101208659697,0.499382452320215,0.617509978815312,0.706322108528147
"pgaptmp_003621",299.3003535115,0.194167224656293,0.273118507561205,0.710926646422087,0.477129692744387,0.581682514377534
"pgaptmp_003622",1970.31299167395,0.239288603680057,0.139684403594263,1.71306600825037,0.0867003966596068,0.144384284727989
"pgaptmp_003623",1972.36514514551,0.482274391507487,0.132407234567859,3.64235680234164,0.000270153265054548,0.000798658024251809
"pgaptmp_003624",5686.23615534679,1.2392131641671,0.121654603967434,10.1863236059592,2.28232561139516e-24,7.19899654712947e-23
"pgaptmp_003626",18194.3710255931,1.705673416139,0.0960313133349235,17.7616379168971,1.4008628564974e-70,2.60700577594166e-68
"pgaptmp_003627",197.815568650331,0.727265342335665,0.254383717059208,2.85893040145488,0.00425072034475064,0.00969435117840802
"rfbD",315.535085686002,0.736265601813145,0.247577686122257,2.97387706196417,0.00294062865215913,0.00695805457300462
"rfbB",244.355123644538,0.00694856370422,0.234839462105396,0.0295885693227379,0.976395181682623,0.985129538146577
"pgaptmp_003630",89.0295038863302,0.0922600810644884,0.365011463833779,0.252759406774419,0.800454137983953,0.859328036220442
"pgaptmp_003631",106.639893402258,0.266254270092881,0.337916772400386,0.787928542882166,0.430738504461904,0.536957498826876
"pgaptmp_003632",83.5098435940155,0.688021575514736,0.395139679676588,1.74121104738928,0.0816465914988692,0.136517795848514
"pgaptmp_003633",116.179028446693,0.848062014696162,0.371892581578433,2.28039508370054,0.0225842669420118,0.0437236305236742
"pgaptmp_003634",71.4325992143689,0.539065321493837,0.432218902227144,1.24720441127432,0.212322555853486,0.306304090266154
"pgaptmp_003635",77.6044499340401,-0.0284291767227587,0.495287163389277,-0.057399381256353,0.95422705587725,0.97171904294805
"pgaptmp_003636",54.4027418535029,0.698219320838185,0.464422384933919,1.50341444230241,0.132732204627823,0.206103156289011
"pgaptmp_003637",11.3838779458255,0.40434315393525,1.18497745086602,0.341224344513681,0.732934697623451,0.805427500606579
"gerQ",12.3307126799979,-0.480061374523705,0.905205559040502,-0.530334098955998,0.595880308654064,0.688350871759908
"pgaptmp_003639",2342.56611765797,0.0891388174611171,0.153241955633415,0.581686765172555,0.560777687797661,0.658219663823051
"pgaptmp_003640",4417.24169788848,0.707979772511041,0.105949555978085,6.68223444614985,2.35326141580102e-11,2.12078425898581e-10
"pgaptmp_003641",279.673893465608,0.641616068459852,0.265915449604581,2.41285743048756,0.0158280095134081,0.0319132456169583
"pgaptmp_003642",1891.47401745892,0.152306440786255,0.127728195987998,1.19242614841727,0.233094192403602,0.329376075978058
"pgaptmp_003643",996.492626580157,-0.408469476903158,0.152181084314174,-2.68410150147099,0.00727250233781042,0.0157556773581667
"pgaptmp_003644",2251.10571483477,0.111694057054217,0.131192668442189,0.851374229829282,0.394561502296826,0.501728018978062
"pgaptmp_003645",123.980202490996,-0.155315901169694,0.310135293919323,-0.500800470681345,0.616511554346627,0.705830822909304
"pgaptmp_003646",1218.00284500203,0.224385531166311,0.128189505545723,1.75042044363199,0.0800457909147564,0.13426337709992
"pgaptmp_003647",1433.15265809983,-0.0423340559188171,0.108852961671974,-0.38891046480104,0.697342380615146,0.774547400969732
"pgaptmp_003648",985.446868697416,-0.776444646027268,0.163074701021885,-4.76128204535582,1.92366978795568e-06,8.10860583326279e-06
"pgaptmp_003649",20.0762131339925,1.10391185370846,0.762714834297187,1.44734546132916,0.147800192474706,0.225179007937313
"pgaptmp_003650",8278.23332603463,0.429071309206521,0.0954218521835333,4.49657284351649,6.90575276572668e-06,2.68020978039986e-05
"pgaptmp_003651",2647.96343761731,0.287653824759389,0.124104264566708,2.31783996918794,0.0204580199749498,0.039991990728342
"pgaptmp_003653",11915.6481795936,-0.646467537098408,0.0876788572688589,-7.37312913552325,1.66668899225944e-13,2.02065681732562e-12
"pgaptmp_003654",188.767341397801,0.266269482142019,0.376526348269682,0.707173570629664,0.479458620666503,0.584139111659811
"ywcE",99.762570963529,1.07733020635334,0.350389810346679,3.07466191807182,0.00210741293513775,0.00513673277313863
"qoxD",36286.4842579075,1.03618430873573,0.139271751182,7.44001780649434,1.00671729334227e-13,1.26587897493917e-12
"qoxC",92731.9282311238,0.989582799818652,0.11309383187543,8.7501040809074,2.13156059560133e-18,4.4075936315712e-17
"qoxB",216198.859357058,0.620580902993494,0.106108513781059,5.84854957326026,4.95877862621134e-09,3.11240709051579e-08
"qoxA",86053.33632007,0.0238301630556156,0.0826761710578121,0.288234962392637,0.773166887749226,0.837690629797935
"pgaptmp_003660",4.09790514244772,5.06940293597385,2.34569118332077,2.16115530126909,0.0306833449266499,0.0573886481492417
"pgaptmp_003662",4830.45303175685,0.367427649847838,0.114788303036263,3.20091542543114,0.00136991735346178,0.00346152911716548
"pgaptmp_003663",575.733553129059,0.188989777896258,0.178550165062766,1.05846879407713,0.289841770381029,0.393288760247244
"pgaptmp_003664",379.65588797424,-0.475989846416457,0.192991087892121,-2.46638252374911,0.0136485490634521,0.0279297609469298
"pgaptmp_003665",1087.61172193324,-0.379006559159737,0.122428328132482,-3.09574234118111,0.0019632087351563,0.0048041176280419
"pgaptmp_003666",2400.00791513268,-0.0831491815480235,0.101871168181414,-0.816218985532297,0.414374900088299,0.520345269274173
"pgaptmp_003667",1248.11020278889,-0.127878230219962,0.168982843489239,-0.756752742346332,0.449198009994501,0.55582280359027
"pgaptmp_003668",599.904867360365,0.29489684564475,0.179840004775955,1.63977334193319,0.101052302949721,0.164891131775037
"efeB",9901.18382450878,0.650946011246958,0.0923870313394718,7.04585916236541,1.84320615543904e-12,1.91631656719109e-11
"efeO",9459.66507588839,0.50237274451624,0.0897862767535093,5.59520633532234,2.20359540836097e-08,1.24647144527652e-07
"pgaptmp_003671",10030.3619374448,-0.0265292152705912,0.0867939532612286,-0.305657413607429,0.759865501354843,0.827790035608037
"thiE",3712.30470141401,1.10896801658135,0.1411910111741,7.85438114905139,4.01750826916364e-15,5.93379594358218e-14
"thiM",5144.01239244831,0.701237034495469,0.120437958246314,5.82239224830875,5.80112007122744e-09,3.61066369650644e-08
"pgaptmp_003674",3348.48805308945,0.611418113779969,0.0972289821483785,6.28843478837308,3.20682721832157e-10,2.42597782654327e-09
"pgaptmp_003675",480.293165304522,-1.53021958827252,0.311020816117283,-4.91999091049742,8.65482315473419e-07,3.86713706865794e-06
"pgaptmp_003676",1171.87172279952,-1.0795886002227,0.150098303513429,-7.19254365274095,6.35952246458693e-13,7.11122309098996e-12
"pgaptmp_003677",56.0244346074756,-0.168046462488611,0.513529026287898,-0.327238488743964,0.743487512153958,0.81447163569159
"pgaptmp_003678",3454.49510739396,0.259335873362956,0.0941102039715103,2.75566157992245,0.00585735657927165,0.0129383271145692
"pgaptmp_003679",2660.70016442312,0.807981508620645,0.0960653993943134,8.41074428165521,4.07417097995809e-17,7.582032193702e-16
"celB",33496.3780219425,0.598441788885563,0.124720915072071,4.79824725900822,1.60060113720287e-06,6.80072766286423e-06
"pgaptmp_003681",21238.3105576598,0.736429392746875,0.113839406189008,6.46901997647614,9.86405567934655e-11,8.03370136510456e-10
"pgaptmp_003682",647.260512757474,-0.254092413491439,0.156933172455145,-1.61911219607865,0.10542312516289,0.170824933328811
"pgaptmp_003683",5619.02717172422,0.496413894100921,0.127431645298778,3.89553076033053,9.79839252392841e-05,0.000312507429083646
"pgaptmp_003684",10003.163796081,0.0351945115304151,0.0835687274460127,0.421144519080437,0.673649554606252,0.754990557736968
"pgaptmp_003685",5236.54098825423,-0.360769832842017,0.136492717748655,-2.64314344964804,0.00821402267124413,0.0176516122300061
"dltA",111003.928057519,0.0859738267669034,0.0744783438187725,1.15434665110307,0.248358077681277,0.347123081160238
"dltB",78395.7540986368,0.0129820369004992,0.0746476502464505,0.173910857979304,0.861935519233458,0.905226863032429
"dltC",16222.5824760174,0.282654334644836,0.0945183528523885,2.99047038077635,0.00278548141855139,0.00662476543134181
"dltD",80638.0263046397,0.450828266298754,0.0917281942055899,4.91482766234682,8.88605916313376e-07,3.9609475694831e-06
"pgaptmp_003690",3321.35750931723,-1.19735753022361,0.130032961281626,-9.20810783990656,3.3192413027192e-20,8.07465106452344e-19
"pgaptmp_003691",154.632356570164,-0.274109652609807,0.271576076984819,-1.00932915613598,0.312816801694638,0.416954204127568
"pgaptmp_003692",184.482628777742,0.107952088233812,0.265342449447684,0.406840625985463,0.684125046284741,0.762917785467473
"pgaptmp_003693",188.191257187313,0.496110959088517,0.290561044347344,1.70742420135114,0.0877432352693426,0.145599786746542
"pgaptmp_003695",276.759346417413,-0.00755632959237461,0.222324613920835,-0.0339878228465754,0.972886861052836,0.983723145025443
"licH",39333.2627836066,0.974928343027887,0.123997771537702,7.86246664708372,3.76641874628904e-15,5.60744422947512e-14
"licA",8006.75783014963,0.935059985664121,0.104898326012429,8.91396480009916,4.92394621106118e-19,1.05935998829883e-17
"licB",6303.67971423008,0.529550606010494,0.110519164872189,4.79148215264655,1.65553749312854e-06,7.01812135469753e-06
"licR",4513.97537408071,0.270445338064213,0.0952512532911279,2.83928377548606,0.00452149268810898,0.0102490839129973
"pgaptmp_003702",8.54957980485204,-0.298479937341149,1.22708858705201,-0.243242370999656,0.807817645009103,0.864143286955155
"pgaptmp_003703",41.6001546971981,-0.242074892697317,0.703011031022282,-0.34434010565283,0.73059052636319,0.803325831351195
"pgaptmp_003704",1154.20358758571,-0.430278147373075,0.169471941424343,-2.53893443219426,0.0111190659655247,0.0232370373518713
"pgaptmp_003705",2376.8996645977,-0.0603854863978184,0.133686072581521,-0.451696165739297,0.651487880832267,0.734354298139824
"pgaptmp_003706",2373.7893211953,0.00439398171631783,0.103590225682526,0.0424169528289677,0.966166314108248,0.980122927530907
"pgaptmp_003707",101.287767797113,0.76224263576287,0.468572174737737,1.62673474196265,0.103793446706781,0.168551138151239
"pgaptmp_003708",1239.99211365322,0.462983523411895,0.139992390297916,3.30720493040105,0.000942319279277211,0.00249453225993583
"katX",1885.25399800108,0.809634057278325,0.121628267331274,6.65662740284837,2.80182271406229e-11,2.48294860517615e-10
"pgaptmp_003710",505.835490687099,0.0655882115358721,0.191931938825062,0.341726405398599,0.732556798489254,0.805249971641171
"pgaptmp_003711",935.437660124916,-0.946391924253598,0.151906450465186,-6.23009701928684,4.66146404325485e-10,3.42884766185663e-09
"pgaptmp_003712",189.170194373805,0.409053160712277,0.270745012202123,1.51084283099147,0.130828499267603,0.203486700490605
"cydC",43859.1525034112,0.174446528310716,0.118699585869565,1.46964732044146,0.14165729711024,0.217153401912814
"cydD",44818.0972444487,-0.0858643039809351,0.0909907384449344,-0.943659821300365,0.345343512081203,0.451006509461838
"cydB",29018.2919150856,-0.380494847724125,0.111240539022843,-3.42046929173898,0.000625131929618227,0.00172555727687134
"pgaptmp_003716",14968.7938189778,-1.06646264524915,0.122122086693628,-8.73275812854901,2.48536203988671e-18,5.08270192992215e-17
"pgaptmp_003717",8255.32222363976,0.122163935002671,0.111680088991514,1.09387390452343,0.274010285183646,0.376056888441567
"pgaptmp_003718",3639.58381581089,-0.714841707834155,0.112640881755542,-6.34620127872874,2.20696452488901e-10,1.71488976234591e-09
"pgaptmp_003719",8816.64383752056,1.17544550055878,0.126625017648251,9.28288518643312,1.64950221757511e-20,4.12043439853326e-19
"pgaptmp_003720",792.653663737579,0.499410325896882,0.160661921019793,3.10845483937266,0.0018806838590247,0.00462039955332669
"pgaptmp_003721",217.25002829477,-0.105870892599198,0.33287968021011,-0.3180455248346,0.750450404530489,0.820316125011007
"pgaptmp_003722",18283.7805254059,-0.788124773883214,0.152779832506454,-5.15856550536485,2.48849046295101e-07,1.2171040082922e-06
"pepT",30087.2480252946,0.28459253490362,0.0826618188511579,3.44285353091566,0.000575610971715999,0.0016012137793176
"pgaptmp_003725",8770.95716876082,-0.497209515503447,0.0925189837028316,-5.37413507589394,7.69511574402116e-08,4.06835522716573e-07
"pgaptmp_003726",4466.33354878769,-0.12924309838054,0.104599019253395,-1.23560526000195,0.216605328553054,0.31103589231268
"pgaptmp_003727",24751.7399091564,-0.210645255450697,0.0791606039861566,-2.6609859556849,0.00779122068460957,0.0168304836843394
"pgaptmp_003728",12.3559413635741,1.32649074123518,1.59141459781503,0.833529328596347,0.40454626416767,0.510566596312793
"pgaptmp_003729",2953.93064974009,-0.272574277130049,0.112998673032499,-2.41219007104318,0.0158570125957122,0.0319488325215682
"pgaptmp_003730",1385.13250031656,1.34972826107025,0.14936920227626,9.03618845452431,1.62229883757115e-19,3.68182699599989e-18
"pgaptmp_003731",103.797300263549,0.0434944921831926,0.389967257377384,0.111533702792646,0.911193141351811,0.943645206486211
"pgaptmp_003732",423.680893313066,1.23491975757972,0.227177085222765,5.43593451059902,5.45099747003114e-08,2.95264574457126e-07
"citH",59.7487420502129,0.814035283991066,0.551346023587619,1.47645081158675,0.139822910758549,0.214961120959653
"pgaptmp_003734",486.470627936797,1.51681324815713,0.250891356081236,6.04569751564497,1.4876497372511e-09,9.97663481450195e-09
"licT",2186.22228492217,0.265213040166991,0.135410459461392,1.95858607394067,0.0501612817965611,0.0892448809019122
"pgaptmp_003736",90.7325620134814,0.473826432660411,0.430855234283474,1.09973465553552,0.271447750503867,0.372814954751067
"pgaptmp_003737",11851.7808453399,0.0991554538057206,0.0889411027424207,1.11484398943064,0.264917282127075,0.366142637978824
"pgaptmp_003738",1518.78805897355,0.001241973590719,0.185135438140601,0.00670845951046812,0.994647463876936,0.99571755259547
"pgaptmp_003739",1559.52687273569,-0.0380958883873882,0.17077651736029,-0.223074512680316,0.823477514498393,0.87604269723649
"pgaptmp_003740",831.808814691928,-0.330155460437946,0.277531137913206,-1.18961592173198,0.234197385051455,0.330433156619226
"pgaptmp_003741",1426.6290999096,-0.493128843714585,0.155418435034624,-3.17291088154842,0.00150918842058734,0.00376993241706449
"pgaptmp_003742",2915.6348715395,-0.57661331882799,0.118561253093578,-4.86342125932899,1.15373935001669e-06,5.01075596354972e-06
"pgaptmp_003743",5081.64200587414,-0.416009546764353,0.101997264215811,-4.07863436301723,4.53010182342942e-05,0.000153561375107507
"pgaptmp_003744",4324.97150636413,-0.405881683086833,0.412111125523582,-0.984884071186298,0.324681018451132,0.4289892618655
"pgaptmp_003745",22204.601463006,-0.258739752929243,0.0790113073328496,-3.27471803294248,0.00105767484952728,0.00275676876046255
"pgaptmp_003746",16161.8889620312,-0.309137439294368,0.0943545684928185,-3.27633779934987,0.00105162698420154,0.00274484967405199
"pgaptmp_003747",20115.6637586016,-0.282844916647768,0.101044299618669,-2.79921695449617,0.00512267057670296,0.011472069727129
"pgaptmp_003748",391733.667772097,0.353323897278,0.0825778433161275,4.27867673808569,1.88007674998055e-05,6.75448423110772e-05
"pgaptmp_003749",968.597400744904,-1.11557351352406,0.191122306559228,-5.8369613343817,5.3161426510135e-09,3.33109140523102e-08
"pgaptmp_003750",1360.76613313815,-0.0333552484963247,0.131703123795169,-0.253260875939438,0.800066627194662,0.859159834511982
"pgaptmp_003751",18169.1254552011,1.94204197210421,0.119259738558529,16.2841374262372,1.27920090988919e-59,2.0700807767859e-57
"pgaptmp_003752",3362.27457435778,0.979327812599852,0.118054659201017,8.29554563308092,1.08087923487282e-16,1.92489593885007e-15
"pgaptmp_003753",3489.28819834165,0.797412446227811,0.128544360216186,6.20340281663641,5.5255167146189e-10,4.02465229193964e-09
"pgaptmp_003754",25.3073609937778,-1.31658732060088,0.700572296569609,-1.87930257454887,0.0602031903695355,0.104659633141248
"pgaptmp_003755",91.4093798827794,1.12625938733548,0.400629904641525,2.81122146471624,0.0049353802061817,0.0111060974168128
"pgaptmp_003756",37793.5443084212,1.38248618200783,0.111399756118501,12.4101365225361,2.30259833496434e-35,1.38230177463505e-33
"pgaptmp_003757",34497.8374080588,0.768302390687359,0.108641004943941,7.0719374428081,1.52785300344869e-12,1.61553093148751e-11
"deoC",16203.0232619134,0.902865143480516,0.111361600588598,8.10750868080604,5.16681780248565e-16,8.58522136645161e-15
"pgaptmp_003759",4887.76787550329,0.240003768430212,0.0914085954982972,2.62561487923401,0.00864926167827455,0.0184590320909047
"yidA",3883.1420791407,0.33189355476207,0.103953901326835,3.19269936506359,0.00140949608598815,0.00355189196482593
"pgaptmp_003761",417.434058667105,-1.12728879568711,0.182707343971366,-6.16991507393253,6.83266819927159e-10,4.90949633932218e-09
"pgaptmp_003762",287.248661595026,-1.08768894219773,0.248271690726232,-4.38104295747968,1.18112579865805e-05,4.40937835767831e-05
"pgaptmp_003763",13.0270444424546,-1.20666916884763,1.05637138254609,-1.14227741188832,0.253338727271636,0.352627802133519
"pgaptmp_003764",10.2761780334092,1.39773967679505,1.21139520994023,1.1538263197062,0.248571381334711,0.347290796294216
"pgaptmp_003765",972.455401558012,-1.34974394995505,0.194084100748657,-6.95442823368098,3.53994787628404e-12,3.56099621500789e-11
"pgaptmp_003766",1470.68125187287,0.176785485237316,0.14709326230429,1.20185984366573,0.229417834882943,0.325540671534241
"pgaptmp_003767",44.3723945976456,0.653778728025308,0.501124445596014,1.30462349975311,0.192021082273119,0.28171165479722
"yxdM",244.497583673819,-0.298428154418256,0.295878004220813,-1.00861892456034,0.313157427803375,0.417020374341381
"yxdL",112.612430156929,-0.357580839501642,0.342448585677232,-1.04418839632374,0.296398234457046,0.40116153769059
"yxdK",2634.32271091355,-0.320906310790118,0.118817271878863,-2.70083890764038,0.00691648299104501,0.0150550412247587
"yxdJ",2551.53317511752,-0.205669259539717,0.0970275030834462,-2.11970063130282,0.0340312997330648,0.0629232476932277
"fba",6998.70222343141,1.90965765691491,0.137374144559654,13.9011432102906,6.23376706588908e-44,5.15601800427537e-42
"iolI",7557.41671724984,1.84877029691365,0.1157979308684,15.965486456012,2.22301717272908e-57,2.95728343748101e-55
"pgaptmp_003774",7391.5579713266,1.9117791372401,0.146130361345742,13.0826962968828,4.13507720237678e-39,2.85014024949007e-37
"pgaptmp_003775",7737.70769800906,1.72443660584018,0.12311031499462,14.0072471256006,1.40756108039662e-44,1.21835868400843e-42
"pgaptmp_003776",1021.34190789629,1.84308623912847,0.181392163577287,10.1607820469222,2.96687019344166e-24,9.20224238332488e-23
"iolE",7518.37455610099,1.83126185797503,0.112839943304624,16.2288441871274,3.15341396880508e-59,4.89041949662188e-57
"iolD",23364.4729985027,1.69525898532891,0.113466155935661,14.9406576026968,1.79198076155385e-50,2.02113708924347e-48
"iolC",11875.8982425377,1.48388607496741,0.138427881832612,10.7195606500845,8.23937801928227e-27,3.19447551955923e-25
"iolB",10477.0659935633,1.07789068979399,0.0971225984809007,11.0982480560995,1.27926895698231e-28,5.8066329974246e-27
"iolA",34862.7949052754,1.20613566998065,0.108424489584292,11.1241996582605,9.56605205758092e-29,4.39565997016249e-27
"pgaptmp_003782",8642.27022455194,0.639673518716011,0.100061735884579,6.39278854260405,1.6288745282777e-10,1.29821648699135e-09
"pgaptmp_003783",32649.1810144255,1.17718367681601,0.112973888854368,10.4199624245341,2.0103260542674e-25,6.99292857381614e-24
"pgaptmp_003784",499.355876764217,-0.640767755366015,0.18464058849722,-3.47035156560748,0.000519777543226931,0.00145678615654415
"htpG",23347.9005579138,0.876755563428924,0.11144500417884,7.86715896229822,3.62785551650796e-15,5.42284266363158e-14
"pgaptmp_003786",63.6368091763285,0.39451617608141,0.500761005097894,0.787833261905619,0.430794242379564,0.536957498826876
"pgaptmp_003787",10296.0443085815,0.314503493364114,0.0968726448789853,3.24656660047835,0.00116806114877777,0.00301075041256985
"pgaptmp_003788",28252.8272912703,-0.259596928102974,0.0743564057433395,-3.49125170195882,0.000480763100351811,0.00135458006018883
"pgaptmp_003789",45091.6111544041,-0.299320993711215,0.0758236429645065,-3.94759447064987,7.89403719901612e-05,0.00025616047475796
"pgaptmp_003790",7343.55539348895,1.12015719586868,0.142837713435742,7.84216695244564,4.42837044606955e-15,6.46368423540034e-14
"pgaptmp_003791",334.320618145751,1.30315708289304,0.268413045742496,4.85504376021734,1.203601613348e-06,5.21513993583384e-06
"pgaptmp_003792",51953.5877416478,0.186652755128763,0.0756705186610874,2.46665092867596,0.0136383238861323,0.0279297609469298
"pgaptmp_003793",935.265081293227,-0.639876252509858,0.140099124400108,-4.56731086114742,4.9402109865414e-06,1.97290400127758e-05
"pgaptmp_003794",28.9802206142829,-1.5504923469427,0.625775136888943,-2.47771484602442,0.0132226774409164,0.0271754861596304
"pgaptmp_003795",67.486481800251,-0.667032722052862,0.433509075837409,-1.53868225426274,0.123881886678345,0.194552060007088
"pgaptmp_003796",785.374353465693,-0.667692135407096,0.152987991191546,-4.36434343772201,1.27505128010136e-05,4.73154622585969e-05
"pgaptmp_003797",3087.0649151642,1.65022502957991,0.182339887867246,9.05026897231268,1.42616603870275e-19,3.25655827978629e-18
"ahpC",212739.77247786,0.907652433380264,0.0823861581699121,11.0170501154858,3.16253784781867e-28,1.38481951406836e-26
"ahpF",478494.679781159,1.10007494756751,0.123785276775073,8.88696116555465,6.28029483499532e-19,1.33572899290586e-17
"pgaptmp_003800",1420.31224924421,-0.845766982519277,0.149314480941475,-5.66433327287783,1.47597293487307e-08,8.63769066603391e-08
"fbp",6995.72944604558,0.429446015173454,0.0899621882932675,4.77362793547778,1.80936518081289e-06,7.63543900565258e-06
"pgaptmp_003802",63.417504696171,-1.23097714168531,0.487563390876791,-2.52475301615986,0.0115779627512961,0.0240365910885952
"pgaptmp_003803",70.157911018595,-0.538564390766878,0.542875305973961,-0.992059106097396,0.321168693544767,0.425254314256002
"pgaptmp_003804",194.482218016099,-0.0294638894852694,0.273293234980156,-0.107810533573613,0.914145987012558,0.94476437804406
"pgaptmp_003805",14.9354984074203,-3.54294603706015,1.23866245884408,-2.86029984340238,0.00423240629553073,0.00965850167502476
"pgaptmp_003806",30.3222364119377,-0.116234406623459,0.750368559206321,-0.154903087552606,0.876897719515566,0.916626496505713
"pgaptmp_003807",196.165256645126,-1.44966726001882,0.327931343695695,-4.42064257622183,9.8407830328132e-06,3.72229618375312e-05
"pgaptmp_003808",2.80165497300258,-5.23406635304024,2.52653055927889,-2.07164181482694,0.0382988572955184,0.0700411898042381
"pgaptmp_003809",9903.4521245875,-1.18742970456659,0.14936889391315,-7.94964516010286,1.87046494406035e-15,2.88874295510067e-14
"pgaptmp_003810",6267.54791281445,-1.11002215987912,0.166510914571559,-6.66636275907358,2.62220660801861e-11,2.33489306101562e-10
"rlmH",446.878183745567,-0.192423370823895,0.171928201786239,-1.11920772057593,0.263051532490542,0.364104798783859
"pgaptmp_003812",29.7399254918413,0.15900081554747,0.606686484294175,0.262080695159136,0.793259229768705,0.853993186351807
"pgaptmp_003813",166.859066945796,0.679907091431179,0.367836310938897,1.84839579783661,0.0645451061804691,0.111323857833043
"pgaptmp_003814",255.177256737799,0.170161611514199,0.260615536590202,0.652921977486571,0.513806579621745,0.616302961441229
"pgaptmp_003815",238.444833090427,0.391404857745998,0.331072686157978,1.182232404274,0.237113498315684,0.333824697657291
"pgaptmp_003816",8457.20583521696,0.857756208866269,0.0982164070262361,8.7333291334628,2.47284165196375e-18,5.08270192992215e-17
"pgaptmp_003817",2168.40062234013,0.791730087999198,0.112108289817361,7.06219039902426,1.63898196083721e-12,1.71839179105243e-11
"pgaptmp_003818",6111.47753720294,1.2756689959331,0.0949140784897469,13.4402505532507,3.51245335381368e-41,2.51410603517202e-39
"rocF",41420.5188835105,0.853054378776822,0.0769456409117289,11.0864549137414,1.45958044320955e-28,6.54525109593488e-27
"pgaptmp_003820",47759.8018532263,0.824627460385182,0.138798558729201,5.94118172360888,2.82974707725777e-09,1.82220045355595e-08
"pgaptmp_003821",36883.3820082557,1.32270876833305,0.0971480578694076,13.6153907483268,3.24406001870979e-42,2.5690194446038e-40
"pgaptmp_003822",1906.0247569168,-0.701354619834639,0.148591421084142,-4.72002094547227,2.35820359558595e-06,9.85099189985511e-06
"pgaptmp_003823",361.630432119241,-1.01778760548537,0.198179326571043,-5.13569009994852,2.81110559868822e-07,1.36413755388755e-06
"pgaptmp_003824",3590.81184280677,0.234300364918873,0.0987129498199085,2.37355246040494,0.0176178901394716,0.0350100304853781
"pgaptmp_003825",374.879818114868,0.100632275329776,0.288259174759556,0.349103460154272,0.727011638979345,0.801047164085589
"pgaptmp_003826",28.763754420079,0.74661311741575,0.639834111291889,1.16688545396285,0.24325663093681,0.34088899862455
"pgaptmp_003827",9490.75581875119,0.342587892920062,0.106802085273635,3.20768917612728,0.00133806026300939,0.00339254788754834
"pgaptmp_003828",6601.68031579465,0.181273348642699,0.102242104798247,1.77298138570605,0.076231791373734,0.128568743849655
"pgaptmp_003829",5153.76464033639,0.149845302945466,0.0989135683750618,1.51491150715826,0.129794815854467,0.202471208973314
"yycH",11359.8826628546,0.0587106277403124,0.0853478409446511,0.687898218519515,0.491516878513251,0.59377663804814
"walK",14157.1803540807,-0.0589524149514593,0.0810957424873298,-0.726948334688098,0.467257606105867,0.574160716383637
"walR",6189.97593757237,-0.378033801653715,0.0937700481180476,-4.03149842877127,5.54223671514469e-05,0.000183852094953374
"pgaptmp_003837",6497.91061485305,0.219349324846843,0.0985614413488543,2.22550849343269,0.026047121591784,0.0495387769875421
"pgaptmp_003838",571.986234904407,1.5445352453147,0.170156233986438,9.07715932075581,1.11445410476803e-19,2.57639638381777e-18
"dnaB",4921.21847280176,-0.252605112037152,0.0832281650358899,-3.03509168955272,0.0024046257176514,0.00580792791764991
"pgaptmp_003840",4.95898943921466,-2.44739068165516,1.74380008395358,-1.40348122710625,0.16047338617355,0.242600301924433
"pgaptmp_003841",44.2152945641651,0.413155520594885,0.510135933077572,0.809892998719735,0.41800167608797,0.524545596223676
"pgaptmp_003842",164.334088583484,0.776577969149267,0.329987079451439,2.35335871465098,0.0186046765631438,0.0367746182517373
"pgaptmp_003843",313.079995305232,-0.0399041682151351,0.223379034589935,-0.178638824759847,0.858221307061133,0.903233757481653
"pgaptmp_003844",115.528211624229,0.358684609587379,0.41432496586331,0.865708415229105,0.386650084023222,0.493184240142026
"pgaptmp_003845",73.2205299406872,0.617431682326182,0.406258493288539,1.51980005963262,0.128561234141456,0.200630990974633
"pgaptmp_003846",53.6113889293765,0.452114178729941,0.488913319088288,0.924732792252481,0.355104917486088,0.461004709760453
"pgaptmp_003847",54.8672561025772,0.525706874860378,0.521040412204075,1.00895604745237,0.312995713684155,0.416954204127568
"pgaptmp_003848",49.7429725615735,-0.806982283993597,0.58175635319827,-1.3871482099974,0.165396573931163,0.24822824523056
"rplI",4980.17360918276,0.295199397111033,0.129765730485229,2.27486406470492,0.0229140856358607,0.0442126629013341
"pgaptmp_003850",12838.4878484696,-0.136978614277532,0.0847306063327444,-1.61663677632148,0.10595670856748,0.171540178028778
"pgaptmp_003851",4870.26854431604,-0.830764393365526,0.101316919065531,-8.19966103418717,2.41065795440379e-16,4.05994068157959e-15
"pgaptmp_003852",14.4875971818084,-1.19052429330683,0.962827261761321,-1.23648793567496,0.216277247431252,0.310804600362595
"pgaptmp_003853",11.2538530369736,-0.547352325601409,1.32112107535813,-0.414308980312826,0.67864783790583,0.758992563907902
"pgaptmp_003854",455.654555093673,-0.124082402635434,0.170991339739951,-0.725664836734671,0.46804426316199,0.574374989815051
"pgaptmp_003855",14791.3891116817,0.0432678261515878,0.0772783353411,0.559895939277253,0.575550418708589,0.670904684758336
"pgaptmp_003856",2339.97848164465,-0.518684266601715,0.115401823349865,-4.49459333956288,6.97030243283157e-06,2.70244433906241e-05
"pgaptmp_003857",1055.05303323106,-0.236956312890128,0.147660710404312,-1.60473501882332,0.108552131816165,0.174780627184852
"pgaptmp_003858",98.5453208570976,-0.186373497914692,0.390959925324791,-0.476707421508385,0.63357047737506,0.719386612809632
"pgaptmp_003859",650.032745977364,-0.380887821795932,0.175712526005873,-2.16767597879277,0.0301833483718206,0.0565387129541602
"pgaptmp_003860",1889.16053291821,2.90786975910221,0.18213528594673,15.9654387890147,2.22471618080248e-57,2.95728343748101e-55
"pgaptmp_003861",52.3556668770815,0.130471370647814,0.488380158650986,0.267151251615554,0.7893527079772,0.851092346202532
"pgaptmp_003862",345.55172661232,-0.521232124602569,0.200463464964735,-2.60013526501831,0.00931870209236738,0.0198082291192412
"pgaptmp_003863",410.798458707194,0.0609073692372274,0.196469464184301,0.310009341604823,0.756553852517549,0.825049352203433
"pgaptmp_003864",82.3594052614432,0.606396757849318,0.433370678992764,1.39925654236391,0.161736066404794,0.244112586844542
"pgaptmp_003865",179.729814485154,0.177755850624086,0.276330682994592,0.643272215368009,0.52004748171428,0.622584987758299
"pgaptmp_003866",71.1809594897529,0.0310047191577217,0.419389563427517,0.0739282086667381,0.94106750998889,0.9617389544697
"pgaptmp_003867",857.816482992113,0.0982325636992874,0.143346012620262,0.685282847451886,0.493165453390311,0.595381711812759
"pgaptmp_003868",1340.68407669624,0.157311716914635,0.134003917919145,1.17393371296467,0.24042157759452,0.337297064382512
"pgaptmp_003869",398.063904376389,-0.393032812668219,0.253251085117257,-1.55194917520784,0.12067438517058,0.190479245803604
"pgaptmp_003870",3098.56820559245,-0.277657491951602,0.0936993545607218,-2.96328073179699,0.0030437883108942,0.00719300323374489
"pgaptmp_003871",76.7961063549518,0.283175760863863,0.488305976042454,0.579914591991892,0.561972214958383,0.658790735141765
"pgaptmp_003872",98.0374744601625,-0.104082816321291,0.426631845169595,-0.243964011359527,0.807258692636847,0.864081999451563
"pgaptmp_003873",920.806780507932,-0.157986716807823,0.13421218713479,-1.17714136235003,0.239139088300809,0.335877617605891
"pgaptmp_003874",13.116171591031,-0.47613104745167,0.894766035389899,-0.532129102602999,0.594636582175194,0.687554320862402
"pgaptmp_003875",327.887642706064,0.705080594951451,0.226132408382591,3.11799887505966,0.00182083498565098,0.00448565091174637
"pgaptmp_003876",2007.36726739496,-0.638501467304721,0.106630707172337,-5.98796992195477,2.12476343253768e-09,1.40468374705244e-08
"pgaptmp_003877",1325.89905257265,-0.894986313390273,0.208219278379906,-4.29828746095895,1.7212284097181e-05,6.21981761259298e-05
"pgaptmp_003878",1311.97046265579,-0.935949566816777,0.168768641512238,-5.54575517365239,2.92688134287991e-08,1.63081622128728e-07
"pgaptmp_003879",17.8150277167939,-2.06290144580506,1.03982768449321,-1.98388778887963,0.0472683505037722,0.0846644853585371
"pgaptmp_003880",3313.45908613836,0.643825708040564,0.106369550995431,6.05272563450245,1.42415312975771e-09,9.62014146816367e-09
"pgaptmp_003881",3038.2957403499,-0.657345367018207,0.0919763065022224,-7.14689893535052,8.87601758644106e-13,9.68813415153479e-12
"pgaptmp_003882",774.658241424106,-0.171640011290459,0.157842070625568,-1.08741611542605,0.276852952257456,0.379292503079791
"pgaptmp_003883",484.157583575869,1.14632890970033,0.218910038489978,5.23652966125995,1.63623956685989e-07,8.24097925284507e-07
"pgaptmp_003884",1164.94638855948,0.43696956409704,0.128683421887196,3.39569431468871,0.000684547644223098,0.00186112953381912
"pgaptmp_003885",967.740542091078,0.399022529489008,0.133415994445144,2.99081479059898,0.00278234190005805,0.00662476543134181
"pgaptmp_003886",905.88375991053,0.352710974901967,0.130400254533918,2.70483348489343,0.00683386362397763,0.0149007852422055
"pgaptmp_003887",926.047928626362,0.176548831845355,0.136300660086935,1.29528963199995,0.195220334470599,0.285954382093494
"rpsR",10630.4329852195,0.0605686166073071,0.0871222106862272,0.69521441352592,0.486920940836595,0.589755854797855
"ssbA",57786.056872216,-0.261109512509155,0.0762445903117252,-3.42463001560651,0.000615637192531469,0.00170237862600455
"rpsF",32062.0300188128,-0.372437323506015,0.0764237250458382,-4.87332072969003,1.09737848216305e-06,4.78832674163056e-06
"ychF",5595.16042402202,-0.232534049472884,0.082005517661145,-2.83559028837227,0.00457410838568525,0.0103620398122462
"pgaptmp_003892",3662.40854961381,-0.320591337513223,0.0996163208371347,-3.21826117265831,0.00128970324910945,0.00328560950936712
"pgaptmp_003893",67.6004314603837,-0.275419099356847,0.446633698382106,-0.616655439019783,0.53746201908035,0.637690033476909
"pgaptmp_003894",114.658997349645,-0.421425783042743,0.419955738275061,-1.00350047548754,0.315619447623911,0.419548422877212
"pgaptmp_003895",133.662103516756,0.13626462214962,0.31823832588284,0.428184197398605,0.668517020464484,0.749915717350455
"yyaC",14.4034343756946,-1.07334651514168,1.35134781303877,-0.794278500904995,0.427033317091153,0.533361747051434
"pgaptmp_003897",10962.4279087538,0.958451233532376,0.0995276661476989,9.62999807621367,5.97305971386095e-22,1.63468590110224e-20
"soj",5357.33053417252,1.23278028052103,0.125984627753025,9.78516428954902,1.30383365304626e-22,3.70448004323524e-21
"noc",12165.4227315365,0.521408499464642,0.0856226480872175,6.08960959644137,1.13186359056692e-09,7.74465304582498e-09
"rsmG",9313.60222998253,0.364698365522035,0.10351592193763,3.52311372681173,0.000426508303210656,0.00121458600195108
"mnmG",31277.487083804,0.433402802719787,0.0872132331806254,4.96946147865171,6.71391069359781e-07,3.0736993359866e-06
"mnmE",13307.9352516487,-0.200241240563702,0.0774796825576462,-2.58443547977522,0.00975385521576579,0.0206624070080138
"jag",11775.1009220202,0.10880037769269,0.0881791248895312,1.23385640114928,0.217256418221485,0.311850516243875
"spoIIIJ",7152.94227124949,-0.212592071965882,0.0865065858952835,-2.45752470480369,0.0139898188196933,0.0285628665095439
"rnpA",1008.52919012963,-1.19204309498383,0.208231153894688,-5.7246145578519,1.03668835115362e-08,6.24361495630058e-08
"rpmH",9271.89561813509,-0.12044870611857,0.121297922154791,-0.992998923467649,0.320710479100417,0.424798720004182
